<?xml version='1.0' encoding='UTF-8'?>
<gpx version="1.1" creator="https://www.komoot.de" xmlns="http://www.topografix.com/GPX/1/1" xmlns:xsi="http://www.w3.org/2001/XMLSchema-instance" xsi:schemaLocation="http://www.topografix.com/GPX/1/1 http://www.topografix.com/GPX/1/1/gpx.xsd">
  <metadata>
    <name>Dhünn-Side Story: Von alten Rädern und heiligen Hallen</name>
    <author>
      <link href="https://www.komoot.de">
        <text>komoot</text>
        <type>text/html</type>
      </link>
    </author>
  </metadata>
  <trk>
    <name>Dhünn-Side Story: Von alten Rädern und heiligen Hallen</name>
    <trkseg>
      <trkpt lat="51.027420" lon="7.062195">
        <ele>121.277420</ele>
        <time>2026-04-26T08:32:37.634Z</time>
      </trkpt>
      <trkpt lat="51.027357" lon="7.062323">
        <ele>121.277420</ele>
        <time>2026-04-26T08:32:45.549Z</time>
      </trkpt>
      <trkpt lat="51.027305" lon="7.062463">
        <ele>121.277420</ele>
        <time>2026-04-26T08:32:54.614Z</time>
      </trkpt>
      <trkpt lat="51.027290" lon="7.062616">
        <ele>121.277420</ele>
        <time>2026-04-26T08:33:04.611Z</time>
      </trkpt>
      <trkpt lat="51.027332" lon="7.062755">
        <ele>121.277420</ele>
        <time>2026-04-26T08:33:09.591Z</time>
      </trkpt>
      <trkpt lat="51.027369" lon="7.062902">
        <ele>121.277420</ele>
        <time>2026-04-26T08:33:18.592Z</time>
      </trkpt>
      <trkpt lat="51.027402" lon="7.063037">
        <ele>121.277420</ele>
        <time>2026-04-26T08:33:26.616Z</time>
      </trkpt>
      <trkpt lat="51.027453" lon="7.063164">
        <ele>121.277420</ele>
        <time>2026-04-26T08:33:34.587Z</time>
      </trkpt>
      <trkpt lat="51.027512" lon="7.063280">
        <ele>121.277420</ele>
        <time>2026-04-26T08:33:41.621Z</time>
      </trkpt>
      <trkpt lat="51.027437" lon="7.063374">
        <ele>121.277420</ele>
        <time>2026-04-26T08:33:52.544Z</time>
      </trkpt>
      <trkpt lat="51.027370" lon="7.063497">
        <ele>121.311818</ele>
        <time>2026-04-26T08:34:02.587Z</time>
      </trkpt>
      <trkpt lat="51.027305" lon="7.063615">
        <ele>121.356082</ele>
        <time>2026-04-26T08:34:08.623Z</time>
      </trkpt>
      <trkpt lat="51.027242" lon="7.063720">
        <ele>121.397033</ele>
        <time>2026-04-26T08:34:15.634Z</time>
      </trkpt>
      <trkpt lat="51.027198" lon="7.063849">
        <ele>121.438444</ele>
        <time>2026-04-26T08:34:22.602Z</time>
      </trkpt>
      <trkpt lat="51.027135" lon="7.063952">
        <ele>121.478988</ele>
        <time>2026-04-26T08:34:30.644Z</time>
      </trkpt>
      <trkpt lat="51.027055" lon="7.064037">
        <ele>121.522159</ele>
        <time>2026-04-26T08:34:37.593Z</time>
      </trkpt>
      <trkpt lat="51.027006" lon="7.064176">
        <ele>121.567125</ele>
        <time>2026-04-26T08:34:44.612Z</time>
      </trkpt>
      <trkpt lat="51.026937" lon="7.064275">
        <ele>121.608826</ele>
        <time>2026-04-26T08:34:51.596Z</time>
      </trkpt>
      <trkpt lat="51.026878" lon="7.064390">
        <ele>121.650706</ele>
        <time>2026-04-26T08:34:59.642Z</time>
      </trkpt>
      <trkpt lat="51.026805" lon="7.064488">
        <ele>121.693573</ele>
        <time>2026-04-26T08:35:09.617Z</time>
      </trkpt>
      <trkpt lat="51.026751" lon="7.064614">
        <ele>121.736600</ele>
        <time>2026-04-26T08:35:16.622Z</time>
      </trkpt>
      <trkpt lat="51.026673" lon="7.064708">
        <ele>121.780513</ele>
        <time>2026-04-26T08:35:23.616Z</time>
      </trkpt>
      <trkpt lat="51.026623" lon="7.064831">
        <ele>121.821842</ele>
        <time>2026-04-26T08:35:31.621Z</time>
      </trkpt>
      <trkpt lat="51.026548" lon="7.064914">
        <ele>121.862842</ele>
        <time>2026-04-26T08:35:39.602Z</time>
      </trkpt>
      <trkpt lat="51.026457" lon="7.064946">
        <ele>121.904658</ele>
        <time>2026-04-26T08:35:47.554Z</time>
      </trkpt>
      <trkpt lat="51.026360" lon="7.064987">
        <ele>121.949691</ele>
        <time>2026-04-26T08:35:56.598Z</time>
      </trkpt>
      <trkpt lat="51.026268" lon="7.065042">
        <ele>121.993791</ele>
        <time>2026-04-26T08:36:03.561Z</time>
      </trkpt>
      <trkpt lat="51.026167" lon="7.065110">
        <ele>122.043002</ele>
        <time>2026-04-26T08:36:13.601Z</time>
      </trkpt>
      <trkpt lat="51.026067" lon="7.065165">
        <ele>122.097448</ele>
        <time>2026-04-26T08:36:24.622Z</time>
      </trkpt>
      <trkpt lat="51.025992" lon="7.065257">
        <ele>122.188883</ele>
        <time>2026-04-26T08:36:33.601Z</time>
      </trkpt>
      <trkpt lat="51.025908" lon="7.065333">
        <ele>122.282171</ele>
        <time>2026-04-26T08:36:43.619Z</time>
      </trkpt>
      <trkpt lat="51.025840" lon="7.065430">
        <ele>122.370352</ele>
        <time>2026-04-26T08:36:59.646Z</time>
      </trkpt>
      <trkpt lat="51.025776" lon="7.065559">
        <ele>122.470100</ele>
        <time>2026-04-26T08:37:10.617Z</time>
      </trkpt>
      <trkpt lat="51.025718" lon="7.065675">
        <ele>122.560064</ele>
        <time>2026-04-26T08:37:16.619Z</time>
      </trkpt>
      <trkpt lat="51.025671" lon="7.065806">
        <ele>122.651624</ele>
        <time>2026-04-26T08:37:24.613Z</time>
      </trkpt>
      <trkpt lat="51.025596" lon="7.065903">
        <ele>122.744944</ele>
        <time>2026-04-26T08:37:32.629Z</time>
      </trkpt>
      <trkpt lat="51.025514" lon="7.065977">
        <ele>122.835954</ele>
        <time>2026-04-26T08:37:40.633Z</time>
      </trkpt>
      <trkpt lat="51.025428" lon="7.066082">
        <ele>122.940617</ele>
        <time>2026-04-26T08:37:49.624Z</time>
      </trkpt>
      <trkpt lat="51.025381" lon="7.066216">
        <ele>123.033763</ele>
        <time>2026-04-26T08:37:58.635Z</time>
      </trkpt>
      <trkpt lat="51.025363" lon="7.066361">
        <ele>123.123492</ele>
        <time>2026-04-26T08:38:06.612Z</time>
      </trkpt>
      <trkpt lat="51.025321" lon="7.066488">
        <ele>123.210603</ele>
        <time>2026-04-26T08:38:14.671Z</time>
      </trkpt>
      <trkpt lat="51.025283" lon="7.066627">
        <ele>123.302617</ele>
        <time>2026-04-26T08:38:22.639Z</time>
      </trkpt>
      <trkpt lat="51.025238" lon="7.066768">
        <ele>123.398609</ele>
        <time>2026-04-26T08:38:33.619Z</time>
      </trkpt>
      <trkpt lat="51.025176" lon="7.066881">
        <ele>123.489646</ele>
        <time>2026-04-26T08:38:41.661Z</time>
      </trkpt>
      <trkpt lat="51.025139" lon="7.067018">
        <ele>123.580163</ele>
        <time>2026-04-26T08:38:48.632Z</time>
      </trkpt>
      <trkpt lat="51.025128" lon="7.067161">
        <ele>123.667627</ele>
        <time>2026-04-26T08:38:55.646Z</time>
      </trkpt>
      <trkpt lat="51.025105" lon="7.067304">
        <ele>123.757237</ele>
        <time>2026-04-26T08:39:03.625Z</time>
      </trkpt>
      <trkpt lat="51.025103" lon="7.067453">
        <ele>123.690530</ele>
        <time>2026-04-26T08:39:11.626Z</time>
      </trkpt>
      <trkpt lat="51.025082" lon="7.067593">
        <ele>123.272696</ele>
        <time>2026-04-26T08:39:20.618Z</time>
      </trkpt>
      <trkpt lat="51.025081" lon="7.067744">
        <ele>122.834300</ele>
        <time>2026-04-26T08:39:31.619Z</time>
      </trkpt>
      <trkpt lat="51.025132" lon="7.067863">
        <ele>122.416256</ele>
        <time>2026-04-26T08:39:42.546Z</time>
      </trkpt>
      <trkpt lat="51.025148" lon="7.068013">
        <ele>121.974571</ele>
        <time>2026-04-26T08:40:02.561Z</time>
      </trkpt>
      <trkpt lat="51.025140" lon="7.068164">
        <ele>121.534648</ele>
        <time>2026-04-26T08:40:12.575Z</time>
      </trkpt>
      <trkpt lat="51.025149" lon="7.068312">
        <ele>121.102983</ele>
        <time>2026-04-26T08:40:20.599Z</time>
      </trkpt>
      <trkpt lat="51.025084" lon="7.068445">
        <ele>120.614012</ele>
        <time>2026-04-26T08:40:29.664Z</time>
      </trkpt>
      <trkpt lat="51.025019" lon="7.068549">
        <ele>120.188375</ele>
        <time>2026-04-26T08:40:38.610Z</time>
      </trkpt>
      <trkpt lat="51.024982" lon="7.068687">
        <ele>119.752864</ele>
        <time>2026-04-26T08:40:44.559Z</time>
      </trkpt>
      <trkpt lat="51.024934" lon="7.068809">
        <ele>119.335098</ele>
        <time>2026-04-26T08:40:52.618Z</time>
      </trkpt>
      <trkpt lat="51.024898" lon="7.068945">
        <ele>118.906733</ele>
        <time>2026-04-26T08:41:00.647Z</time>
      </trkpt>
      <trkpt lat="51.024888" lon="7.069110">
        <ele>118.425498</ele>
        <time>2026-04-26T08:41:07.624Z</time>
      </trkpt>
      <trkpt lat="51.024947" lon="7.069234">
        <ele>117.974111</ele>
        <time>2026-04-26T08:41:16.634Z</time>
      </trkpt>
      <trkpt lat="51.025003" lon="7.069361">
        <ele>117.523838</ele>
        <time>2026-04-26T08:41:26.651Z</time>
      </trkpt>
      <trkpt lat="51.025066" lon="7.069490">
        <ele>117.049700</ele>
        <time>2026-04-26T08:41:34.661Z</time>
      </trkpt>
      <trkpt lat="51.025117" lon="7.069619">
        <ele>116.607362</ele>
        <time>2026-04-26T08:41:42.629Z</time>
      </trkpt>
      <trkpt lat="51.025173" lon="7.069738">
        <ele>116.175901</ele>
        <time>2026-04-26T08:41:50.625Z</time>
      </trkpt>
      <trkpt lat="51.025223" lon="7.069860">
        <ele>115.753168</ele>
        <time>2026-04-26T08:41:58.618Z</time>
      </trkpt>
      <trkpt lat="51.025282" lon="7.069984">
        <ele>115.406655</ele>
        <time>2026-04-26T08:42:06.647Z</time>
      </trkpt>
      <trkpt lat="51.025350" lon="7.070098">
        <ele>115.171037</ele>
        <time>2026-04-26T08:42:13.690Z</time>
      </trkpt>
      <trkpt lat="51.025419" lon="7.070214">
        <ele>114.931602</ele>
        <time>2026-04-26T08:42:22.624Z</time>
      </trkpt>
      <trkpt lat="51.025475" lon="7.070328">
        <ele>114.714677</ele>
        <time>2026-04-26T08:42:30.629Z</time>
      </trkpt>
      <trkpt lat="51.025540" lon="7.070438">
        <ele>114.488332</ele>
        <time>2026-04-26T08:42:37.652Z</time>
      </trkpt>
      <trkpt lat="51.025605" lon="7.070547">
        <ele>114.263078</ele>
        <time>2026-04-26T08:42:44.652Z</time>
      </trkpt>
      <trkpt lat="51.025686" lon="7.070618">
        <ele>114.042542</ele>
        <time>2026-04-26T08:42:52.643Z</time>
      </trkpt>
      <trkpt lat="51.025705" lon="7.070761">
        <ele>113.823357</ele>
        <time>2026-04-26T08:43:00.639Z</time>
      </trkpt>
      <trkpt lat="51.025669" lon="7.070901">
        <ele>113.596535</ele>
        <time>2026-04-26T08:43:07.635Z</time>
      </trkpt>
      <trkpt lat="51.025643" lon="7.071053">
        <ele>113.360306</ele>
        <time>2026-04-26T08:43:15.639Z</time>
      </trkpt>
      <trkpt lat="51.025603" lon="7.071191">
        <ele>113.132433</ele>
        <time>2026-04-26T08:43:24.616Z</time>
      </trkpt>
      <trkpt lat="51.025568" lon="7.071341">
        <ele>112.892502</ele>
        <time>2026-04-26T08:43:32.638Z</time>
      </trkpt>
      <trkpt lat="51.025547" lon="7.071489">
        <ele>112.664973</ele>
        <time>2026-04-26T08:43:39.631Z</time>
      </trkpt>
      <trkpt lat="51.025536" lon="7.071640">
        <ele>112.437009</ele>
        <time>2026-04-26T08:43:46.623Z</time>
      </trkpt>
      <trkpt lat="51.025520" lon="7.071786">
        <ele>112.214758</ele>
        <time>2026-04-26T08:43:54.618Z</time>
      </trkpt>
      <trkpt lat="51.025505" lon="7.071945">
        <ele>111.973643</ele>
        <time>2026-04-26T08:44:02.634Z</time>
      </trkpt>
      <trkpt lat="51.025501" lon="7.072103">
        <ele>111.736503</ele>
        <time>2026-04-26T08:44:10.613Z</time>
      </trkpt>
      <trkpt lat="51.025507" lon="7.072388">
        <ele>111.308856</ele>
        <time>2026-04-26T08:44:34.674Z</time>
      </trkpt>
      <trkpt lat="51.025537" lon="7.072536">
        <ele>111.344926</ele>
        <time>2026-04-26T08:44:42.620Z</time>
      </trkpt>
      <trkpt lat="51.025545" lon="7.072697">
        <ele>111.524771</ele>
        <time>2026-04-26T08:44:51.639Z</time>
      </trkpt>
      <trkpt lat="51.025562" lon="7.072854">
        <ele>111.702175</ele>
        <time>2026-04-26T08:44:58.623Z</time>
      </trkpt>
      <trkpt lat="51.025591" lon="7.072991">
        <ele>111.863143</ele>
        <time>2026-04-26T08:45:04.616Z</time>
      </trkpt>
      <trkpt lat="51.025623" lon="7.073126">
        <ele>112.023798</ele>
        <time>2026-04-26T08:45:10.617Z</time>
      </trkpt>
      <trkpt lat="51.025657" lon="7.073262">
        <ele>112.186769</ele>
        <time>2026-04-26T08:45:17.638Z</time>
      </trkpt>
      <trkpt lat="51.025742" lon="7.073508">
        <ele>112.499324</ele>
        <time>2026-04-26T08:46:06.574Z</time>
      </trkpt>
      <trkpt lat="51.025813" lon="7.073628">
        <ele>112.682785</ele>
        <time>2026-04-26T08:46:14.658Z</time>
      </trkpt>
      <trkpt lat="51.025906" lon="7.073641">
        <ele>112.848075</ele>
        <time>2026-04-26T08:46:23.604Z</time>
      </trkpt>
      <trkpt lat="51.025985" lon="7.073571">
        <ele>113.008197</ele>
        <time>2026-04-26T08:46:33.631Z</time>
      </trkpt>
      <trkpt lat="51.026148" lon="7.073397">
        <ele>113.355797</ele>
        <time>2026-04-26T08:49:58.615Z</time>
      </trkpt>
      <trkpt lat="51.026226" lon="7.073491">
        <ele>113.529081</ele>
        <time>2026-04-26T08:50:08.651Z</time>
      </trkpt>
      <trkpt lat="51.026254" lon="7.073648">
        <ele>113.710803</ele>
        <time>2026-04-26T08:50:16.642Z</time>
      </trkpt>
      <trkpt lat="51.026306" lon="7.073767">
        <ele>113.872160</ele>
        <time>2026-04-26T08:50:24.629Z</time>
      </trkpt>
      <trkpt lat="51.026373" lon="7.073878">
        <ele>114.043476</ele>
        <time>2026-04-26T08:50:31.643Z</time>
      </trkpt>
      <trkpt lat="51.026430" lon="7.073996">
        <ele>114.209157</ele>
        <time>2026-04-26T08:50:37.635Z</time>
      </trkpt>
      <trkpt lat="51.026502" lon="7.074098">
        <ele>114.379893</ele>
        <time>2026-04-26T08:50:43.635Z</time>
      </trkpt>
      <trkpt lat="51.026577" lon="7.074209">
        <ele>114.377011</ele>
        <time>2026-04-26T08:50:50.637Z</time>
      </trkpt>
      <trkpt lat="51.026651" lon="7.074301">
        <ele>114.334350</ele>
        <time>2026-04-26T08:50:56.641Z</time>
      </trkpt>
      <trkpt lat="51.026729" lon="7.074404">
        <ele>114.288302</ele>
        <time>2026-04-26T08:51:04.649Z</time>
      </trkpt>
      <trkpt lat="51.026806" lon="7.074479">
        <ele>114.247292</ele>
        <time>2026-04-26T08:51:10.640Z</time>
      </trkpt>
      <trkpt lat="51.026897" lon="7.074567">
        <ele>114.198921</ele>
        <time>2026-04-26T08:51:17.633Z</time>
      </trkpt>
      <trkpt lat="51.026989" lon="7.074620">
        <ele>114.154482</ele>
        <time>2026-04-26T08:51:24.640Z</time>
      </trkpt>
      <trkpt lat="51.027074" lon="7.074564">
        <ele>114.112696</ele>
        <time>2026-04-26T08:51:30.643Z</time>
      </trkpt>
      <trkpt lat="51.027140" lon="7.074464">
        <ele>114.071292</ele>
        <time>2026-04-26T08:51:37.635Z</time>
      </trkpt>
      <trkpt lat="51.027164" lon="7.074310">
        <ele>114.025974</ele>
        <time>2026-04-26T08:51:45.622Z</time>
      </trkpt>
      <trkpt lat="51.027238" lon="7.074222">
        <ele>113.984007</ele>
        <time>2026-04-26T08:51:52.664Z</time>
      </trkpt>
      <trkpt lat="51.027299" lon="7.074102">
        <ele>113.939936</ele>
        <time>2026-04-26T08:51:58.608Z</time>
      </trkpt>
      <trkpt lat="51.027366" lon="7.073973">
        <ele>113.892149</ele>
        <time>2026-04-26T08:52:05.631Z</time>
      </trkpt>
      <trkpt lat="51.027426" lon="7.073856">
        <ele>113.849029</ele>
        <time>2026-04-26T08:52:11.637Z</time>
      </trkpt>
      <trkpt lat="51.027499" lon="7.073748">
        <ele>113.803744</ele>
        <time>2026-04-26T08:52:19.632Z</time>
      </trkpt>
      <trkpt lat="51.027600" lon="7.073770">
        <ele>113.757447</ele>
        <time>2026-04-26T08:52:27.648Z</time>
      </trkpt>
      <trkpt lat="51.027682" lon="7.073832">
        <ele>113.716211</ele>
        <time>2026-04-26T08:52:33.663Z</time>
      </trkpt>
      <trkpt lat="51.027764" lon="7.073911">
        <ele>113.672668</ele>
        <time>2026-04-26T08:52:40.633Z</time>
      </trkpt>
      <trkpt lat="51.027854" lon="7.073973">
        <ele>113.628123</ele>
        <time>2026-04-26T08:52:47.622Z</time>
      </trkpt>
      <trkpt lat="51.027938" lon="7.074027">
        <ele>113.598916</ele>
        <time>2026-04-26T08:52:53.626Z</time>
      </trkpt>
      <trkpt lat="51.028026" lon="7.074117">
        <ele>113.603877</ele>
        <time>2026-04-26T08:53:00.662Z</time>
      </trkpt>
      <trkpt lat="51.028094" lon="7.074223">
        <ele>113.608393</ele>
        <time>2026-04-26T08:53:07.580Z</time>
      </trkpt>
      <trkpt lat="51.028089" lon="7.074376">
        <ele>113.612961</ele>
        <time>2026-04-26T08:53:14.626Z</time>
      </trkpt>
      <trkpt lat="51.028090" lon="7.074526">
        <ele>113.617435</ele>
        <time>2026-04-26T08:53:22.638Z</time>
      </trkpt>
      <trkpt lat="51.028042" lon="7.074650">
        <ele>113.621777</ele>
        <time>2026-04-26T08:53:29.663Z</time>
      </trkpt>
      <trkpt lat="51.028085" lon="7.074786">
        <ele>113.626316</ele>
        <time>2026-04-26T08:53:36.636Z</time>
      </trkpt>
      <trkpt lat="51.028124" lon="7.074916">
        <ele>113.630611</ele>
        <time>2026-04-26T08:54:00.603Z</time>
      </trkpt>
      <trkpt lat="51.028115" lon="7.075062">
        <ele>113.634986</ele>
        <time>2026-04-26T08:54:08.568Z</time>
      </trkpt>
      <trkpt lat="51.028127" lon="7.075218">
        <ele>113.639672</ele>
        <time>2026-04-26T08:54:15.603Z</time>
      </trkpt>
      <trkpt lat="51.028126" lon="7.075371">
        <ele>113.644235</ele>
        <time>2026-04-26T08:54:22.671Z</time>
      </trkpt>
      <trkpt lat="51.028124" lon="7.075527">
        <ele>113.648888</ele>
        <time>2026-04-26T08:54:30.617Z</time>
      </trkpt>
      <trkpt lat="51.028121" lon="7.075676">
        <ele>113.653334</ele>
        <time>2026-04-26T08:54:36.633Z</time>
      </trkpt>
      <trkpt lat="51.028130" lon="7.075822">
        <ele>113.657708</ele>
        <time>2026-04-26T08:54:43.605Z</time>
      </trkpt>
      <trkpt lat="51.028142" lon="7.075986">
        <ele>113.662632</ele>
        <time>2026-04-26T08:54:50.632Z</time>
      </trkpt>
      <trkpt lat="51.028148" lon="7.076130">
        <ele>113.666936</ele>
        <time>2026-04-26T08:54:56.634Z</time>
      </trkpt>
      <trkpt lat="51.028152" lon="7.076280">
        <ele>113.671413</ele>
        <time>2026-04-26T08:55:03.680Z</time>
      </trkpt>
      <trkpt lat="51.028164" lon="7.076423">
        <ele>113.675715</ele>
        <time>2026-04-26T08:55:10.648Z</time>
      </trkpt>
      <trkpt lat="51.028180" lon="7.076582">
        <ele>113.680517</ele>
        <time>2026-04-26T08:55:18.630Z</time>
      </trkpt>
      <trkpt lat="51.028196" lon="7.076735">
        <ele>113.737451</ele>
        <time>2026-04-26T08:55:25.628Z</time>
      </trkpt>
      <trkpt lat="51.028213" lon="7.076885">
        <ele>113.856676</ele>
        <time>2026-04-26T08:55:32.640Z</time>
      </trkpt>
      <trkpt lat="51.028223" lon="7.077040">
        <ele>113.978559</ele>
        <time>2026-04-26T08:55:39.655Z</time>
      </trkpt>
      <trkpt lat="51.028244" lon="7.077193">
        <ele>114.101058</ele>
        <time>2026-04-26T08:55:46.654Z</time>
      </trkpt>
      <trkpt lat="51.028268" lon="7.077349">
        <ele>114.226685</ele>
        <time>2026-04-26T08:55:55.628Z</time>
      </trkpt>
      <trkpt lat="51.028298" lon="7.077499">
        <ele>114.349811</ele>
        <time>2026-04-26T08:56:03.618Z</time>
      </trkpt>
      <trkpt lat="51.028317" lon="7.077640">
        <ele>114.462609</ele>
        <time>2026-04-26T08:56:10.679Z</time>
      </trkpt>
      <trkpt lat="51.028332" lon="7.077789">
        <ele>114.580646</ele>
        <time>2026-04-26T08:56:18.646Z</time>
      </trkpt>
      <trkpt lat="51.028334" lon="7.077940">
        <ele>114.698790</ele>
        <time>2026-04-26T08:56:27.588Z</time>
      </trkpt>
      <trkpt lat="51.028338" lon="7.078096">
        <ele>114.820920</ele>
        <time>2026-04-26T08:56:35.578Z</time>
      </trkpt>
      <trkpt lat="51.028345" lon="7.078250">
        <ele>114.941698</ele>
        <time>2026-04-26T08:56:43.647Z</time>
      </trkpt>
      <trkpt lat="51.028350" lon="7.078411">
        <ele>115.067792</ele>
        <time>2026-04-26T08:56:51.642Z</time>
      </trkpt>
      <trkpt lat="51.028353" lon="7.078554">
        <ele>115.179714</ele>
        <time>2026-04-26T08:56:58.655Z</time>
      </trkpt>
      <trkpt lat="51.028361" lon="7.078703">
        <ele>115.296691</ele>
        <time>2026-04-26T08:57:06.599Z</time>
      </trkpt>
      <trkpt lat="51.028377" lon="7.078861">
        <ele>115.421876</ele>
        <time>2026-04-26T08:57:14.648Z</time>
      </trkpt>
      <trkpt lat="51.028373" lon="7.079008">
        <ele>115.536972</ele>
        <time>2026-04-26T08:57:22.601Z</time>
      </trkpt>
      <trkpt lat="51.028375" lon="7.079170">
        <ele>115.663718</ele>
        <time>2026-04-26T08:57:31.585Z</time>
      </trkpt>
      <trkpt lat="51.028387" lon="7.079322">
        <ele>115.783551</ele>
        <time>2026-04-26T08:57:38.585Z</time>
      </trkpt>
      <trkpt lat="51.028370" lon="7.079469">
        <ele>115.900467</ele>
        <time>2026-04-26T08:57:45.622Z</time>
      </trkpt>
      <trkpt lat="51.028368" lon="7.079620">
        <ele>115.967596</ele>
        <time>2026-04-26T08:57:53.609Z</time>
      </trkpt>
      <trkpt lat="51.028365" lon="7.079779">
        <ele>116.027575</ele>
        <time>2026-04-26T08:58:01.638Z</time>
      </trkpt>
      <trkpt lat="51.028348" lon="7.079920">
        <ele>116.081708</ele>
        <time>2026-04-26T08:58:08.606Z</time>
      </trkpt>
      <trkpt lat="51.028333" lon="7.080073">
        <ele>116.140094</ele>
        <time>2026-04-26T08:58:16.638Z</time>
      </trkpt>
      <trkpt lat="51.028317" lon="7.080217">
        <ele>116.195231</ele>
        <time>2026-04-26T08:58:24.637Z</time>
      </trkpt>
      <trkpt lat="51.028276" lon="7.080348">
        <ele>116.250404</ele>
        <time>2026-04-26T08:58:49.636Z</time>
      </trkpt>
      <trkpt lat="51.028257" lon="7.080501">
        <ele>116.309208</ele>
        <time>2026-04-26T08:58:55.653Z</time>
      </trkpt>
      <trkpt lat="51.028246" lon="7.080644">
        <ele>116.363529</ele>
        <time>2026-04-26T08:59:02.616Z</time>
      </trkpt>
      <trkpt lat="51.028238" lon="7.080793">
        <ele>116.419915</ele>
        <time>2026-04-26T08:59:09.609Z</time>
      </trkpt>
      <trkpt lat="51.028224" lon="7.080947">
        <ele>116.478585</ele>
        <time>2026-04-26T08:59:16.632Z</time>
      </trkpt>
      <trkpt lat="51.028208" lon="7.081096">
        <ele>116.535580</ele>
        <time>2026-04-26T08:59:23.631Z</time>
      </trkpt>
      <trkpt lat="51.028197" lon="7.081240">
        <ele>116.590275</ele>
        <time>2026-04-26T08:59:30.631Z</time>
      </trkpt>
      <trkpt lat="51.028169" lon="7.081385">
        <ele>116.647467</ele>
        <time>2026-04-26T08:59:38.644Z</time>
      </trkpt>
      <trkpt lat="51.028134" lon="7.081527">
        <ele>116.704974</ele>
        <time>2026-04-26T08:59:46.583Z</time>
      </trkpt>
      <trkpt lat="51.028101" lon="7.081662">
        <ele>116.759587</ele>
        <time>2026-04-26T08:59:54.647Z</time>
      </trkpt>
      <trkpt lat="51.028060" lon="7.081800">
        <ele>116.817135</ele>
        <time>2026-04-26T09:00:02.634Z</time>
      </trkpt>
      <trkpt lat="51.028020" lon="7.081940">
        <ele>116.875115</ele>
        <time>2026-04-26T09:00:09.610Z</time>
      </trkpt>
      <trkpt lat="51.027982" lon="7.082075">
        <ele>116.930883</ele>
        <time>2026-04-26T09:00:16.633Z</time>
      </trkpt>
      <trkpt lat="51.027951" lon="7.082224">
        <ele>116.990059</ele>
        <time>2026-04-26T09:00:24.624Z</time>
      </trkpt>
      <trkpt lat="51.027920" lon="7.082367">
        <ele>116.965628</ele>
        <time>2026-04-26T09:00:31.644Z</time>
      </trkpt>
      <trkpt lat="51.027879" lon="7.082495">
        <ele>116.929105</ele>
        <time>2026-04-26T09:00:38.646Z</time>
      </trkpt>
      <trkpt lat="51.027840" lon="7.082636">
        <ele>116.889941</ele>
        <time>2026-04-26T09:00:45.665Z</time>
      </trkpt>
      <trkpt lat="51.027797" lon="7.082763">
        <ele>116.853269</ele>
        <time>2026-04-26T09:00:52.571Z</time>
      </trkpt>
      <trkpt lat="51.027757" lon="7.082911">
        <ele>116.812311</ele>
        <time>2026-04-26T09:01:00.654Z</time>
      </trkpt>
      <trkpt lat="51.027730" lon="7.083062">
        <ele>116.772397</ele>
        <time>2026-04-26T09:01:09.640Z</time>
      </trkpt>
      <trkpt lat="51.027690" lon="7.083208">
        <ele>116.731906</ele>
        <time>2026-04-26T09:01:17.621Z</time>
      </trkpt>
      <trkpt lat="51.027667" lon="7.083352">
        <ele>116.694131</ele>
        <time>2026-04-26T09:01:31.653Z</time>
      </trkpt>
      <trkpt lat="51.027624" lon="7.083487">
        <ele>116.655655</ele>
        <time>2026-04-26T09:01:41.616Z</time>
      </trkpt>
      <trkpt lat="51.027580" lon="7.083628">
        <ele>116.615634</ele>
        <time>2026-04-26T09:01:50.637Z</time>
      </trkpt>
      <trkpt lat="51.027546" lon="7.083774">
        <ele>116.576049</ele>
        <time>2026-04-26T09:01:58.647Z</time>
      </trkpt>
      <trkpt lat="51.027503" lon="7.083913">
        <ele>116.536664</ele>
        <time>2026-04-26T09:02:06.631Z</time>
      </trkpt>
      <trkpt lat="51.027463" lon="7.084053">
        <ele>116.497567</ele>
        <time>2026-04-26T09:02:14.627Z</time>
      </trkpt>
      <trkpt lat="51.027431" lon="7.084200">
        <ele>116.458015</ele>
        <time>2026-04-26T09:02:22.627Z</time>
      </trkpt>
      <trkpt lat="51.027398" lon="7.084337">
        <ele>116.420714</ele>
        <time>2026-04-26T09:02:30.629Z</time>
      </trkpt>
      <trkpt lat="51.027356" lon="7.084467">
        <ele>116.383555</ele>
        <time>2026-04-26T09:02:38.654Z</time>
      </trkpt>
      <trkpt lat="51.027314" lon="7.084607">
        <ele>116.344116</ele>
        <time>2026-04-26T09:02:47.633Z</time>
      </trkpt>
      <trkpt lat="51.027279" lon="7.084740">
        <ele>116.307459</ele>
        <time>2026-04-26T09:02:55.660Z</time>
      </trkpt>
      <trkpt lat="51.027242" lon="7.084885">
        <ele>116.271609</ele>
        <time>2026-04-26T09:03:03.584Z</time>
      </trkpt>
      <trkpt lat="51.027208" lon="7.085033">
        <ele>116.274857</ele>
        <time>2026-04-26T09:03:11.633Z</time>
      </trkpt>
      <trkpt lat="51.027189" lon="7.085176">
        <ele>116.277869</ele>
        <time>2026-04-26T09:03:19.633Z</time>
      </trkpt>
      <trkpt lat="51.027180" lon="7.085335">
        <ele>116.281160</ele>
        <time>2026-04-26T09:03:28.660Z</time>
      </trkpt>
      <trkpt lat="51.027165" lon="7.085486">
        <ele>116.284311</ele>
        <time>2026-04-26T09:03:44.648Z</time>
      </trkpt>
      <trkpt lat="51.027151" lon="7.085649">
        <ele>116.287702</ele>
        <time>2026-04-26T09:03:51.643Z</time>
      </trkpt>
      <trkpt lat="51.027155" lon="7.085796">
        <ele>116.290735</ele>
        <time>2026-04-26T09:03:58.640Z</time>
      </trkpt>
      <trkpt lat="51.027153" lon="7.085950">
        <ele>116.293910</ele>
        <time>2026-04-26T09:04:05.597Z</time>
      </trkpt>
      <trkpt lat="51.027139" lon="7.086105">
        <ele>116.297138</ele>
        <time>2026-04-26T09:04:13.638Z</time>
      </trkpt>
      <trkpt lat="51.027128" lon="7.086256">
        <ele>116.300271</ele>
        <time>2026-04-26T09:04:21.669Z</time>
      </trkpt>
      <trkpt lat="51.027114" lon="7.086417">
        <ele>116.303621</ele>
        <time>2026-04-26T09:04:29.642Z</time>
      </trkpt>
      <trkpt lat="51.027098" lon="7.086567">
        <ele>116.306757</ele>
        <time>2026-04-26T09:04:36.651Z</time>
      </trkpt>
      <trkpt lat="51.027084" lon="7.086723">
        <ele>116.310005</ele>
        <time>2026-04-26T09:04:45.618Z</time>
      </trkpt>
      <trkpt lat="51.027037" lon="7.087020">
        <ele>116.316318</ele>
        <time>2026-04-26T09:05:45.555Z</time>
      </trkpt>
      <trkpt lat="51.026991" lon="7.087160">
        <ele>116.319574</ele>
        <time>2026-04-26T09:05:53.596Z</time>
      </trkpt>
      <trkpt lat="51.026935" lon="7.087272">
        <ele>116.322523</ele>
        <time>2026-04-26T09:06:02.603Z</time>
      </trkpt>
      <trkpt lat="51.026851" lon="7.087554">
        <ele>116.328955</ele>
        <time>2026-04-26T09:07:16.588Z</time>
      </trkpt>
      <trkpt lat="51.026812" lon="7.087687">
        <ele>116.405102</ele>
        <time>2026-04-26T09:07:23.623Z</time>
      </trkpt>
      <trkpt lat="51.026771" lon="7.087846">
        <ele>116.559296</ele>
        <time>2026-04-26T09:07:30.676Z</time>
      </trkpt>
      <trkpt lat="51.026727" lon="7.087998">
        <ele>116.709436</ele>
        <time>2026-04-26T09:07:38.634Z</time>
      </trkpt>
      <trkpt lat="51.026724" lon="7.088147">
        <ele>116.843201</ele>
        <time>2026-04-26T09:07:43.628Z</time>
      </trkpt>
      <trkpt lat="51.026710" lon="7.088301">
        <ele>116.982819</ele>
        <time>2026-04-26T09:07:52.635Z</time>
      </trkpt>
      <trkpt lat="51.026671" lon="7.088433">
        <ele>117.113679</ele>
        <time>2026-04-26T09:07:58.642Z</time>
      </trkpt>
      <trkpt lat="51.026664" lon="7.088580">
        <ele>117.245958</ele>
        <time>2026-04-26T09:08:04.629Z</time>
      </trkpt>
      <trkpt lat="51.026656" lon="7.088743">
        <ele>117.392661</ele>
        <time>2026-04-26T09:08:11.622Z</time>
      </trkpt>
      <trkpt lat="51.026688" lon="7.088890">
        <ele>117.532240</ele>
        <time>2026-04-26T09:08:18.633Z</time>
      </trkpt>
      <trkpt lat="51.026724" lon="7.089039">
        <ele>117.675462</ele>
        <time>2026-04-26T09:08:25.598Z</time>
      </trkpt>
      <trkpt lat="51.026765" lon="7.089166">
        <ele>117.803552</ele>
        <time>2026-04-26T09:08:39.596Z</time>
      </trkpt>
      <trkpt lat="51.026745" lon="7.089329">
        <ele>117.952568</ele>
        <time>2026-04-26T09:08:47.623Z</time>
      </trkpt>
      <trkpt lat="51.026782" lon="7.089480">
        <ele>118.097977</ele>
        <time>2026-04-26T09:08:54.624Z</time>
      </trkpt>
      <trkpt lat="51.026803" lon="7.089634">
        <ele>118.239370</ele>
        <time>2026-04-26T09:09:01.645Z</time>
      </trkpt>
      <trkpt lat="51.026798" lon="7.089782">
        <ele>118.372360</ele>
        <time>2026-04-26T09:09:08.632Z</time>
      </trkpt>
      <trkpt lat="51.026797" lon="7.089926">
        <ele>118.501578</ele>
        <time>2026-04-26T09:09:14.626Z</time>
      </trkpt>
      <trkpt lat="51.026786" lon="7.090093">
        <ele>118.652245</ele>
        <time>2026-04-26T09:09:21.618Z</time>
      </trkpt>
      <trkpt lat="51.026767" lon="7.090235">
        <ele>118.782511</ele>
        <time>2026-04-26T09:09:28.627Z</time>
      </trkpt>
      <trkpt lat="51.026752" lon="7.090378">
        <ele>118.914913</ele>
        <time>2026-04-26T09:09:34.623Z</time>
      </trkpt>
      <trkpt lat="51.026743" lon="7.090534">
        <ele>119.075412</ele>
        <time>2026-04-26T09:09:40.643Z</time>
      </trkpt>
      <trkpt lat="51.026711" lon="7.090672">
        <ele>119.226102</ele>
        <time>2026-04-26T09:09:47.612Z</time>
      </trkpt>
      <trkpt lat="51.026710" lon="7.090821">
        <ele>119.378768</ele>
        <time>2026-04-26T09:09:53.612Z</time>
      </trkpt>
      <trkpt lat="51.026711" lon="7.090977">
        <ele>119.538605</ele>
        <time>2026-04-26T09:10:00.618Z</time>
      </trkpt>
      <trkpt lat="51.026711" lon="7.091123">
        <ele>119.688188</ele>
        <time>2026-04-26T09:10:06.627Z</time>
      </trkpt>
      <trkpt lat="51.026758" lon="7.091281">
        <ele>119.867258</ele>
        <time>2026-04-26T09:10:13.607Z</time>
      </trkpt>
      <trkpt lat="51.026778" lon="7.091427">
        <ele>120.020348</ele>
        <time>2026-04-26T09:10:21.642Z</time>
      </trkpt>
      <trkpt lat="51.026805" lon="7.091573">
        <ele>120.176263</ele>
        <time>2026-04-26T09:10:28.613Z</time>
      </trkpt>
      <trkpt lat="51.026816" lon="7.091716">
        <ele>120.323864</ele>
        <time>2026-04-26T09:10:33.629Z</time>
      </trkpt>
      <trkpt lat="51.026777" lon="7.091873">
        <ele>120.496808</ele>
        <time>2026-04-26T09:10:39.619Z</time>
      </trkpt>
      <trkpt lat="51.026825" lon="7.091996">
        <ele>120.645113</ele>
        <time>2026-04-26T09:10:45.635Z</time>
      </trkpt>
      <trkpt lat="51.026874" lon="7.092118">
        <ele>120.793419</ele>
        <time>2026-04-26T09:10:52.618Z</time>
      </trkpt>
      <trkpt lat="51.026904" lon="7.092258">
        <ele>120.944951</ele>
        <time>2026-04-26T09:11:00.625Z</time>
      </trkpt>
      <trkpt lat="51.026940" lon="7.092405">
        <ele>121.106572</ele>
        <time>2026-04-26T09:11:07.563Z</time>
      </trkpt>
      <trkpt lat="51.026962" lon="7.092550">
        <ele>121.259391</ele>
        <time>2026-04-26T09:11:13.649Z</time>
      </trkpt>
      <trkpt lat="51.026990" lon="7.092705">
        <ele>121.424615</ele>
        <time>2026-04-26T09:11:19.638Z</time>
      </trkpt>
      <trkpt lat="51.027005" lon="7.092856">
        <ele>121.581238</ele>
        <time>2026-04-26T09:11:24.613Z</time>
      </trkpt>
      <trkpt lat="51.027039" lon="7.092994">
        <ele>121.733085</ele>
        <time>2026-04-26T09:11:31.619Z</time>
      </trkpt>
      <trkpt lat="51.027055" lon="7.093153">
        <ele>121.718901</ele>
        <time>2026-04-26T09:11:38.619Z</time>
      </trkpt>
      <trkpt lat="51.027094" lon="7.093283">
        <ele>121.498732</ele>
        <time>2026-04-26T09:11:44.619Z</time>
      </trkpt>
      <trkpt lat="51.027168" lon="7.093405">
        <ele>121.239646</ele>
        <time>2026-04-26T09:11:51.627Z</time>
      </trkpt>
      <trkpt lat="51.027219" lon="7.093533">
        <ele>121.008026</ele>
        <time>2026-04-26T09:11:59.625Z</time>
      </trkpt>
      <trkpt lat="51.027255" lon="7.093686">
        <ele>120.758318</ele>
        <time>2026-04-26T09:12:05.642Z</time>
      </trkpt>
      <trkpt lat="51.027286" lon="7.093820">
        <ele>120.540066</ele>
        <time>2026-04-26T09:12:12.628Z</time>
      </trkpt>
      <trkpt lat="51.027349" lon="7.093940">
        <ele>120.301126</ele>
        <time>2026-04-26T09:12:20.628Z</time>
      </trkpt>
      <trkpt lat="51.027408" lon="7.094049">
        <ele>120.081299</ele>
        <time>2026-04-26T09:12:27.646Z</time>
      </trkpt>
      <trkpt lat="51.027480" lon="7.094148">
        <ele>119.849949</ele>
        <time>2026-04-26T09:12:35.647Z</time>
      </trkpt>
      <trkpt lat="51.027558" lon="7.094241">
        <ele>119.612994</ele>
        <time>2026-04-26T09:12:43.613Z</time>
      </trkpt>
      <trkpt lat="51.027645" lon="7.094298">
        <ele>119.384299</ele>
        <time>2026-04-26T09:12:50.623Z</time>
      </trkpt>
      <trkpt lat="51.027734" lon="7.094375">
        <ele>119.138042</ele>
        <time>2026-04-26T09:12:58.609Z</time>
      </trkpt>
      <trkpt lat="51.027709" lon="7.094512">
        <ele>118.919987</ele>
        <time>2026-04-26T09:13:09.639Z</time>
      </trkpt>
      <trkpt lat="51.027796" lon="7.094556">
        <ele>118.698102</ele>
        <time>2026-04-26T09:13:49.612Z</time>
      </trkpt>
      <trkpt lat="51.027861" lon="7.094669">
        <ele>118.464023</ele>
        <time>2026-04-26T09:13:56.644Z</time>
      </trkpt>
      <trkpt lat="51.027889" lon="7.094817">
        <ele>118.227777</ele>
        <time>2026-04-26T09:14:03.639Z</time>
      </trkpt>
      <trkpt lat="51.027906" lon="7.094972">
        <ele>117.987270</ele>
        <time>2026-04-26T09:14:09.624Z</time>
      </trkpt>
      <trkpt lat="51.027935" lon="7.095131">
        <ele>117.734210</ele>
        <time>2026-04-26T09:14:16.628Z</time>
      </trkpt>
      <trkpt lat="51.027955" lon="7.095272">
        <ele>117.513265</ele>
        <time>2026-04-26T09:14:22.611Z</time>
      </trkpt>
      <trkpt lat="51.027996" lon="7.095401">
        <ele>117.615213</ele>
        <time>2026-04-26T09:14:28.622Z</time>
      </trkpt>
      <trkpt lat="51.028034" lon="7.095543">
        <ele>117.848386</ele>
        <time>2026-04-26T09:14:35.638Z</time>
      </trkpt>
      <trkpt lat="51.028081" lon="7.095689">
        <ele>118.096208</ele>
        <time>2026-04-26T09:14:42.604Z</time>
      </trkpt>
      <trkpt lat="51.028130" lon="7.095830">
        <ele>118.339615</ele>
        <time>2026-04-26T09:14:49.636Z</time>
      </trkpt>
      <trkpt lat="51.028191" lon="7.095964">
        <ele>118.589556</ele>
        <time>2026-04-26T09:14:56.599Z</time>
      </trkpt>
      <trkpt lat="51.028252" lon="7.096094">
        <ele>118.834627</ele>
        <time>2026-04-26T09:15:03.618Z</time>
      </trkpt>
      <trkpt lat="51.028310" lon="7.096216">
        <ele>119.065704</ele>
        <time>2026-04-26T09:15:10.650Z</time>
      </trkpt>
      <trkpt lat="51.028387" lon="7.096335">
        <ele>119.323677</ele>
        <time>2026-04-26T09:15:17.631Z</time>
      </trkpt>
      <trkpt lat="51.028453" lon="7.096453">
        <ele>119.562278</ele>
        <time>2026-04-26T09:15:24.646Z</time>
      </trkpt>
      <trkpt lat="51.028535" lon="7.096530">
        <ele>119.791067</ele>
        <time>2026-04-26T09:15:30.624Z</time>
      </trkpt>
      <trkpt lat="51.028618" lon="7.096618">
        <ele>120.030734</ele>
        <time>2026-04-26T09:15:38.666Z</time>
      </trkpt>
      <trkpt lat="51.028692" lon="7.096718">
        <ele>120.264049</ele>
        <time>2026-04-26T09:15:45.624Z</time>
      </trkpt>
      <trkpt lat="51.028769" lon="7.096806">
        <ele>120.491863</ele>
        <time>2026-04-26T09:15:53.645Z</time>
      </trkpt>
      <trkpt lat="51.028848" lon="7.096890">
        <ele>120.720183</ele>
        <time>2026-04-26T09:16:01.623Z</time>
      </trkpt>
      <trkpt lat="51.028925" lon="7.096985">
        <ele>120.954328</ele>
        <time>2026-04-26T09:16:08.631Z</time>
      </trkpt>
      <trkpt lat="51.028997" lon="7.097085">
        <ele>121.184001</ele>
        <time>2026-04-26T09:16:16.628Z</time>
      </trkpt>
      <trkpt lat="51.029049" lon="7.097211">
        <ele>121.411709</ele>
        <time>2026-04-26T09:16:24.655Z</time>
      </trkpt>
      <trkpt lat="51.029117" lon="7.097321">
        <ele>121.644758</ele>
        <time>2026-04-26T09:16:31.616Z</time>
      </trkpt>
      <trkpt lat="51.029173" lon="7.097433">
        <ele>121.788026</ele>
        <time>2026-04-26T09:16:38.664Z</time>
      </trkpt>
      <trkpt lat="51.029211" lon="7.097567">
        <ele>121.819893</ele>
        <time>2026-04-26T09:16:45.626Z</time>
      </trkpt>
      <trkpt lat="51.029255" lon="7.097707">
        <ele>121.853824</ele>
        <time>2026-04-26T09:16:53.629Z</time>
      </trkpt>
      <trkpt lat="51.029288" lon="7.097853">
        <ele>121.887458</ele>
        <time>2026-04-26T09:17:01.644Z</time>
      </trkpt>
      <trkpt lat="51.029322" lon="7.097999">
        <ele>121.921210</ele>
        <time>2026-04-26T09:17:09.652Z</time>
      </trkpt>
      <trkpt lat="51.029345" lon="7.098151">
        <ele>121.955104</ele>
        <time>2026-04-26T09:17:17.624Z</time>
      </trkpt>
      <trkpt lat="51.029380" lon="7.098290">
        <ele>121.987564</ele>
        <time>2026-04-26T09:17:24.665Z</time>
      </trkpt>
      <trkpt lat="51.029408" lon="7.098435">
        <ele>122.020447</ele>
        <time>2026-04-26T09:17:31.637Z</time>
      </trkpt>
      <trkpt lat="51.029417" lon="7.098584">
        <ele>122.052898</ele>
        <time>2026-04-26T09:17:39.647Z</time>
      </trkpt>
      <trkpt lat="51.029417" lon="7.098732">
        <ele>122.084984</ele>
        <time>2026-04-26T09:17:47.647Z</time>
      </trkpt>
      <trkpt lat="51.029416" lon="7.098892">
        <ele>122.119673</ele>
        <time>2026-04-26T09:17:55.648Z</time>
      </trkpt>
      <trkpt lat="51.029408" lon="7.099039">
        <ele>122.151661</ele>
        <time>2026-04-26T09:18:04.626Z</time>
      </trkpt>
      <trkpt lat="51.029401" lon="7.099182">
        <ele>122.182757</ele>
        <time>2026-04-26T09:18:12.647Z</time>
      </trkpt>
      <trkpt lat="51.029397" lon="7.099334">
        <ele>122.215738</ele>
        <time>2026-04-26T09:18:20.600Z</time>
      </trkpt>
      <trkpt lat="51.029392" lon="7.099486">
        <ele>122.248736</ele>
        <time>2026-04-26T09:18:28.635Z</time>
      </trkpt>
      <trkpt lat="51.029376" lon="7.099636">
        <ele>122.281720</ele>
        <time>2026-04-26T09:18:35.642Z</time>
      </trkpt>
      <trkpt lat="51.029348" lon="7.099790">
        <ele>122.316474</ele>
        <time>2026-04-26T09:18:43.618Z</time>
      </trkpt>
      <trkpt lat="51.029306" lon="7.099929">
        <ele>122.349906</ele>
        <time>2026-04-26T09:18:50.634Z</time>
      </trkpt>
      <trkpt lat="51.029288" lon="7.100071">
        <ele>122.381310</ele>
        <time>2026-04-26T09:18:57.650Z</time>
      </trkpt>
      <trkpt lat="51.029258" lon="7.100216">
        <ele>122.465292</ele>
        <time>2026-04-26T09:19:05.637Z</time>
      </trkpt>
      <trkpt lat="51.029209" lon="7.100357">
        <ele>122.595861</ele>
        <time>2026-04-26T09:19:13.681Z</time>
      </trkpt>
      <trkpt lat="51.029147" lon="7.100483">
        <ele>122.725529</ele>
        <time>2026-04-26T09:19:21.649Z</time>
      </trkpt>
      <trkpt lat="51.029081" lon="7.100593">
        <ele>122.848751</ele>
        <time>2026-04-26T09:19:28.651Z</time>
      </trkpt>
      <trkpt lat="51.029022" lon="7.100713">
        <ele>122.972207</ele>
        <time>2026-04-26T09:19:38.624Z</time>
      </trkpt>
      <trkpt lat="51.029070" lon="7.100861">
        <ele>123.107175</ele>
        <time>2026-04-26T09:19:57.570Z</time>
      </trkpt>
      <trkpt lat="51.029130" lon="7.100968">
        <ele>123.223366</ele>
        <time>2026-04-26T09:20:06.632Z</time>
      </trkpt>
      <trkpt lat="51.029180" lon="7.101092">
        <ele>123.342753</ele>
        <time>2026-04-26T09:20:12.666Z</time>
      </trkpt>
      <trkpt lat="51.029244" lon="7.101215">
        <ele>123.472142</ele>
        <time>2026-04-26T09:20:19.662Z</time>
      </trkpt>
      <trkpt lat="51.029311" lon="7.101334">
        <ele>123.601596</ele>
        <time>2026-04-26T09:20:26.648Z</time>
      </trkpt>
      <trkpt lat="51.029367" lon="7.101466">
        <ele>123.730650</ele>
        <time>2026-04-26T09:20:32.642Z</time>
      </trkpt>
      <trkpt lat="51.029433" lon="7.101586">
        <ele>123.859857</ele>
        <time>2026-04-26T09:20:40.655Z</time>
      </trkpt>
      <trkpt lat="51.029513" lon="7.101677">
        <ele>123.986622</ele>
        <time>2026-04-26T09:20:47.623Z</time>
      </trkpt>
      <trkpt lat="51.029594" lon="7.101759">
        <ele>124.110372</ele>
        <time>2026-04-26T09:20:54.636Z</time>
      </trkpt>
      <trkpt lat="51.029667" lon="7.101843">
        <ele>124.226501</ele>
        <time>2026-04-26T09:21:00.622Z</time>
      </trkpt>
      <trkpt lat="51.029727" lon="7.101971">
        <ele>124.355892</ele>
        <time>2026-04-26T09:21:08.659Z</time>
      </trkpt>
      <trkpt lat="51.029782" lon="7.102107">
        <ele>124.486944</ele>
        <time>2026-04-26T09:21:15.638Z</time>
      </trkpt>
      <trkpt lat="51.029829" lon="7.102239">
        <ele>124.609887</ele>
        <time>2026-04-26T09:21:22.648Z</time>
      </trkpt>
      <trkpt lat="51.029854" lon="7.102388">
        <ele>124.727940</ele>
        <time>2026-04-26T09:21:30.651Z</time>
      </trkpt>
      <trkpt lat="51.029867" lon="7.102537">
        <ele>124.809740</ele>
        <time>2026-04-26T09:21:38.623Z</time>
      </trkpt>
      <trkpt lat="51.029868" lon="7.102701">
        <ele>124.898924</ele>
        <time>2026-04-26T09:21:47.639Z</time>
      </trkpt>
      <trkpt lat="51.029867" lon="7.102848">
        <ele>124.978865</ele>
        <time>2026-04-26T09:21:55.630Z</time>
      </trkpt>
      <trkpt lat="51.030035" lon="7.102800">
        <ele>125.126451</ele>
        <time>2026-04-26T09:22:30.601Z</time>
      </trkpt>
      <trkpt lat="51.030141" lon="7.102781">
        <ele>125.218683</ele>
        <time>2026-04-26T09:22:38.585Z</time>
      </trkpt>
      <trkpt lat="51.030246" lon="7.102762">
        <ele>125.310056</ele>
        <time>2026-04-26T09:22:46.602Z</time>
      </trkpt>
      <trkpt lat="51.030337" lon="7.102755">
        <ele>125.388830</ele>
        <time>2026-04-26T09:22:52.588Z</time>
      </trkpt>
      <trkpt lat="51.030432" lon="7.102734">
        <ele>125.471760</ele>
        <time>2026-04-26T09:22:59.590Z</time>
      </trkpt>
      <trkpt lat="51.030524" lon="7.102725">
        <ele>125.551457</ele>
        <time>2026-04-26T09:23:06.583Z</time>
      </trkpt>
      <trkpt lat="51.030629" lon="7.102711">
        <ele>125.642563</ele>
        <time>2026-04-26T09:23:13.590Z</time>
      </trkpt>
      <trkpt lat="51.030727" lon="7.102700">
        <ele>125.727508</ele>
        <time>2026-04-26T09:23:20.594Z</time>
      </trkpt>
      <trkpt lat="51.030822" lon="7.102695">
        <ele>125.809693</ele>
        <time>2026-04-26T09:23:27.593Z</time>
      </trkpt>
      <trkpt lat="51.030914" lon="7.102669">
        <ele>125.890487</ele>
        <time>2026-04-26T09:23:34.594Z</time>
      </trkpt>
      <trkpt lat="51.031016" lon="7.102677">
        <ele>125.978787</ele>
        <time>2026-04-26T09:23:41.586Z</time>
      </trkpt>
      <trkpt lat="51.031113" lon="7.102666">
        <ele>126.062870</ele>
        <time>2026-04-26T09:23:48.566Z</time>
      </trkpt>
      <trkpt lat="51.031205" lon="7.102664">
        <ele>126.142424</ele>
        <time>2026-04-26T09:23:54.599Z</time>
      </trkpt>
      <trkpt lat="51.031226" lon="7.102807">
        <ele>126.222274</ele>
        <time>2026-04-26T09:24:01.592Z</time>
      </trkpt>
      <trkpt lat="51.031246" lon="7.102963">
        <ele>126.336015</ele>
        <time>2026-04-26T09:24:08.579Z</time>
      </trkpt>
      <trkpt lat="51.031253" lon="7.103121">
        <ele>126.480825</ele>
        <time>2026-04-26T09:24:15.580Z</time>
      </trkpt>
      <trkpt lat="51.031257" lon="7.103269">
        <ele>126.616260</ele>
        <time>2026-04-26T09:24:22.598Z</time>
      </trkpt>
      <trkpt lat="51.031274" lon="7.103412">
        <ele>126.749314</ele>
        <time>2026-04-26T09:24:29.595Z</time>
      </trkpt>
      <trkpt lat="51.031294" lon="7.103566">
        <ele>126.893079</ele>
        <time>2026-04-26T09:24:37.580Z</time>
      </trkpt>
      <trkpt lat="51.031305" lon="7.103717">
        <ele>127.032055</ele>
        <time>2026-04-26T09:24:44.591Z</time>
      </trkpt>
      <trkpt lat="51.031331" lon="7.103859">
        <ele>127.167269</ele>
        <time>2026-04-26T09:24:50.597Z</time>
      </trkpt>
      <trkpt lat="51.031369" lon="7.103991">
        <ele>127.299993</ele>
        <time>2026-04-26T09:24:57.579Z</time>
      </trkpt>
      <trkpt lat="51.031403" lon="7.104130">
        <ele>127.436348</ele>
        <time>2026-04-26T09:25:05.585Z</time>
      </trkpt>
      <trkpt lat="51.031441" lon="7.104266">
        <ele>127.572406</ele>
        <time>2026-04-26T09:25:12.581Z</time>
      </trkpt>
      <trkpt lat="51.031446" lon="7.104415">
        <ele>127.708823</ele>
        <time>2026-04-26T09:25:20.594Z</time>
      </trkpt>
      <trkpt lat="51.031460" lon="7.104575">
        <ele>127.856513</ele>
        <time>2026-04-26T09:25:36.634Z</time>
      </trkpt>
      <trkpt lat="51.031420" lon="7.104708">
        <ele>127.991297</ele>
        <time>2026-04-26T09:25:44.629Z</time>
      </trkpt>
      <trkpt lat="51.031391" lon="7.104848">
        <ele>128.126057</ele>
        <time>2026-04-26T09:26:09.571Z</time>
      </trkpt>
      <trkpt lat="51.031333" lon="7.104974">
        <ele>128.268813</ele>
        <time>2026-04-26T09:26:17.564Z</time>
      </trkpt>
      <trkpt lat="51.031271" lon="7.105090">
        <ele>128.407994</ele>
        <time>2026-04-26T09:26:24.672Z</time>
      </trkpt>
      <trkpt lat="51.031218" lon="7.105220">
        <ele>128.549636</ele>
        <time>2026-04-26T09:26:32.591Z</time>
      </trkpt>
      <trkpt lat="51.031184" lon="7.105355">
        <ele>128.682590</ele>
        <time>2026-04-26T09:26:40.628Z</time>
      </trkpt>
      <trkpt lat="51.031162" lon="7.105497">
        <ele>128.816295</ele>
        <time>2026-04-26T09:26:46.637Z</time>
      </trkpt>
      <trkpt lat="51.031161" lon="7.105643">
        <ele>128.878584</ele>
        <time>2026-04-26T09:26:52.642Z</time>
      </trkpt>
      <trkpt lat="51.031156" lon="7.105793">
        <ele>128.867862</ele>
        <time>2026-04-26T09:26:59.611Z</time>
      </trkpt>
      <trkpt lat="51.031136" lon="7.105943">
        <ele>128.856917</ele>
        <time>2026-04-26T09:27:05.613Z</time>
      </trkpt>
      <trkpt lat="51.031125" lon="7.106097">
        <ele>128.845854</ele>
        <time>2026-04-26T09:27:12.630Z</time>
      </trkpt>
      <trkpt lat="51.031115" lon="7.106252">
        <ele>128.834732</ele>
        <time>2026-04-26T09:27:20.618Z</time>
      </trkpt>
      <trkpt lat="51.031145" lon="7.106638">
        <ele>128.806970</ele>
        <time>2026-04-26T09:28:09.610Z</time>
      </trkpt>
      <trkpt lat="51.031147" lon="7.106803">
        <ele>128.795190</ele>
        <time>2026-04-26T09:28:16.619Z</time>
      </trkpt>
      <trkpt lat="51.031173" lon="7.106959">
        <ele>128.783670</ele>
        <time>2026-04-26T09:28:34.649Z</time>
      </trkpt>
      <trkpt lat="51.031191" lon="7.107114">
        <ele>128.772419</ele>
        <time>2026-04-26T09:28:41.616Z</time>
      </trkpt>
      <trkpt lat="51.031202" lon="7.107259">
        <ele>128.761994</ele>
        <time>2026-04-26T09:28:47.638Z</time>
      </trkpt>
      <trkpt lat="51.031201" lon="7.107412">
        <ele>128.751072</ele>
        <time>2026-04-26T09:28:54.672Z</time>
      </trkpt>
      <trkpt lat="51.031203" lon="7.107557">
        <ele>128.740720</ele>
        <time>2026-04-26T09:29:00.632Z</time>
      </trkpt>
      <trkpt lat="51.031214" lon="7.107706">
        <ele>128.730011</ele>
        <time>2026-04-26T09:29:07.641Z</time>
      </trkpt>
      <trkpt lat="51.031226" lon="7.107865">
        <ele>128.718580</ele>
        <time>2026-04-26T09:29:15.656Z</time>
      </trkpt>
      <trkpt lat="51.031212" lon="7.108014">
        <ele>128.707826</ele>
        <time>2026-04-26T09:29:22.619Z</time>
      </trkpt>
      <trkpt lat="51.031234" lon="7.108180">
        <ele>128.695717</ele>
        <time>2026-04-26T09:29:29.633Z</time>
      </trkpt>
      <trkpt lat="51.031239" lon="7.108336">
        <ele>128.684567</ele>
        <time>2026-04-26T09:29:36.645Z</time>
      </trkpt>
      <trkpt lat="51.031253" lon="7.108485">
        <ele>128.726479</ele>
        <time>2026-04-26T09:29:43.652Z</time>
      </trkpt>
      <trkpt lat="51.031192" lon="7.108790">
        <ele>128.911784</ele>
        <time>2026-04-26T09:30:48.661Z</time>
      </trkpt>
      <trkpt lat="51.031121" lon="7.108885">
        <ele>128.997212</ele>
        <time>2026-04-26T09:30:56.626Z</time>
      </trkpt>
      <trkpt lat="51.031056" lon="7.108987">
        <ele>129.081287</ele>
        <time>2026-04-26T09:31:07.652Z</time>
      </trkpt>
      <trkpt lat="51.031021" lon="7.109120">
        <ele>129.164762</ele>
        <time>2026-04-26T09:31:14.623Z</time>
      </trkpt>
      <trkpt lat="51.031055" lon="7.109268">
        <ele>129.255990</ele>
        <time>2026-04-26T09:31:22.663Z</time>
      </trkpt>
      <trkpt lat="51.031092" lon="7.109405">
        <ele>129.342316</ele>
        <time>2026-04-26T09:31:28.632Z</time>
      </trkpt>
      <trkpt lat="51.031132" lon="7.109544">
        <ele>129.430820</ele>
        <time>2026-04-26T09:31:35.635Z</time>
      </trkpt>
      <trkpt lat="51.031173" lon="7.109686">
        <ele>129.521287</ele>
        <time>2026-04-26T09:31:42.651Z</time>
      </trkpt>
      <trkpt lat="51.031208" lon="7.109824">
        <ele>129.607439</ele>
        <time>2026-04-26T09:31:49.632Z</time>
      </trkpt>
      <trkpt lat="51.031242" lon="7.109959">
        <ele>129.691637</ele>
        <time>2026-04-26T09:31:56.647Z</time>
      </trkpt>
      <trkpt lat="51.031275" lon="7.110109">
        <ele>129.783645</ele>
        <time>2026-04-26T09:32:05.619Z</time>
      </trkpt>
      <trkpt lat="51.031301" lon="7.110264">
        <ele>129.876525</ele>
        <time>2026-04-26T09:32:13.639Z</time>
      </trkpt>
      <trkpt lat="51.031335" lon="7.110406">
        <ele>129.964497</ele>
        <time>2026-04-26T09:32:20.613Z</time>
      </trkpt>
      <trkpt lat="51.031362" lon="7.110545">
        <ele>130.048727</ele>
        <time>2026-04-26T09:32:27.645Z</time>
      </trkpt>
      <trkpt lat="51.031406" lon="7.110683">
        <ele>130.138309</ele>
        <time>2026-04-26T09:32:35.625Z</time>
      </trkpt>
      <trkpt lat="51.031432" lon="7.110832">
        <ele>130.227836</ele>
        <time>2026-04-26T09:32:45.646Z</time>
      </trkpt>
      <trkpt lat="51.031470" lon="7.110983">
        <ele>130.322002</ele>
        <time>2026-04-26T09:32:53.581Z</time>
      </trkpt>
      <trkpt lat="51.031510" lon="7.111116">
        <ele>130.356232</ele>
        <time>2026-04-26T09:33:01.644Z</time>
      </trkpt>
      <trkpt lat="51.031535" lon="7.111254">
        <ele>130.380232</ele>
        <time>2026-04-26T09:33:08.656Z</time>
      </trkpt>
      <trkpt lat="51.031568" lon="7.111395">
        <ele>130.405374</ele>
        <time>2026-04-26T09:33:15.667Z</time>
      </trkpt>
      <trkpt lat="51.031604" lon="7.111537">
        <ele>130.430960</ele>
        <time>2026-04-26T09:33:23.589Z</time>
      </trkpt>
      <trkpt lat="51.031645" lon="7.111688">
        <ele>130.458446</ele>
        <time>2026-04-26T09:33:30.627Z</time>
      </trkpt>
      <trkpt lat="51.031678" lon="7.111841">
        <ele>130.485477</ele>
        <time>2026-04-26T09:33:38.646Z</time>
      </trkpt>
      <trkpt lat="51.031715" lon="7.111994">
        <ele>130.512871</ele>
        <time>2026-04-26T09:33:45.657Z</time>
      </trkpt>
      <trkpt lat="51.031745" lon="7.112136">
        <ele>130.537905</ele>
        <time>2026-04-26T09:33:51.635Z</time>
      </trkpt>
      <trkpt lat="51.031781" lon="7.112268">
        <ele>130.561949</ele>
        <time>2026-04-26T09:33:58.658Z</time>
      </trkpt>
      <trkpt lat="51.031821" lon="7.112406">
        <ele>130.587343</ele>
        <time>2026-04-26T09:34:06.653Z</time>
      </trkpt>
      <trkpt lat="51.031860" lon="7.112550">
        <ele>130.613544</ele>
        <time>2026-04-26T09:34:13.637Z</time>
      </trkpt>
      <trkpt lat="51.031894" lon="7.112693">
        <ele>130.639093</ele>
        <time>2026-04-26T09:34:20.634Z</time>
      </trkpt>
      <trkpt lat="51.031934" lon="7.112833">
        <ele>130.664790</ele>
        <time>2026-04-26T09:34:27.641Z</time>
      </trkpt>
      <trkpt lat="51.031961" lon="7.112970">
        <ele>130.688783</ele>
        <time>2026-04-26T09:34:34.650Z</time>
      </trkpt>
      <trkpt lat="51.032006" lon="7.113102">
        <ele>130.713875</ele>
        <time>2026-04-26T09:34:42.652Z</time>
      </trkpt>
      <trkpt lat="51.032034" lon="7.113260">
        <ele>130.741308</ele>
        <time>2026-04-26T09:34:49.630Z</time>
      </trkpt>
      <trkpt lat="51.032055" lon="7.113419">
        <ele>130.768459</ele>
        <time>2026-04-26T09:34:56.629Z</time>
      </trkpt>
      <trkpt lat="51.032084" lon="7.113575">
        <ele>130.795644</ele>
        <time>2026-04-26T09:35:03.626Z</time>
      </trkpt>
      <trkpt lat="51.032109" lon="7.113721">
        <ele>130.773676</ele>
        <time>2026-04-26T09:35:11.638Z</time>
      </trkpt>
      <trkpt lat="51.032135" lon="7.113859">
        <ele>130.645793</ele>
        <time>2026-04-26T09:35:18.654Z</time>
      </trkpt>
      <trkpt lat="51.032169" lon="7.113995">
        <ele>130.515876</ele>
        <time>2026-04-26T09:35:25.690Z</time>
      </trkpt>
      <trkpt lat="51.032191" lon="7.114143">
        <ele>130.380876</ele>
        <time>2026-04-26T09:35:33.626Z</time>
      </trkpt>
      <trkpt lat="51.032219" lon="7.114294">
        <ele>130.241127</ele>
        <time>2026-04-26T09:35:40.641Z</time>
      </trkpt>
      <trkpt lat="51.032252" lon="7.114430">
        <ele>130.111725</ele>
        <time>2026-04-26T09:35:47.641Z</time>
      </trkpt>
      <trkpt lat="51.032300" lon="7.114567">
        <ele>129.972510</ele>
        <time>2026-04-26T09:35:55.650Z</time>
      </trkpt>
      <trkpt lat="51.032311" lon="7.114717">
        <ele>129.838453</ele>
        <time>2026-04-26T09:36:01.651Z</time>
      </trkpt>
      <trkpt lat="51.032358" lon="7.114857">
        <ele>129.697575</ele>
        <time>2026-04-26T09:36:08.637Z</time>
      </trkpt>
      <trkpt lat="51.032368" lon="7.115014">
        <ele>129.557493</ele>
        <time>2026-04-26T09:36:16.635Z</time>
      </trkpt>
      <trkpt lat="51.032402" lon="7.115152">
        <ele>129.425925</ele>
        <time>2026-04-26T09:36:23.652Z</time>
      </trkpt>
      <trkpt lat="51.032440" lon="7.115292">
        <ele>129.290566</ele>
        <time>2026-04-26T09:36:42.636Z</time>
      </trkpt>
      <trkpt lat="51.032464" lon="7.115439">
        <ele>129.155749</ele>
        <time>2026-04-26T09:36:50.638Z</time>
      </trkpt>
      <trkpt lat="51.032493" lon="7.115583">
        <ele>129.021526</ele>
        <time>2026-04-26T09:36:57.650Z</time>
      </trkpt>
      <trkpt lat="51.032533" lon="7.115715">
        <ele>128.891456</ele>
        <time>2026-04-26T09:37:05.632Z</time>
      </trkpt>
      <trkpt lat="51.032623" lon="7.115749">
        <ele>128.760880</ele>
        <time>2026-04-26T09:37:18.586Z</time>
      </trkpt>
      <trkpt lat="51.032715" lon="7.115757">
        <ele>128.630824</ele>
        <time>2026-04-26T09:37:33.575Z</time>
      </trkpt>
      <trkpt lat="51.032803" lon="7.115816">
        <ele>128.496017</ele>
        <time>2026-04-26T09:37:41.585Z</time>
      </trkpt>
      <trkpt lat="51.032895" lon="7.115795">
        <ele>128.364823</ele>
        <time>2026-04-26T09:37:50.598Z</time>
      </trkpt>
      <trkpt lat="51.032989" lon="7.115774">
        <ele>128.278509</ele>
        <time>2026-04-26T09:37:58.573Z</time>
      </trkpt>
      <trkpt lat="51.033088" lon="7.115758">
        <ele>128.291182</ele>
        <time>2026-04-26T09:38:07.584Z</time>
      </trkpt>
      <trkpt lat="51.033182" lon="7.115734">
        <ele>128.303307</ele>
        <time>2026-04-26T09:38:20.607Z</time>
      </trkpt>
      <trkpt lat="51.033273" lon="7.115711">
        <ele>128.315041</ele>
        <time>2026-04-26T09:38:27.601Z</time>
      </trkpt>
      <trkpt lat="51.033366" lon="7.115686">
        <ele>128.327053</ele>
        <time>2026-04-26T09:38:40.610Z</time>
      </trkpt>
      <trkpt lat="51.033467" lon="7.115684">
        <ele>128.339917</ele>
        <time>2026-04-26T09:38:48.616Z</time>
      </trkpt>
      <trkpt lat="51.033561" lon="7.115684">
        <ele>128.351888</ele>
        <time>2026-04-26T09:38:57.602Z</time>
      </trkpt>
      <trkpt lat="51.033663" lon="7.115697">
        <ele>128.364920</ele>
        <time>2026-04-26T09:41:36.616Z</time>
      </trkpt>
      <trkpt lat="51.033765" lon="7.115684">
        <ele>128.377952</ele>
        <time>2026-04-26T09:41:47.625Z</time>
      </trkpt>
      <trkpt lat="51.033865" lon="7.115682">
        <ele>128.390688</ele>
        <time>2026-04-26T09:41:56.627Z</time>
      </trkpt>
      <trkpt lat="51.033955" lon="7.115661">
        <ele>128.402272</ele>
        <time>2026-04-26T09:42:07.633Z</time>
      </trkpt>
      <trkpt lat="51.034051" lon="7.115650">
        <ele>128.414530</ele>
        <time>2026-04-26T09:42:16.654Z</time>
      </trkpt>
      <trkpt lat="51.034150" lon="7.115645">
        <ele>128.427144</ele>
        <time>2026-04-26T09:42:23.640Z</time>
      </trkpt>
      <trkpt lat="51.034251" lon="7.115676">
        <ele>128.440244</ele>
        <time>2026-04-26T09:42:32.638Z</time>
      </trkpt>
      <trkpt lat="51.034339" lon="7.115730">
        <ele>128.452257</ele>
        <time>2026-04-26T09:42:39.630Z</time>
      </trkpt>
      <trkpt lat="51.034433" lon="7.115786">
        <ele>128.465041</ele>
        <time>2026-04-26T09:42:48.624Z</time>
      </trkpt>
      <trkpt lat="51.034522" lon="7.115807">
        <ele>128.476499</ele>
        <time>2026-04-26T09:42:57.642Z</time>
      </trkpt>
      <trkpt lat="51.034774" lon="7.115953">
        <ele>128.672561</ele>
        <time>2026-04-26T09:44:38.702Z</time>
      </trkpt>
      <trkpt lat="51.034873" lon="7.115987">
        <ele>128.982568</ele>
        <time>2026-04-26T09:44:46.639Z</time>
      </trkpt>
      <trkpt lat="51.034963" lon="7.116050">
        <ele>129.283550</ele>
        <time>2026-04-26T09:44:52.641Z</time>
      </trkpt>
      <trkpt lat="51.035058" lon="7.116094">
        <ele>129.586409</ele>
        <time>2026-04-26T09:45:02.648Z</time>
      </trkpt>
      <trkpt lat="51.035154" lon="7.116066">
        <ele>129.885149</ele>
        <time>2026-04-26T09:45:10.622Z</time>
      </trkpt>
      <trkpt lat="51.035234" lon="7.116136">
        <ele>130.164634</ele>
        <time>2026-04-26T09:45:15.588Z</time>
      </trkpt>
      <trkpt lat="51.035310" lon="7.116251">
        <ele>130.485739</ele>
        <time>2026-04-26T09:45:34.638Z</time>
      </trkpt>
      <trkpt lat="51.035404" lon="7.116259">
        <ele>130.773867</ele>
        <time>2026-04-26T09:45:40.640Z</time>
      </trkpt>
      <trkpt lat="51.035495" lon="7.116335">
        <ele>131.088477</ele>
        <time>2026-04-26T09:45:47.650Z</time>
      </trkpt>
      <trkpt lat="51.035584" lon="7.116362">
        <ele>131.365802</ele>
        <time>2026-04-26T09:45:55.641Z</time>
      </trkpt>
      <trkpt lat="51.035676" lon="7.116433">
        <ele>131.678805</ele>
        <time>2026-04-26T09:46:02.634Z</time>
      </trkpt>
      <trkpt lat="51.035759" lon="7.116510">
        <ele>131.972923</ele>
        <time>2026-04-26T09:46:09.656Z</time>
      </trkpt>
      <trkpt lat="51.035843" lon="7.116565">
        <ele>132.250972</ele>
        <time>2026-04-26T09:46:15.642Z</time>
      </trkpt>
      <trkpt lat="51.035902" lon="7.116702">
        <ele>132.570572</ele>
        <time>2026-04-26T09:46:23.654Z</time>
      </trkpt>
      <trkpt lat="51.035974" lon="7.116798">
        <ele>132.858163</ele>
        <time>2026-04-26T09:46:30.637Z</time>
      </trkpt>
      <trkpt lat="51.036020" lon="7.116929">
        <ele>133.146951</ele>
        <time>2026-04-26T09:46:56.607Z</time>
      </trkpt>
      <trkpt lat="51.036134" lon="7.116886">
        <ele>133.505565</ele>
        <time>2026-04-26T09:48:48.631Z</time>
      </trkpt>
      <trkpt lat="51.036227" lon="7.116968">
        <ele>133.831047</ele>
        <time>2026-04-26T09:48:58.647Z</time>
      </trkpt>
      <trkpt lat="51.036307" lon="7.117044">
        <ele>134.157897</ele>
        <time>2026-04-26T09:49:18.656Z</time>
      </trkpt>
      <trkpt lat="51.036400" lon="7.117012">
        <ele>134.562064</ele>
        <time>2026-04-26T09:50:18.575Z</time>
      </trkpt>
      <trkpt lat="51.036516" lon="7.117108">
        <ele>135.117512</ele>
        <time>2026-04-26T09:56:18.604Z</time>
      </trkpt>
      <trkpt lat="51.036614" lon="7.117157">
        <ele>135.553866</ele>
        <time>2026-04-26T09:56:28.618Z</time>
      </trkpt>
      <trkpt lat="51.036707" lon="7.117183">
        <ele>135.954950</ele>
        <time>2026-04-26T09:56:36.612Z</time>
      </trkpt>
      <trkpt lat="51.036789" lon="7.117243">
        <ele>136.338352</ele>
        <time>2026-04-26T09:56:54.605Z</time>
      </trkpt>
      <trkpt lat="51.036875" lon="7.117323">
        <ele>136.761551</ele>
        <time>2026-04-26T09:57:02.613Z</time>
      </trkpt>
      <trkpt lat="51.036964" lon="7.117366">
        <ele>137.156648</ele>
        <time>2026-04-26T09:57:09.591Z</time>
      </trkpt>
      <trkpt lat="51.037043" lon="7.117444">
        <ele>137.551622</ele>
        <time>2026-04-26T09:57:16.613Z</time>
      </trkpt>
      <trkpt lat="51.037127" lon="7.117524">
        <ele>137.967509</ele>
        <time>2026-04-26T09:57:22.627Z</time>
      </trkpt>
      <trkpt lat="51.037223" lon="7.117570">
        <ele>138.393386</ele>
        <time>2026-04-26T09:57:32.609Z</time>
      </trkpt>
      <trkpt lat="51.037313" lon="7.117621">
        <ele>138.799213</ele>
        <time>2026-04-26T09:57:40.606Z</time>
      </trkpt>
      <trkpt lat="51.037384" lon="7.117715">
        <ele>139.191623</ele>
        <time>2026-04-26T09:57:49.605Z</time>
      </trkpt>
      <trkpt lat="51.037468" lon="7.117771">
        <ele>139.578503</ele>
        <time>2026-04-26T09:57:57.581Z</time>
      </trkpt>
      <trkpt lat="51.037561" lon="7.117799">
        <ele>139.980546</ele>
        <time>2026-04-26T09:58:04.583Z</time>
      </trkpt>
      <trkpt lat="51.037645" lon="7.117861">
        <ele>140.373900</ele>
        <time>2026-04-26T09:58:11.602Z</time>
      </trkpt>
      <trkpt lat="51.037730" lon="7.117919">
        <ele>140.766776</ele>
        <time>2026-04-26T09:58:19.586Z</time>
      </trkpt>
      <trkpt lat="51.037810" lon="7.117987">
        <ele>141.152076</ele>
        <time>2026-04-26T09:58:28.586Z</time>
      </trkpt>
      <trkpt lat="51.037892" lon="7.118053">
        <ele>141.542447</ele>
        <time>2026-04-26T09:58:44.618Z</time>
      </trkpt>
      <trkpt lat="51.037970" lon="7.118147">
        <ele>141.585226</ele>
        <time>2026-04-26T09:58:52.600Z</time>
      </trkpt>
      <trkpt lat="51.038052" lon="7.118221">
        <ele>141.502861</ele>
        <time>2026-04-26T09:59:00.589Z</time>
      </trkpt>
      <trkpt lat="51.038132" lon="7.118291">
        <ele>141.423093</ele>
        <time>2026-04-26T09:59:08.596Z</time>
      </trkpt>
      <trkpt lat="51.038219" lon="7.118354">
        <ele>141.339581</ele>
        <time>2026-04-26T09:59:16.606Z</time>
      </trkpt>
      <trkpt lat="51.038304" lon="7.118397">
        <ele>141.261659</ele>
        <time>2026-04-26T09:59:24.667Z</time>
      </trkpt>
      <trkpt lat="51.038383" lon="7.118474">
        <ele>141.180714</ele>
        <time>2026-04-26T09:59:32.683Z</time>
      </trkpt>
      <trkpt lat="51.038471" lon="7.118537">
        <ele>141.096407</ele>
        <time>2026-04-26T09:59:40.645Z</time>
      </trkpt>
      <trkpt lat="51.038542" lon="7.118638">
        <ele>141.013188</ele>
        <time>2026-04-26T09:59:48.673Z</time>
      </trkpt>
      <trkpt lat="51.038614" lon="7.118746">
        <ele>140.926724</ele>
        <time>2026-04-26T09:59:57.651Z</time>
      </trkpt>
      <trkpt lat="51.038682" lon="7.118857">
        <ele>140.841596</ele>
        <time>2026-04-26T10:00:05.619Z</time>
      </trkpt>
      <trkpt lat="51.038737" lon="7.118985">
        <ele>140.756435</ele>
        <time>2026-04-26T10:00:13.661Z</time>
      </trkpt>
      <trkpt lat="51.038790" lon="7.119113">
        <ele>140.672247</ele>
        <time>2026-04-26T10:00:21.664Z</time>
      </trkpt>
      <trkpt lat="51.038845" lon="7.119228">
        <ele>140.592879</ele>
        <time>2026-04-26T10:00:30.683Z</time>
      </trkpt>
      <trkpt lat="51.038900" lon="7.119345">
        <ele>140.512634</ele>
        <time>2026-04-26T10:00:38.666Z</time>
      </trkpt>
      <trkpt lat="51.038955" lon="7.119458">
        <ele>140.434139</ele>
        <time>2026-04-26T10:00:46.641Z</time>
      </trkpt>
      <trkpt lat="51.039012" lon="7.119576">
        <ele>140.352401</ele>
        <time>2026-04-26T10:00:54.651Z</time>
      </trkpt>
      <trkpt lat="51.039055" lon="7.119704">
        <ele>140.272683</ele>
        <time>2026-04-26T10:01:02.665Z</time>
      </trkpt>
      <trkpt lat="51.039118" lon="7.119821">
        <ele>140.188069</ele>
        <time>2026-04-26T10:01:10.649Z</time>
      </trkpt>
      <trkpt lat="51.039171" lon="7.119937">
        <ele>140.109303</ele>
        <time>2026-04-26T10:01:35.583Z</time>
      </trkpt>
      <trkpt lat="51.039229" lon="7.120065">
        <ele>140.014772</ele>
        <time>2026-04-26T10:01:45.686Z</time>
      </trkpt>
      <trkpt lat="51.039274" lon="7.120197">
        <ele>139.920478</ele>
        <time>2026-04-26T10:01:55.631Z</time>
      </trkpt>
      <trkpt lat="51.039162" lon="7.120372">
        <ele>139.763666</ele>
        <time>2026-04-26T10:02:51.643Z</time>
      </trkpt>
      <trkpt lat="51.039067" lon="7.120386">
        <ele>139.668380</ele>
        <time>2026-04-26T10:02:58.687Z</time>
      </trkpt>
      <trkpt lat="51.038990" lon="7.120291">
        <ele>139.571050</ele>
        <time>2026-04-26T10:03:08.601Z</time>
      </trkpt>
      <trkpt lat="51.038898" lon="7.120252">
        <ele>139.475959</ele>
        <time>2026-04-26T10:03:15.636Z</time>
      </trkpt>
      <trkpt lat="51.038828" lon="7.120352">
        <ele>139.381983</ele>
        <time>2026-04-26T10:03:22.611Z</time>
      </trkpt>
      <trkpt lat="51.038776" lon="7.120477">
        <ele>139.287859</ele>
        <time>2026-04-26T10:03:31.621Z</time>
      </trkpt>
      <trkpt lat="51.038761" lon="7.120633">
        <ele>139.188753</ele>
        <time>2026-04-26T10:03:40.660Z</time>
      </trkpt>
      <trkpt lat="51.038842" lon="7.120716">
        <ele>139.092518</ele>
        <time>2026-04-26T10:03:48.610Z</time>
      </trkpt>
      <trkpt lat="51.038941" lon="7.120767">
        <ele>138.988586</ele>
        <time>2026-04-26T10:03:56.627Z</time>
      </trkpt>
      <trkpt lat="51.039034" lon="7.120815">
        <ele>138.890935</ele>
        <time>2026-04-26T10:04:04.652Z</time>
      </trkpt>
      <trkpt lat="51.039124" lon="7.120873">
        <ele>138.793950</ele>
        <time>2026-04-26T10:04:11.653Z</time>
      </trkpt>
      <trkpt lat="51.039210" lon="7.120925">
        <ele>138.702060</ele>
        <time>2026-04-26T10:04:19.623Z</time>
      </trkpt>
      <trkpt lat="51.039298" lon="7.120975">
        <ele>138.608731</ele>
        <time>2026-04-26T10:04:37.598Z</time>
      </trkpt>
      <trkpt lat="51.039383" lon="7.121031">
        <ele>138.516843</ele>
        <time>2026-04-26T10:04:44.620Z</time>
      </trkpt>
      <trkpt lat="51.039483" lon="7.121088">
        <ele>138.410749</ele>
        <time>2026-04-26T10:04:52.620Z</time>
      </trkpt>
      <trkpt lat="51.039574" lon="7.121153">
        <ele>138.311119</ele>
        <time>2026-04-26T10:05:01.614Z</time>
      </trkpt>
      <trkpt lat="51.039659" lon="7.121220">
        <ele>138.363677</ele>
        <time>2026-04-26T10:05:08.641Z</time>
      </trkpt>
      <trkpt lat="51.039751" lon="7.121281">
        <ele>138.490389</ele>
        <time>2026-04-26T10:05:16.677Z</time>
      </trkpt>
      <trkpt lat="51.039836" lon="7.121343">
        <ele>138.609268</ele>
        <time>2026-04-26T10:05:24.641Z</time>
      </trkpt>
      <trkpt lat="51.039931" lon="7.121386">
        <ele>138.734833</ele>
        <time>2026-04-26T10:05:33.637Z</time>
      </trkpt>
      <trkpt lat="51.040021" lon="7.121454">
        <ele>138.861501</ele>
        <time>2026-04-26T10:05:41.679Z</time>
      </trkpt>
      <trkpt lat="51.040113" lon="7.121499">
        <ele>138.983862</ele>
        <time>2026-04-26T10:05:48.628Z</time>
      </trkpt>
      <trkpt lat="51.040200" lon="7.121558">
        <ele>139.104096</ele>
        <time>2026-04-26T10:05:55.664Z</time>
      </trkpt>
      <trkpt lat="51.040286" lon="7.121614">
        <ele>139.222233</ele>
        <time>2026-04-26T10:06:02.670Z</time>
      </trkpt>
      <trkpt lat="51.040372" lon="7.121673">
        <ele>139.341299</ele>
        <time>2026-04-26T10:06:09.653Z</time>
      </trkpt>
      <trkpt lat="51.040463" lon="7.121728">
        <ele>139.465054</ele>
        <time>2026-04-26T10:06:17.634Z</time>
      </trkpt>
      <trkpt lat="51.040554" lon="7.121793">
        <ele>139.591870</ele>
        <time>2026-04-26T10:06:24.676Z</time>
      </trkpt>
      <trkpt lat="51.040644" lon="7.121853">
        <ele>139.715928</ele>
        <time>2026-04-26T10:06:32.668Z</time>
      </trkpt>
      <trkpt lat="51.040735" lon="7.121921">
        <ele>139.843745</ele>
        <time>2026-04-26T10:06:40.653Z</time>
      </trkpt>
      <trkpt lat="51.040820" lon="7.121980">
        <ele>139.961644</ele>
        <time>2026-04-26T10:06:47.687Z</time>
      </trkpt>
      <trkpt lat="51.040915" lon="7.122038">
        <ele>140.091006</ele>
        <time>2026-04-26T10:06:55.642Z</time>
      </trkpt>
      <trkpt lat="51.041005" lon="7.122090">
        <ele>140.212734</ele>
        <time>2026-04-26T10:07:02.670Z</time>
      </trkpt>
      <trkpt lat="51.041098" lon="7.122152">
        <ele>140.340927</ele>
        <time>2026-04-26T10:07:10.651Z</time>
      </trkpt>
      <trkpt lat="51.041181" lon="7.122229">
        <ele>140.463080</ele>
        <time>2026-04-26T10:07:18.667Z</time>
      </trkpt>
      <trkpt lat="51.041264" lon="7.122288">
        <ele>140.568191</ele>
        <time>2026-04-26T10:07:25.660Z</time>
      </trkpt>
      <trkpt lat="51.041355" lon="7.122347">
        <ele>140.573681</ele>
        <time>2026-04-26T10:07:33.653Z</time>
      </trkpt>
      <trkpt lat="51.041443" lon="7.122407">
        <ele>140.579029</ele>
        <time>2026-04-26T10:07:40.675Z</time>
      </trkpt>
      <trkpt lat="51.041526" lon="7.122463">
        <ele>140.584065</ele>
        <time>2026-04-26T10:07:47.639Z</time>
      </trkpt>
      <trkpt lat="51.041611" lon="7.122518">
        <ele>140.589191</ele>
        <time>2026-04-26T10:07:54.661Z</time>
      </trkpt>
      <trkpt lat="51.041702" lon="7.122581">
        <ele>140.594735</ele>
        <time>2026-04-26T10:08:01.644Z</time>
      </trkpt>
      <trkpt lat="51.041788" lon="7.122667">
        <ele>140.600409</ele>
        <time>2026-04-26T10:08:09.669Z</time>
      </trkpt>
      <trkpt lat="51.041882" lon="7.122729">
        <ele>140.606094</ele>
        <time>2026-04-26T10:08:17.690Z</time>
      </trkpt>
      <trkpt lat="51.041967" lon="7.122782">
        <ele>140.611194</ele>
        <time>2026-04-26T10:08:24.690Z</time>
      </trkpt>
      <trkpt lat="51.042056" lon="7.122836">
        <ele>140.616514</ele>
        <time>2026-04-26T10:08:32.644Z</time>
      </trkpt>
      <trkpt lat="51.042140" lon="7.122898">
        <ele>140.621687</ele>
        <time>2026-04-26T10:08:39.675Z</time>
      </trkpt>
      <trkpt lat="51.042225" lon="7.122961">
        <ele>140.626925</ele>
        <time>2026-04-26T10:08:47.652Z</time>
      </trkpt>
      <trkpt lat="51.042314" lon="7.123028">
        <ele>140.632426</ele>
        <time>2026-04-26T10:08:55.667Z</time>
      </trkpt>
      <trkpt lat="51.042407" lon="7.123103">
        <ele>140.638250</ele>
        <time>2026-04-26T10:09:03.645Z</time>
      </trkpt>
      <trkpt lat="51.042502" lon="7.123159">
        <ele>140.643910</ele>
        <time>2026-04-26T10:09:10.679Z</time>
      </trkpt>
      <trkpt lat="51.042717" lon="7.123276">
        <ele>140.656603</ele>
        <time>2026-04-26T10:10:02.611Z</time>
      </trkpt>
      <trkpt lat="51.042812" lon="7.123342">
        <ele>140.662393</ele>
        <time>2026-04-26T10:10:10.648Z</time>
      </trkpt>
      <trkpt lat="51.042898" lon="7.123389">
        <ele>140.667473</ele>
        <time>2026-04-26T10:10:17.673Z</time>
      </trkpt>
      <trkpt lat="51.042986" lon="7.123422">
        <ele>140.594376</ele>
        <time>2026-04-26T10:10:24.668Z</time>
      </trkpt>
      <trkpt lat="51.043080" lon="7.123468">
        <ele>140.501012</ele>
        <time>2026-04-26T10:10:31.636Z</time>
      </trkpt>
      <trkpt lat="51.043182" lon="7.123495">
        <ele>140.402851</ele>
        <time>2026-04-26T10:10:39.629Z</time>
      </trkpt>
      <trkpt lat="51.043274" lon="7.123524">
        <ele>140.313816</ele>
        <time>2026-04-26T10:10:46.652Z</time>
      </trkpt>
      <trkpt lat="51.043371" lon="7.123552">
        <ele>140.220229</ele>
        <time>2026-04-26T10:10:54.654Z</time>
      </trkpt>
      <trkpt lat="51.043415" lon="7.123693">
        <ele>140.126276</ele>
        <time>2026-04-26T10:11:02.664Z</time>
      </trkpt>
      <trkpt lat="51.043488" lon="7.123947">
        <ele>139.959585</ele>
        <time>2026-04-26T10:12:27.635Z</time>
      </trkpt>
      <trkpt lat="51.043579" lon="7.124005">
        <ele>139.866520</ele>
        <time>2026-04-26T10:12:38.615Z</time>
      </trkpt>
      <trkpt lat="51.043676" lon="7.124013">
        <ele>139.774313</ele>
        <time>2026-04-26T10:12:46.649Z</time>
      </trkpt>
      <trkpt lat="51.043816" lon="7.124083">
        <ele>139.634997</ele>
        <time>2026-04-26T10:13:52.635Z</time>
      </trkpt>
      <trkpt lat="51.043902" lon="7.124146">
        <ele>139.545114</ele>
        <time>2026-04-26T10:14:06.636Z</time>
      </trkpt>
      <trkpt lat="51.043990" lon="7.124185">
        <ele>139.458392</ele>
        <time>2026-04-26T10:14:20.651Z</time>
      </trkpt>
      <trkpt lat="51.044073" lon="7.124261">
        <ele>139.367475</ele>
        <time>2026-04-26T10:14:28.661Z</time>
      </trkpt>
      <trkpt lat="51.044157" lon="7.124324">
        <ele>139.279312</ele>
        <time>2026-04-26T10:14:35.604Z</time>
      </trkpt>
      <trkpt lat="51.044236" lon="7.124403">
        <ele>139.190726</ele>
        <time>2026-04-26T10:14:42.649Z</time>
      </trkpt>
      <trkpt lat="51.044322" lon="7.124502">
        <ele>139.089946</ele>
        <time>2026-04-26T10:14:50.635Z</time>
      </trkpt>
      <trkpt lat="51.044393" lon="7.124619">
        <ele>138.992893</ele>
        <time>2026-04-26T10:14:58.661Z</time>
      </trkpt>
      <trkpt lat="51.044460" lon="7.124724">
        <ele>139.125466</ele>
        <time>2026-04-26T10:15:05.660Z</time>
      </trkpt>
      <trkpt lat="51.044531" lon="7.124833">
        <ele>139.395711</ele>
        <time>2026-04-26T10:15:13.637Z</time>
      </trkpt>
      <trkpt lat="51.044607" lon="7.124921">
        <ele>139.653159</ele>
        <time>2026-04-26T10:15:23.674Z</time>
      </trkpt>
      <trkpt lat="51.044686" lon="7.125004">
        <ele>139.912452</ele>
        <time>2026-04-26T10:15:31.640Z</time>
      </trkpt>
      <trkpt lat="51.044767" lon="7.125077">
        <ele>140.167418</ele>
        <time>2026-04-26T10:15:40.642Z</time>
      </trkpt>
      <trkpt lat="51.044967" lon="7.125202">
        <ele>140.755917</ele>
        <time>2026-04-26T10:16:06.673Z</time>
      </trkpt>
      <trkpt lat="51.045056" lon="7.125233">
        <ele>141.005432</ele>
        <time>2026-04-26T10:16:14.680Z</time>
      </trkpt>
      <trkpt lat="51.045153" lon="7.125287">
        <ele>141.286883</ele>
        <time>2026-04-26T10:16:21.651Z</time>
      </trkpt>
      <trkpt lat="51.045242" lon="7.125316">
        <ele>141.535685</ele>
        <time>2026-04-26T10:16:27.628Z</time>
      </trkpt>
      <trkpt lat="51.045331" lon="7.125344">
        <ele>141.784147</ele>
        <time>2026-04-26T10:16:34.681Z</time>
      </trkpt>
      <trkpt lat="51.045425" lon="7.125401">
        <ele>142.059653</ele>
        <time>2026-04-26T10:16:42.628Z</time>
      </trkpt>
      <trkpt lat="51.045521" lon="7.125415">
        <ele>142.323666</ele>
        <time>2026-04-26T10:16:48.635Z</time>
      </trkpt>
      <trkpt lat="51.045611" lon="7.125451">
        <ele>142.577819</ele>
        <time>2026-04-26T10:16:56.643Z</time>
      </trkpt>
      <trkpt lat="51.045699" lon="7.125492">
        <ele>142.828947</ele>
        <time>2026-04-26T10:17:04.671Z</time>
      </trkpt>
      <trkpt lat="51.045783" lon="7.125562">
        <ele>143.088654</ele>
        <time>2026-04-26T10:17:11.650Z</time>
      </trkpt>
      <trkpt lat="51.045872" lon="7.125629">
        <ele>143.358315</ele>
        <time>2026-04-26T10:17:19.661Z</time>
      </trkpt>
      <trkpt lat="51.045957" lon="7.125704">
        <ele>143.624518</ele>
        <time>2026-04-26T10:17:27.651Z</time>
      </trkpt>
      <trkpt lat="51.046036" lon="7.125784">
        <ele>143.880998</ele>
        <time>2026-04-26T10:17:34.651Z</time>
      </trkpt>
      <trkpt lat="51.046127" lon="7.125809">
        <ele>144.120404</ele>
        <time>2026-04-26T10:17:42.677Z</time>
      </trkpt>
      <trkpt lat="51.046215" lon="7.125850">
        <ele>144.357824</ele>
        <time>2026-04-26T10:17:48.656Z</time>
      </trkpt>
      <trkpt lat="51.046303" lon="7.125896">
        <ele>144.597659</ele>
        <time>2026-04-26T10:17:56.652Z</time>
      </trkpt>
      <trkpt lat="51.046394" lon="7.125957">
        <ele>144.853341</ele>
        <time>2026-04-26T10:18:03.693Z</time>
      </trkpt>
      <trkpt lat="51.046476" lon="7.126031">
        <ele>145.097443</ele>
        <time>2026-04-26T10:18:15.682Z</time>
      </trkpt>
      <trkpt lat="51.046543" lon="7.126136">
        <ele>145.340971</ele>
        <time>2026-04-26T10:18:23.671Z</time>
      </trkpt>
      <trkpt lat="51.046600" lon="7.126250">
        <ele>145.578069</ele>
        <time>2026-04-26T10:18:29.680Z</time>
      </trkpt>
      <trkpt lat="51.046673" lon="7.126347">
        <ele>145.824351</ele>
        <time>2026-04-26T10:18:38.634Z</time>
      </trkpt>
      <trkpt lat="51.046719" lon="7.126484">
        <ele>146.077168</ele>
        <time>2026-04-26T10:18:46.674Z</time>
      </trkpt>
      <trkpt lat="51.046782" lon="7.126594">
        <ele>146.319383</ele>
        <time>2026-04-26T10:18:56.660Z</time>
      </trkpt>
      <trkpt lat="51.046836" lon="7.126713">
        <ele>146.558275</ele>
        <time>2026-04-26T10:19:03.630Z</time>
      </trkpt>
      <trkpt lat="51.046898" lon="7.126824">
        <ele>146.799968</ele>
        <time>2026-04-26T10:19:11.677Z</time>
      </trkpt>
      <trkpt lat="51.046954" lon="7.126948">
        <ele>147.048490</ele>
        <time>2026-04-26T10:19:18.688Z</time>
      </trkpt>
      <trkpt lat="51.047022" lon="7.127049">
        <ele>147.289378</ele>
        <time>2026-04-26T10:19:26.643Z</time>
      </trkpt>
      <trkpt lat="51.047113" lon="7.127102">
        <ele>147.540290</ele>
        <time>2026-04-26T10:19:35.647Z</time>
      </trkpt>
      <trkpt lat="51.047210" lon="7.127134">
        <ele>147.796783</ele>
        <time>2026-04-26T10:19:42.664Z</time>
      </trkpt>
      <trkpt lat="51.047304" lon="7.127151">
        <ele>148.041733</ele>
        <time>2026-04-26T10:19:49.639Z</time>
      </trkpt>
      <trkpt lat="51.047402" lon="7.127132">
        <ele>148.297349</ele>
        <time>2026-04-26T10:19:55.651Z</time>
      </trkpt>
      <trkpt lat="51.047503" lon="7.127144">
        <ele>148.556713</ele>
        <time>2026-04-26T10:20:03.655Z</time>
      </trkpt>
      <trkpt lat="51.047605" lon="7.127180">
        <ele>148.778811</ele>
        <time>2026-04-26T10:20:12.652Z</time>
      </trkpt>
      <trkpt lat="51.047699" lon="7.127210">
        <ele>148.982613</ele>
        <time>2026-04-26T10:20:20.651Z</time>
      </trkpt>
      <trkpt lat="51.047797" lon="7.127257">
        <ele>149.200198</ele>
        <time>2026-04-26T10:20:27.638Z</time>
      </trkpt>
      <trkpt lat="51.047888" lon="7.127262">
        <ele>149.393756</ele>
        <time>2026-04-26T10:20:35.657Z</time>
      </trkpt>
      <trkpt lat="51.047978" lon="7.127247">
        <ele>149.586120</ele>
        <time>2026-04-26T10:20:42.661Z</time>
      </trkpt>
      <trkpt lat="51.048072" lon="7.127200">
        <ele>149.795578</ele>
        <time>2026-04-26T10:20:49.649Z</time>
      </trkpt>
      <trkpt lat="51.048169" lon="7.127203">
        <ele>150.001814</ele>
        <time>2026-04-26T10:20:56.656Z</time>
      </trkpt>
      <trkpt lat="51.048269" lon="7.127200">
        <ele>150.214425</ele>
        <time>2026-04-26T10:21:04.648Z</time>
      </trkpt>
      <trkpt lat="51.048360" lon="7.127200">
        <ele>150.407868</ele>
        <time>2026-04-26T10:21:13.653Z</time>
      </trkpt>
      <trkpt lat="51.048451" lon="7.127194">
        <ele>150.601476</ele>
        <time>2026-04-26T10:21:19.688Z</time>
      </trkpt>
      <trkpt lat="51.048547" lon="7.127232">
        <ele>150.811770</ele>
        <time>2026-04-26T10:21:28.689Z</time>
      </trkpt>
      <trkpt lat="51.048640" lon="7.127254">
        <ele>151.011638</ele>
        <time>2026-04-26T10:21:37.640Z</time>
      </trkpt>
      <trkpt lat="51.048730" lon="7.127294">
        <ele>151.210282</ele>
        <time>2026-04-26T10:21:46.682Z</time>
      </trkpt>
      <trkpt lat="51.048827" lon="7.127321">
        <ele>151.419612</ele>
        <time>2026-04-26T10:21:56.674Z</time>
      </trkpt>
      <trkpt lat="51.048917" lon="7.127376">
        <ele>151.624561</ele>
        <time>2026-04-26T10:22:06.664Z</time>
      </trkpt>
      <trkpt lat="51.049013" lon="7.127417">
        <ele>151.835859</ele>
        <time>2026-04-26T10:22:15.661Z</time>
      </trkpt>
      <trkpt lat="51.049111" lon="7.127467">
        <ele>152.054635</ele>
        <time>2026-04-26T10:22:23.662Z</time>
      </trkpt>
      <trkpt lat="51.049209" lon="7.127478">
        <ele>152.263475</ele>
        <time>2026-04-26T10:22:31.676Z</time>
      </trkpt>
      <trkpt lat="51.049298" lon="7.127499">
        <ele>152.526445</ele>
        <time>2026-04-26T10:22:39.605Z</time>
      </trkpt>
      <trkpt lat="51.049382" lon="7.127557">
        <ele>152.880188</ele>
        <time>2026-04-26T10:22:45.710Z</time>
      </trkpt>
      <trkpt lat="51.049468" lon="7.127621">
        <ele>153.246964</ele>
        <time>2026-04-26T10:22:55.640Z</time>
      </trkpt>
      <trkpt lat="51.049565" lon="7.127684">
        <ele>153.651705</ele>
        <time>2026-04-26T10:23:01.658Z</time>
      </trkpt>
      <trkpt lat="51.049626" lon="7.127793">
        <ele>154.006098</ele>
        <time>2026-04-26T10:23:10.647Z</time>
      </trkpt>
      <trkpt lat="51.049651" lon="7.127937">
        <ele>154.368887</ele>
        <time>2026-04-26T10:23:22.673Z</time>
      </trkpt>
      <trkpt lat="51.049639" lon="7.128080">
        <ele>154.719237</ele>
        <time>2026-04-26T10:23:32.647Z</time>
      </trkpt>
      <trkpt lat="51.049545" lon="7.128102">
        <ele>155.086268</ele>
        <time>2026-04-26T10:23:44.666Z</time>
      </trkpt>
      <trkpt lat="51.049638" lon="7.128146">
        <ele>155.461081</ele>
        <time>2026-04-26T10:25:21.682Z</time>
      </trkpt>
      <trkpt lat="51.049719" lon="7.128237">
        <ele>155.844153</ele>
        <time>2026-04-26T10:25:34.610Z</time>
      </trkpt>
      <trkpt lat="51.049812" lon="7.128289">
        <ele>156.224960</ele>
        <time>2026-04-26T10:25:50.624Z</time>
      </trkpt>
      <trkpt lat="51.049884" lon="7.128381">
        <ele>156.581716</ele>
        <time>2026-04-26T10:26:03.640Z</time>
      </trkpt>
      <trkpt lat="51.049977" lon="7.128436">
        <ele>156.964999</ele>
        <time>2026-04-26T10:26:10.696Z</time>
      </trkpt>
      <trkpt lat="51.050066" lon="7.128473">
        <ele>157.320353</ele>
        <time>2026-04-26T10:26:19.672Z</time>
      </trkpt>
      <trkpt lat="51.050166" lon="7.128502">
        <ele>157.713020</ele>
        <time>2026-04-26T10:26:27.696Z</time>
      </trkpt>
      <trkpt lat="51.050262" lon="7.128538">
        <ele>158.094033</ele>
        <time>2026-04-26T10:26:34.684Z</time>
      </trkpt>
      <trkpt lat="51.050350" lon="7.128590">
        <ele>158.456673</ele>
        <time>2026-04-26T10:26:45.638Z</time>
      </trkpt>
      <trkpt lat="51.050433" lon="7.128646">
        <ele>158.804950</ele>
        <time>2026-04-26T10:26:55.678Z</time>
      </trkpt>
      <trkpt lat="51.050516" lon="7.128720">
        <ele>159.172503</ele>
        <time>2026-04-26T10:27:04.670Z</time>
      </trkpt>
      <trkpt lat="51.050600" lon="7.128804">
        <ele>159.253708</ele>
        <time>2026-04-26T10:27:13.647Z</time>
      </trkpt>
      <trkpt lat="51.050670" lon="7.128896">
        <ele>159.164155</ele>
        <time>2026-04-26T10:27:22.662Z</time>
      </trkpt>
      <trkpt lat="51.050723" lon="7.129024">
        <ele>159.069128</ele>
        <time>2026-04-26T10:27:30.668Z</time>
      </trkpt>
      <trkpt lat="51.050792" lon="7.129147">
        <ele>158.966920</ele>
        <time>2026-04-26T10:27:46.654Z</time>
      </trkpt>
      <trkpt lat="51.050862" lon="7.129252">
        <ele>158.872030</ele>
        <time>2026-04-26T10:27:54.682Z</time>
      </trkpt>
      <trkpt lat="51.050933" lon="7.129350">
        <ele>158.779321</ele>
        <time>2026-04-26T10:28:02.666Z</time>
      </trkpt>
      <trkpt lat="51.051025" lon="7.129413">
        <ele>158.680536</ele>
        <time>2026-04-26T10:28:10.675Z</time>
      </trkpt>
      <trkpt lat="51.051114" lon="7.129476">
        <ele>158.584461</ele>
        <time>2026-04-26T10:28:18.677Z</time>
      </trkpt>
      <trkpt lat="51.051197" lon="7.129554">
        <ele>158.489385</ele>
        <time>2026-04-26T10:28:25.686Z</time>
      </trkpt>
      <trkpt lat="51.051286" lon="7.129628">
        <ele>158.390341</ele>
        <time>2026-04-26T10:28:32.671Z</time>
      </trkpt>
      <trkpt lat="51.051365" lon="7.129711">
        <ele>158.296968</ele>
        <time>2026-04-26T10:28:40.710Z</time>
      </trkpt>
      <trkpt lat="51.051440" lon="7.129803">
        <ele>158.203561</ele>
        <time>2026-04-26T10:28:47.671Z</time>
      </trkpt>
      <trkpt lat="51.051505" lon="7.129929">
        <ele>158.102506</ele>
        <time>2026-04-26T10:28:55.624Z</time>
      </trkpt>
      <trkpt lat="51.051520" lon="7.130078">
        <ele>158.008952</ele>
        <time>2026-04-26T10:29:03.679Z</time>
      </trkpt>
      <trkpt lat="51.051527" lon="7.130231">
        <ele>157.913844</ele>
        <time>2026-04-26T10:29:11.630Z</time>
      </trkpt>
      <trkpt lat="51.051534" lon="7.130386">
        <ele>157.817500</ele>
        <time>2026-04-26T10:29:19.685Z</time>
      </trkpt>
      <trkpt lat="51.051548" lon="7.130532">
        <ele>157.725935</ele>
        <time>2026-04-26T10:29:27.643Z</time>
      </trkpt>
      <trkpt lat="51.051582" lon="7.130675">
        <ele>157.631149</ele>
        <time>2026-04-26T10:29:35.704Z</time>
      </trkpt>
      <trkpt lat="51.051625" lon="7.130812">
        <ele>157.535159</ele>
        <time>2026-04-26T10:29:43.674Z</time>
      </trkpt>
      <trkpt lat="51.051665" lon="7.130951">
        <ele>157.420458</ele>
        <time>2026-04-26T10:29:51.682Z</time>
      </trkpt>
      <trkpt lat="51.051723" lon="7.131080">
        <ele>157.301459</ele>
        <time>2026-04-26T10:29:59.687Z</time>
      </trkpt>
      <trkpt lat="51.051764" lon="7.131215">
        <ele>157.188966</ele>
        <time>2026-04-26T10:30:06.670Z</time>
      </trkpt>
      <trkpt lat="51.051819" lon="7.131347">
        <ele>157.070145</ele>
        <time>2026-04-26T10:30:14.705Z</time>
      </trkpt>
      <trkpt lat="51.051861" lon="7.131482">
        <ele>156.957128</ele>
        <time>2026-04-26T10:30:21.661Z</time>
      </trkpt>
      <trkpt lat="51.051909" lon="7.131613">
        <ele>156.843360</ele>
        <time>2026-04-26T10:30:29.684Z</time>
      </trkpt>
      <trkpt lat="51.051951" lon="7.131751">
        <ele>156.728321</ele>
        <time>2026-04-26T10:30:37.670Z</time>
      </trkpt>
      <trkpt lat="51.051993" lon="7.131880">
        <ele>156.619320</ele>
        <time>2026-04-26T10:30:45.678Z</time>
      </trkpt>
      <trkpt lat="51.052062" lon="7.131998">
        <ele>156.498402</ele>
        <time>2026-04-26T10:30:53.681Z</time>
      </trkpt>
      <trkpt lat="51.051992" lon="7.131882">
        <ele>156.377755</ele>
        <time>2026-04-26T10:31:35.621Z</time>
      </trkpt>
      <trkpt lat="51.051947" lon="7.131734">
        <ele>156.254403</ele>
        <time>2026-04-26T10:31:43.661Z</time>
      </trkpt>
      <trkpt lat="51.051916" lon="7.131585">
        <ele>156.136644</ele>
        <time>2026-04-26T10:31:50.645Z</time>
      </trkpt>
      <trkpt lat="51.051868" lon="7.131437">
        <ele>156.011691</ele>
        <time>2026-04-26T10:31:58.685Z</time>
      </trkpt>
      <trkpt lat="51.051819" lon="7.131311">
        <ele>155.900524</ele>
        <time>2026-04-26T10:32:06.646Z</time>
      </trkpt>
      <trkpt lat="51.051773" lon="7.131170">
        <ele>155.781332</ele>
        <time>2026-04-26T10:32:13.658Z</time>
      </trkpt>
      <trkpt lat="51.051729" lon="7.131023">
        <ele>155.659172</ele>
        <time>2026-04-26T10:32:21.690Z</time>
      </trkpt>
      <trkpt lat="51.051676" lon="7.130892">
        <ele>155.542285</ele>
        <time>2026-04-26T10:32:29.683Z</time>
      </trkpt>
      <trkpt lat="51.051627" lon="7.130754">
        <ele>155.423367</ele>
        <time>2026-04-26T10:32:37.715Z</time>
      </trkpt>
      <trkpt lat="51.051590" lon="7.130606">
        <ele>155.608970</ele>
        <time>2026-04-26T10:32:45.696Z</time>
      </trkpt>
      <trkpt lat="51.051557" lon="7.130450">
        <ele>155.901633</ele>
        <time>2026-04-26T10:32:53.666Z</time>
      </trkpt>
      <trkpt lat="51.051549" lon="7.130308">
        <ele>156.155131</ele>
        <time>2026-04-26T10:33:00.689Z</time>
      </trkpt>
      <trkpt lat="51.051539" lon="7.130149">
        <ele>156.439256</ele>
        <time>2026-04-26T10:33:08.670Z</time>
      </trkpt>
      <trkpt lat="51.051531" lon="7.130000">
        <ele>156.705153</ele>
        <time>2026-04-26T10:33:15.644Z</time>
      </trkpt>
      <trkpt lat="51.051487" lon="7.129863">
        <ele>156.978700</ele>
        <time>2026-04-26T10:33:24.691Z</time>
      </trkpt>
      <trkpt lat="51.051418" lon="7.129759">
        <ele>157.247560</ele>
        <time>2026-04-26T10:33:39.679Z</time>
      </trkpt>
      <trkpt lat="51.051334" lon="7.129700">
        <ele>157.507286</ele>
        <time>2026-04-26T10:33:47.625Z</time>
      </trkpt>
      <trkpt lat="51.051253" lon="7.129602">
        <ele>157.795132</ele>
        <time>2026-04-26T10:33:55.688Z</time>
      </trkpt>
      <trkpt lat="51.051164" lon="7.129545">
        <ele>158.066507</ele>
        <time>2026-04-26T10:34:03.690Z</time>
      </trkpt>
      <trkpt lat="51.051090" lon="7.129457">
        <ele>158.327839</ele>
        <time>2026-04-26T10:34:11.620Z</time>
      </trkpt>
      <trkpt lat="51.051274" lon="7.129183">
        <ele>159.040739</ele>
        <time>2026-04-26T10:35:01.676Z</time>
      </trkpt>
      <trkpt lat="51.051326" lon="7.129049">
        <ele>159.320743</ele>
        <time>2026-04-26T10:35:12.678Z</time>
      </trkpt>
      <trkpt lat="51.051406" lon="7.128955">
        <ele>159.602060</ele>
        <time>2026-04-26T10:35:20.698Z</time>
      </trkpt>
      <trkpt lat="51.051326" lon="7.129033">
        <ele>159.867462</ele>
        <time>2026-04-26T10:36:48.680Z</time>
      </trkpt>
      <trkpt lat="51.051277" lon="7.129178">
        <ele>160.160176</ele>
        <time>2026-04-26T10:37:15.638Z</time>
      </trkpt>
      <trkpt lat="51.051200" lon="7.129258">
        <ele>160.420310</ele>
        <time>2026-04-26T10:37:22.611Z</time>
      </trkpt>
      <trkpt lat="51.051119" lon="7.129353">
        <ele>160.231103</ele>
        <time>2026-04-26T10:37:34.600Z</time>
      </trkpt>
      <trkpt lat="51.051064" lon="7.129481">
        <ele>159.921105</ele>
        <time>2026-04-26T10:37:54.627Z</time>
      </trkpt>
      <trkpt lat="51.051187" lon="7.129520">
        <ele>159.522196</ele>
        <time>2026-04-26T10:39:46.681Z</time>
      </trkpt>
      <trkpt lat="51.051258" lon="7.129623">
        <ele>159.216572</ele>
        <time>2026-04-26T10:39:53.617Z</time>
      </trkpt>
      <trkpt lat="51.051338" lon="7.129699">
        <ele>158.920204</ele>
        <time>2026-04-26T10:40:01.647Z</time>
      </trkpt>
      <trkpt lat="51.051427" lon="7.129761">
        <ele>158.611178</ele>
        <time>2026-04-26T10:40:08.675Z</time>
      </trkpt>
      <trkpt lat="51.051504" lon="7.129865">
        <ele>158.289904</ele>
        <time>2026-04-26T10:40:16.705Z</time>
      </trkpt>
      <trkpt lat="51.051531" lon="7.130019">
        <ele>157.970247</ele>
        <time>2026-04-26T10:40:24.664Z</time>
      </trkpt>
      <trkpt lat="51.051527" lon="7.130180">
        <ele>157.648094</ele>
        <time>2026-04-26T10:40:32.678Z</time>
      </trkpt>
      <trkpt lat="51.051537" lon="7.130338">
        <ele>157.330593</ele>
        <time>2026-04-26T10:40:40.691Z</time>
      </trkpt>
      <trkpt lat="51.051553" lon="7.130486">
        <ele>157.030339</ele>
        <time>2026-04-26T10:40:48.709Z</time>
      </trkpt>
      <trkpt lat="51.051572" lon="7.130629">
        <ele>156.738110</ele>
        <time>2026-04-26T10:40:55.690Z</time>
      </trkpt>
      <trkpt lat="51.051606" lon="7.130767">
        <ele>156.441759</ele>
        <time>2026-04-26T10:41:02.695Z</time>
      </trkpt>
      <trkpt lat="51.051651" lon="7.130904">
        <ele>156.132704</ele>
        <time>2026-04-26T10:41:10.654Z</time>
      </trkpt>
      <trkpt lat="51.051698" lon="7.131030">
        <ele>155.839767</ele>
        <time>2026-04-26T10:41:17.703Z</time>
      </trkpt>
      <trkpt lat="51.051745" lon="7.131171">
        <ele>155.520673</ele>
        <time>2026-04-26T10:41:25.682Z</time>
      </trkpt>
      <trkpt lat="51.051793" lon="7.131292">
        <ele>155.234604</ele>
        <time>2026-04-26T10:41:32.686Z</time>
      </trkpt>
      <trkpt lat="51.051841" lon="7.131435">
        <ele>154.910485</ele>
        <time>2026-04-26T10:41:39.702Z</time>
      </trkpt>
      <trkpt lat="51.051894" lon="7.131557">
        <ele>154.656667</ele>
        <time>2026-04-26T10:41:46.700Z</time>
      </trkpt>
      <trkpt lat="51.051938" lon="7.131689">
        <ele>154.444584</ele>
        <time>2026-04-26T10:41:53.692Z</time>
      </trkpt>
      <trkpt lat="51.051973" lon="7.131829">
        <ele>154.230720</ele>
        <time>2026-04-26T10:42:00.704Z</time>
      </trkpt>
      <trkpt lat="51.052015" lon="7.131960">
        <ele>154.021981</ele>
        <time>2026-04-26T10:42:07.658Z</time>
      </trkpt>
      <trkpt lat="51.052084" lon="7.132056">
        <ele>153.814990</ele>
        <time>2026-04-26T10:42:14.680Z</time>
      </trkpt>
      <trkpt lat="51.052168" lon="7.132118">
        <ele>153.605889</ele>
        <time>2026-04-26T10:42:21.701Z</time>
      </trkpt>
      <trkpt lat="51.052262" lon="7.132124">
        <ele>153.393458</ele>
        <time>2026-04-26T10:42:28.646Z</time>
      </trkpt>
      <trkpt lat="51.052454" lon="7.132237">
        <ele>152.931186</ele>
        <time>2026-04-26T10:43:52.659Z</time>
      </trkpt>
      <trkpt lat="51.052551" lon="7.132277">
        <ele>152.704912</ele>
        <time>2026-04-26T10:44:13.704Z</time>
      </trkpt>
      <trkpt lat="51.052577" lon="7.132424">
        <ele>152.488151</ele>
        <time>2026-04-26T10:44:19.663Z</time>
      </trkpt>
      <trkpt lat="51.052601" lon="7.132570">
        <ele>152.273943</ele>
        <time>2026-04-26T10:44:28.653Z</time>
      </trkpt>
      <trkpt lat="51.052687" lon="7.132615">
        <ele>152.069512</ele>
        <time>2026-04-26T10:44:35.656Z</time>
      </trkpt>
      <trkpt lat="51.052766" lon="7.132692">
        <ele>151.860303</ele>
        <time>2026-04-26T10:44:42.629Z</time>
      </trkpt>
      <trkpt lat="51.052857" lon="7.132740">
        <ele>151.643817</ele>
        <time>2026-04-26T10:44:50.695Z</time>
      </trkpt>
      <trkpt lat="51.052928" lon="7.132834">
        <ele>151.435234</ele>
        <time>2026-04-26T10:44:56.683Z</time>
      </trkpt>
      <trkpt lat="51.053009" lon="7.132898">
        <ele>151.231012</ele>
        <time>2026-04-26T10:45:04.702Z</time>
      </trkpt>
      <trkpt lat="51.053095" lon="7.132966">
        <ele>151.014152</ele>
        <time>2026-04-26T10:45:12.711Z</time>
      </trkpt>
      <trkpt lat="51.053166" lon="7.133059">
        <ele>150.806475</ele>
        <time>2026-04-26T10:45:20.687Z</time>
      </trkpt>
      <trkpt lat="51.053242" lon="7.133148">
        <ele>150.699664</ele>
        <time>2026-04-26T10:45:29.689Z</time>
      </trkpt>
      <trkpt lat="51.053324" lon="7.133221">
        <ele>150.699664</ele>
        <time>2026-04-26T10:45:37.634Z</time>
      </trkpt>
      <trkpt lat="51.053406" lon="7.133308">
        <ele>150.699664</ele>
        <time>2026-04-26T10:45:48.702Z</time>
      </trkpt>
      <trkpt lat="51.053491" lon="7.133369">
        <ele>150.699664</ele>
        <time>2026-04-26T10:45:57.646Z</time>
      </trkpt>
      <trkpt lat="51.053578" lon="7.133432">
        <ele>150.699664</ele>
        <time>2026-04-26T10:46:04.681Z</time>
      </trkpt>
      <trkpt lat="51.053658" lon="7.133349">
        <ele>150.699664</ele>
        <time>2026-04-26T10:46:12.646Z</time>
      </trkpt>
      <trkpt lat="51.053727" lon="7.133249">
        <ele>150.699664</ele>
        <time>2026-04-26T10:46:22.670Z</time>
      </trkpt>
      <trkpt lat="51.053812" lon="7.133175">
        <ele>150.699664</ele>
        <time>2026-04-26T10:46:37.623Z</time>
      </trkpt>
      <trkpt lat="51.053903" lon="7.133122">
        <ele>150.699664</ele>
        <time>2026-04-26T10:46:44.647Z</time>
      </trkpt>
      <trkpt lat="51.053970" lon="7.133023">
        <ele>150.699664</ele>
        <time>2026-04-26T10:47:15.680Z</time>
      </trkpt>
      <trkpt lat="51.054066" lon="7.133021">
        <ele>150.699664</ele>
        <time>2026-04-26T10:47:23.687Z</time>
      </trkpt>
      <trkpt lat="51.054148" lon="7.132954">
        <ele>150.699664</ele>
        <time>2026-04-26T10:47:31.692Z</time>
      </trkpt>
      <trkpt lat="51.054182" lon="7.132818">
        <ele>150.699664</ele>
        <time>2026-04-26T10:47:39.677Z</time>
      </trkpt>
      <trkpt lat="51.054213" lon="7.132680">
        <ele>150.699664</ele>
        <time>2026-04-26T10:47:47.686Z</time>
      </trkpt>
      <trkpt lat="51.054244" lon="7.132525">
        <ele>150.699664</ele>
        <time>2026-04-26T10:47:55.708Z</time>
      </trkpt>
      <trkpt lat="51.054255" lon="7.132366">
        <ele>150.699664</ele>
        <time>2026-04-26T10:48:03.661Z</time>
      </trkpt>
      <trkpt lat="51.054267" lon="7.132208">
        <ele>150.699664</ele>
        <time>2026-04-26T10:48:11.679Z</time>
      </trkpt>
      <trkpt lat="51.054273" lon="7.132050">
        <ele>150.699664</ele>
        <time>2026-04-26T10:48:19.679Z</time>
      </trkpt>
      <trkpt lat="51.054280" lon="7.131893">
        <ele>150.699664</ele>
        <time>2026-04-26T10:48:27.697Z</time>
      </trkpt>
      <trkpt lat="51.054316" lon="7.131746">
        <ele>150.699664</ele>
        <time>2026-04-26T10:48:36.716Z</time>
      </trkpt>
      <trkpt lat="51.054408" lon="7.131737">
        <ele>150.699664</ele>
        <time>2026-04-26T10:48:45.691Z</time>
      </trkpt>
    </trkseg>
  </trk>
</gpx>