<?xml version='1.0' encoding='UTF-8'?>
<gpx version="1.1" creator="https://www.komoot.de" xmlns="http://www.topografix.com/GPX/1/1" xmlns:xsi="http://www.w3.org/2001/XMLSchema-instance" xsi:schemaLocation="http://www.topografix.com/GPX/1/1 http://www.topografix.com/GPX/1/1/gpx.xsd">
  <metadata>
    <name>TrassenTrekking von Neuamerika nach Gevelsmountain</name>
    <author>
      <link href="https://www.komoot.de">
        <text>komoot</text>
        <type>text/html</type>
      </link>
    </author>
  </metadata>
  <trk>
    <name>TrassenTrekking von Neuamerika nach Gevelsmountain</name>
    <trkseg>
      <trkpt lat="51.320593" lon="7.224369">
        <ele>261.282471</ele>
        <time>2026-03-07T08:52:02.598Z</time>
      </trkpt>
      <trkpt lat="51.320659" lon="7.224499">
        <ele>261.282471</ele>
        <time>2026-03-07T08:52:10.672Z</time>
      </trkpt>
      <trkpt lat="51.320741" lon="7.224581">
        <ele>261.282471</ele>
        <time>2026-03-07T08:52:22.654Z</time>
      </trkpt>
      <trkpt lat="51.320813" lon="7.224691">
        <ele>261.282471</ele>
        <time>2026-03-07T08:52:31.644Z</time>
      </trkpt>
      <trkpt lat="51.320732" lon="7.224785">
        <ele>261.282471</ele>
        <time>2026-03-07T08:52:37.686Z</time>
      </trkpt>
      <trkpt lat="51.320791" lon="7.224902">
        <ele>261.282471</ele>
        <time>2026-03-07T08:52:44.647Z</time>
      </trkpt>
      <trkpt lat="51.320889" lon="7.224938">
        <ele>261.282471</ele>
        <time>2026-03-07T08:52:48.644Z</time>
      </trkpt>
      <trkpt lat="51.320968" lon="7.225021">
        <ele>261.282471</ele>
        <time>2026-03-07T08:52:59.640Z</time>
      </trkpt>
      <trkpt lat="51.321011" lon="7.225180">
        <ele>261.282471</ele>
        <time>2026-03-07T08:53:04.674Z</time>
      </trkpt>
      <trkpt lat="51.321054" lon="7.225324">
        <ele>261.282471</ele>
        <time>2026-03-07T08:53:11.642Z</time>
      </trkpt>
      <trkpt lat="51.321105" lon="7.225445">
        <ele>261.471505</ele>
        <time>2026-03-07T08:53:19.580Z</time>
      </trkpt>
      <trkpt lat="51.321168" lon="7.225557">
        <ele>261.669535</ele>
        <time>2026-03-07T08:53:26.655Z</time>
      </trkpt>
      <trkpt lat="51.321241" lon="7.225683">
        <ele>261.895333</ele>
        <time>2026-03-07T08:53:34.641Z</time>
      </trkpt>
      <trkpt lat="51.321250" lon="7.225835">
        <ele>262.095985</ele>
        <time>2026-03-07T08:53:43.612Z</time>
      </trkpt>
      <trkpt lat="51.321319" lon="7.225940">
        <ele>262.296222</ele>
        <time>2026-03-07T08:53:50.635Z</time>
      </trkpt>
      <trkpt lat="51.321370" lon="7.226068">
        <ele>262.495717</ele>
        <time>2026-03-07T08:54:00.613Z</time>
      </trkpt>
      <trkpt lat="51.321417" lon="7.226198">
        <ele>262.693091</ele>
        <time>2026-03-07T08:54:05.704Z</time>
      </trkpt>
      <trkpt lat="51.321464" lon="7.226342">
        <ele>262.906589</ele>
        <time>2026-03-07T08:54:13.670Z</time>
      </trkpt>
      <trkpt lat="51.321498" lon="7.226476">
        <ele>263.096650</ele>
        <time>2026-03-07T08:54:21.674Z</time>
      </trkpt>
      <trkpt lat="51.321540" lon="7.226620">
        <ele>263.305488</ele>
        <time>2026-03-07T08:54:28.623Z</time>
      </trkpt>
      <trkpt lat="51.321539" lon="7.226773">
        <ele>263.506570</ele>
        <time>2026-03-07T08:54:36.568Z</time>
      </trkpt>
      <trkpt lat="51.321564" lon="7.226918">
        <ele>263.704246</ele>
        <time>2026-03-07T08:54:43.570Z</time>
      </trkpt>
      <trkpt lat="51.321599" lon="7.227058">
        <ele>263.902407</ele>
        <time>2026-03-07T08:54:51.569Z</time>
      </trkpt>
      <trkpt lat="51.321639" lon="7.227195">
        <ele>264.101130</ele>
        <time>2026-03-07T08:54:58.574Z</time>
      </trkpt>
      <trkpt lat="51.321675" lon="7.227329">
        <ele>264.292813</ele>
        <time>2026-03-07T08:55:05.594Z</time>
      </trkpt>
      <trkpt lat="51.321678" lon="7.227493">
        <ele>264.508431</ele>
        <time>2026-03-07T08:55:12.577Z</time>
      </trkpt>
      <trkpt lat="51.321725" lon="7.227636">
        <ele>264.720764</ele>
        <time>2026-03-07T08:55:21.571Z</time>
      </trkpt>
      <trkpt lat="51.321756" lon="7.227775">
        <ele>264.914718</ele>
        <time>2026-03-07T08:55:29.579Z</time>
      </trkpt>
      <trkpt lat="51.321774" lon="7.227928">
        <ele>265.181906</ele>
        <time>2026-03-07T08:55:38.570Z</time>
      </trkpt>
      <trkpt lat="51.321808" lon="7.228074">
        <ele>265.621638</ele>
        <time>2026-03-07T08:55:46.581Z</time>
      </trkpt>
      <trkpt lat="51.321833" lon="7.228223">
        <ele>266.057051</ele>
        <time>2026-03-07T08:55:53.580Z</time>
      </trkpt>
      <trkpt lat="51.321864" lon="7.228373">
        <ele>266.502942</ele>
        <time>2026-03-07T08:56:01.578Z</time>
      </trkpt>
      <trkpt lat="51.321855" lon="7.228531">
        <ele>266.950711</ele>
        <time>2026-03-07T08:56:10.571Z</time>
      </trkpt>
      <trkpt lat="51.321889" lon="7.228673">
        <ele>267.379883</ele>
        <time>2026-03-07T08:56:17.566Z</time>
      </trkpt>
      <trkpt lat="51.321926" lon="7.228817">
        <ele>267.819301</ele>
        <time>2026-03-07T08:56:25.590Z</time>
      </trkpt>
      <trkpt lat="51.321958" lon="7.228957">
        <ele>268.240019</ele>
        <time>2026-03-07T08:56:32.569Z</time>
      </trkpt>
      <trkpt lat="51.321988" lon="7.229118">
        <ele>268.714173</ele>
        <time>2026-03-07T08:56:41.579Z</time>
      </trkpt>
      <trkpt lat="51.322033" lon="7.229258">
        <ele>269.158490</ele>
        <time>2026-03-07T08:56:49.577Z</time>
      </trkpt>
      <trkpt lat="51.322050" lon="7.229413">
        <ele>269.602629</ele>
        <time>2026-03-07T08:56:56.596Z</time>
      </trkpt>
      <trkpt lat="51.322121" lon="7.229528">
        <ele>270.058863</ele>
        <time>2026-03-07T08:57:05.567Z</time>
      </trkpt>
      <trkpt lat="51.322166" lon="7.229664">
        <ele>270.493171</ele>
        <time>2026-03-07T08:57:12.560Z</time>
      </trkpt>
      <trkpt lat="51.322204" lon="7.229807">
        <ele>270.931725</ele>
        <time>2026-03-07T08:57:22.578Z</time>
      </trkpt>
      <trkpt lat="51.322246" lon="7.229937">
        <ele>271.344748</ele>
        <time>2026-03-07T08:57:28.575Z</time>
      </trkpt>
      <trkpt lat="51.322295" lon="7.230066">
        <ele>271.770794</ele>
        <time>2026-03-07T08:57:35.580Z</time>
      </trkpt>
      <trkpt lat="51.322355" lon="7.230181">
        <ele>272.193594</ele>
        <time>2026-03-07T08:57:42.562Z</time>
      </trkpt>
      <trkpt lat="51.322427" lon="7.230284">
        <ele>272.629746</ele>
        <time>2026-03-07T08:57:50.587Z</time>
      </trkpt>
      <trkpt lat="51.322496" lon="7.230384">
        <ele>273.050162</ele>
        <time>2026-03-07T08:57:57.578Z</time>
      </trkpt>
      <trkpt lat="51.322543" lon="7.230524">
        <ele>273.539783</ele>
        <time>2026-03-07T08:58:06.566Z</time>
      </trkpt>
      <trkpt lat="51.322517" lon="7.230674">
        <ele>274.037140</ele>
        <time>2026-03-07T08:58:22.619Z</time>
      </trkpt>
      <trkpt lat="51.322445" lon="7.230781">
        <ele>274.539519</ele>
        <time>2026-03-07T08:58:30.641Z</time>
      </trkpt>
      <trkpt lat="51.322366" lon="7.230858">
        <ele>275.012450</ele>
        <time>2026-03-07T08:58:36.681Z</time>
      </trkpt>
      <trkpt lat="51.322274" lon="7.230899">
        <ele>275.500717</ele>
        <time>2026-03-07T08:58:45.672Z</time>
      </trkpt>
      <trkpt lat="51.322189" lon="7.230947">
        <ele>275.961562</ele>
        <time>2026-03-07T08:58:53.687Z</time>
      </trkpt>
      <trkpt lat="51.322100" lon="7.231010">
        <ele>276.459125</ele>
        <time>2026-03-07T08:58:59.658Z</time>
      </trkpt>
      <trkpt lat="51.322025" lon="7.231108">
        <ele>276.954181</ele>
        <time>2026-03-07T08:59:07.640Z</time>
      </trkpt>
      <trkpt lat="51.321928" lon="7.231159">
        <ele>277.476195</ele>
        <time>2026-03-07T08:59:17.658Z</time>
      </trkpt>
      <trkpt lat="51.321839" lon="7.231209">
        <ele>277.958453</ele>
        <time>2026-03-07T08:59:22.583Z</time>
      </trkpt>
      <trkpt lat="51.321744" lon="7.231255">
        <ele>278.465908</ele>
        <time>2026-03-07T08:59:30.640Z</time>
      </trkpt>
      <trkpt lat="51.321679" lon="7.231359">
        <ele>278.935865</ele>
        <time>2026-03-07T08:59:37.686Z</time>
      </trkpt>
      <trkpt lat="51.321603" lon="7.231450">
        <ele>279.421171</ele>
        <time>2026-03-07T08:59:45.648Z</time>
      </trkpt>
      <trkpt lat="51.321524" lon="7.231552">
        <ele>279.940161</ele>
        <time>2026-03-07T08:59:54.666Z</time>
      </trkpt>
      <trkpt lat="51.321474" lon="7.231694">
        <ele>280.460934</ele>
        <time>2026-03-07T09:00:02.648Z</time>
      </trkpt>
      <trkpt lat="51.321434" lon="7.231838">
        <ele>280.964440</ele>
        <time>2026-03-07T09:00:10.663Z</time>
      </trkpt>
      <trkpt lat="51.321437" lon="7.231988">
        <ele>281.443961</ele>
        <time>2026-03-07T09:00:18.696Z</time>
      </trkpt>
      <trkpt lat="51.321419" lon="7.232138">
        <ele>281.931992</ele>
        <time>2026-03-07T09:00:27.632Z</time>
      </trkpt>
      <trkpt lat="51.321435" lon="7.232280">
        <ele>282.389059</ele>
        <time>2026-03-07T09:00:34.647Z</time>
      </trkpt>
      <trkpt lat="51.321451" lon="7.232443">
        <ele>282.698639</ele>
        <time>2026-03-07T09:00:42.628Z</time>
      </trkpt>
      <trkpt lat="51.321465" lon="7.232598">
        <ele>282.992481</ele>
        <time>2026-03-07T09:00:51.637Z</time>
      </trkpt>
      <trkpt lat="51.321489" lon="7.232737">
        <ele>283.263051</ele>
        <time>2026-03-07T09:00:58.654Z</time>
      </trkpt>
      <trkpt lat="51.321521" lon="7.232898">
        <ele>283.580038</ele>
        <time>2026-03-07T09:01:06.662Z</time>
      </trkpt>
      <trkpt lat="51.321529" lon="7.233050">
        <ele>283.866239</ele>
        <time>2026-03-07T09:01:13.663Z</time>
      </trkpt>
      <trkpt lat="51.321580" lon="7.233188">
        <ele>284.167047</ele>
        <time>2026-03-07T09:01:21.673Z</time>
      </trkpt>
      <trkpt lat="51.321625" lon="7.233322">
        <ele>284.452465</ele>
        <time>2026-03-07T09:01:28.696Z</time>
      </trkpt>
      <trkpt lat="51.321666" lon="7.233470">
        <ele>284.756210</ele>
        <time>2026-03-07T09:01:36.636Z</time>
      </trkpt>
      <trkpt lat="51.321717" lon="7.233606">
        <ele>285.053793</ele>
        <time>2026-03-07T09:01:44.622Z</time>
      </trkpt>
      <trkpt lat="51.321751" lon="7.233760">
        <ele>285.360236</ele>
        <time>2026-03-07T09:01:52.682Z</time>
      </trkpt>
      <trkpt lat="51.321802" lon="7.233907">
        <ele>285.675695</ele>
        <time>2026-03-07T09:02:00.610Z</time>
      </trkpt>
      <trkpt lat="51.321856" lon="7.234042">
        <ele>285.976429</ele>
        <time>2026-03-07T09:02:08.666Z</time>
      </trkpt>
      <trkpt lat="51.321920" lon="7.234146">
        <ele>286.250280</ele>
        <time>2026-03-07T09:02:16.650Z</time>
      </trkpt>
      <trkpt lat="51.321995" lon="7.234242">
        <ele>286.538627</ele>
        <time>2026-03-07T09:02:24.645Z</time>
      </trkpt>
      <trkpt lat="51.322062" lon="7.234343">
        <ele>286.814982</ele>
        <time>2026-03-07T09:02:31.663Z</time>
      </trkpt>
      <trkpt lat="51.322125" lon="7.234451">
        <ele>287.092173</ele>
        <time>2026-03-07T09:02:37.667Z</time>
      </trkpt>
      <trkpt lat="51.322144" lon="7.234600">
        <ele>287.377492</ele>
        <time>2026-03-07T09:02:44.627Z</time>
      </trkpt>
      <trkpt lat="51.322146" lon="7.234745">
        <ele>287.649612</ele>
        <time>2026-03-07T09:02:52.642Z</time>
      </trkpt>
      <trkpt lat="51.322177" lon="7.234884">
        <ele>287.868869</ele>
        <time>2026-03-07T09:03:02.669Z</time>
      </trkpt>
      <trkpt lat="51.322218" lon="7.235028">
        <ele>288.046169</ele>
        <time>2026-03-07T09:03:11.674Z</time>
      </trkpt>
      <trkpt lat="51.322237" lon="7.235181">
        <ele>288.220948</ele>
        <time>2026-03-07T09:03:21.643Z</time>
      </trkpt>
      <trkpt lat="51.322327" lon="7.235239">
        <ele>288.394901</ele>
        <time>2026-03-07T09:03:51.684Z</time>
      </trkpt>
      <trkpt lat="51.322607" lon="7.235374">
        <ele>288.919199</ele>
        <time>2026-03-07T09:08:20.646Z</time>
      </trkpt>
      <trkpt lat="51.322744" lon="7.235399">
        <ele>289.166415</ele>
        <time>2026-03-07T09:08:40.676Z</time>
      </trkpt>
      <trkpt lat="51.322839" lon="7.235378">
        <ele>289.338356</ele>
        <time>2026-03-07T09:08:46.629Z</time>
      </trkpt>
      <trkpt lat="51.322940" lon="7.235387">
        <ele>289.519717</ele>
        <time>2026-03-07T09:09:16.596Z</time>
      </trkpt>
      <trkpt lat="51.323043" lon="7.235401">
        <ele>289.705048</ele>
        <time>2026-03-07T09:09:24.578Z</time>
      </trkpt>
      <trkpt lat="51.323141" lon="7.235386">
        <ele>289.881552</ele>
        <time>2026-03-07T09:09:33.576Z</time>
      </trkpt>
      <trkpt lat="51.323237" lon="7.235400">
        <ele>290.054382</ele>
        <time>2026-03-07T09:09:41.562Z</time>
      </trkpt>
      <trkpt lat="51.323336" lon="7.235427">
        <ele>290.234436</ele>
        <time>2026-03-07T09:09:53.565Z</time>
      </trkpt>
      <trkpt lat="51.323436" lon="7.235460">
        <ele>290.417496</ele>
        <time>2026-03-07T09:10:00.599Z</time>
      </trkpt>
      <trkpt lat="51.323532" lon="7.235482">
        <ele>290.591368</ele>
        <time>2026-03-07T09:10:08.581Z</time>
      </trkpt>
      <trkpt lat="51.323621" lon="7.235532">
        <ele>290.760483</ele>
        <time>2026-03-07T09:10:15.570Z</time>
      </trkpt>
      <trkpt lat="51.323725" lon="7.235551">
        <ele>290.948153</ele>
        <time>2026-03-07T09:10:25.575Z</time>
      </trkpt>
      <trkpt lat="51.323816" lon="7.235582">
        <ele>291.182936</ele>
        <time>2026-03-07T09:10:32.572Z</time>
      </trkpt>
      <trkpt lat="51.323905" lon="7.235628">
        <ele>291.457336</ele>
        <time>2026-03-07T09:10:40.573Z</time>
      </trkpt>
      <trkpt lat="51.323998" lon="7.235714">
        <ele>291.772472</ele>
        <time>2026-03-07T09:10:47.564Z</time>
      </trkpt>
      <trkpt lat="51.324075" lon="7.235797">
        <ele>292.044856</ele>
        <time>2026-03-07T09:10:55.584Z</time>
      </trkpt>
      <trkpt lat="51.324179" lon="7.235829">
        <ele>292.355572</ele>
        <time>2026-03-07T09:11:06.582Z</time>
      </trkpt>
      <trkpt lat="51.324270" lon="7.235891">
        <ele>292.645749</ele>
        <time>2026-03-07T09:11:13.581Z</time>
      </trkpt>
      <trkpt lat="51.324364" lon="7.235948">
        <ele>292.940672</ele>
        <time>2026-03-07T09:11:20.582Z</time>
      </trkpt>
      <trkpt lat="51.324450" lon="7.236044">
        <ele>293.248312</ele>
        <time>2026-03-07T09:11:29.584Z</time>
      </trkpt>
      <trkpt lat="51.324537" lon="7.236137">
        <ele>293.555274</ele>
        <time>2026-03-07T09:11:35.593Z</time>
      </trkpt>
      <trkpt lat="51.324631" lon="7.236188">
        <ele>293.846481</ele>
        <time>2026-03-07T09:11:42.610Z</time>
      </trkpt>
      <trkpt lat="51.324721" lon="7.236262">
        <ele>294.143348</ele>
        <time>2026-03-07T09:11:49.571Z</time>
      </trkpt>
      <trkpt lat="51.324788" lon="7.236364">
        <ele>294.414664</ele>
        <time>2026-03-07T09:11:56.583Z</time>
      </trkpt>
      <trkpt lat="51.324865" lon="7.236450">
        <ele>294.690157</ele>
        <time>2026-03-07T09:12:05.591Z</time>
      </trkpt>
      <trkpt lat="51.324942" lon="7.236538">
        <ele>294.967765</ele>
        <time>2026-03-07T09:12:12.584Z</time>
      </trkpt>
      <trkpt lat="51.325024" lon="7.236641">
        <ele>295.273608</ele>
        <time>2026-03-07T09:12:19.583Z</time>
      </trkpt>
      <trkpt lat="51.325102" lon="7.236715">
        <ele>295.539646</ele>
        <time>2026-03-07T09:12:26.574Z</time>
      </trkpt>
      <trkpt lat="51.325154" lon="7.236833">
        <ele>295.804371</ele>
        <time>2026-03-07T09:12:33.569Z</time>
      </trkpt>
      <trkpt lat="51.325235" lon="7.236953">
        <ele>296.128221</ele>
        <time>2026-03-07T09:12:42.597Z</time>
      </trkpt>
      <trkpt lat="51.325299" lon="7.237055">
        <ele>296.285931</ele>
        <time>2026-03-07T09:12:49.580Z</time>
      </trkpt>
      <trkpt lat="51.325356" lon="7.237169">
        <ele>296.287747</ele>
        <time>2026-03-07T09:12:56.583Z</time>
      </trkpt>
      <trkpt lat="51.325423" lon="7.237278">
        <ele>296.289649</ele>
        <time>2026-03-07T09:13:03.577Z</time>
      </trkpt>
      <trkpt lat="51.325513" lon="7.237333">
        <ele>296.291567</ele>
        <time>2026-03-07T09:13:11.575Z</time>
      </trkpt>
      <trkpt lat="51.325566" lon="7.237467">
        <ele>296.293539</ele>
        <time>2026-03-07T09:13:21.578Z</time>
      </trkpt>
      <trkpt lat="51.325637" lon="7.237571">
        <ele>296.295455</ele>
        <time>2026-03-07T09:13:29.571Z</time>
      </trkpt>
      <trkpt lat="51.325698" lon="7.237681">
        <ele>296.297285</ele>
        <time>2026-03-07T09:13:35.595Z</time>
      </trkpt>
      <trkpt lat="51.325765" lon="7.237778">
        <ele>296.299083</ele>
        <time>2026-03-07T09:13:42.587Z</time>
      </trkpt>
      <trkpt lat="51.325826" lon="7.237888">
        <ele>296.300912</ele>
        <time>2026-03-07T09:13:49.601Z</time>
      </trkpt>
      <trkpt lat="51.325896" lon="7.238006">
        <ele>296.302936</ele>
        <time>2026-03-07T09:13:55.598Z</time>
      </trkpt>
      <trkpt lat="51.325981" lon="7.238072">
        <ele>296.304817</ele>
        <time>2026-03-07T09:14:02.573Z</time>
      </trkpt>
      <trkpt lat="51.326042" lon="7.238178">
        <ele>296.306609</ele>
        <time>2026-03-07T09:14:10.591Z</time>
      </trkpt>
      <trkpt lat="51.326109" lon="7.238275">
        <ele>296.308408</ele>
        <time>2026-03-07T09:14:20.593Z</time>
      </trkpt>
      <trkpt lat="51.326173" lon="7.238392">
        <ele>296.310342</ele>
        <time>2026-03-07T09:14:26.604Z</time>
      </trkpt>
      <trkpt lat="51.326252" lon="7.238490">
        <ele>296.312331</ele>
        <time>2026-03-07T09:14:34.573Z</time>
      </trkpt>
      <trkpt lat="51.326319" lon="7.238598">
        <ele>296.314224</ele>
        <time>2026-03-07T09:14:41.581Z</time>
      </trkpt>
      <trkpt lat="51.326394" lon="7.238704">
        <ele>296.316216</ele>
        <time>2026-03-07T09:14:50.587Z</time>
      </trkpt>
      <trkpt lat="51.326376" lon="7.238849">
        <ele>296.318055</ele>
        <time>2026-03-07T09:14:57.576Z</time>
      </trkpt>
      <trkpt lat="51.326441" lon="7.238955">
        <ele>296.319902</ele>
        <time>2026-03-07T09:15:15.561Z</time>
      </trkpt>
      <trkpt lat="51.326478" lon="7.239090">
        <ele>296.528067</ele>
        <time>2026-03-07T09:15:51.614Z</time>
      </trkpt>
      <trkpt lat="51.326447" lon="7.238947">
        <ele>297.058425</ele>
        <time>2026-03-07T09:16:52.600Z</time>
      </trkpt>
      <trkpt lat="51.326376" lon="7.238857">
        <ele>297.566313</ele>
        <time>2026-03-07T09:17:00.611Z</time>
      </trkpt>
      <trkpt lat="51.326337" lon="7.239004">
        <ele>298.125894</ele>
        <time>2026-03-07T09:17:09.643Z</time>
      </trkpt>
      <trkpt lat="51.326283" lon="7.239132">
        <ele>298.667044</ele>
        <time>2026-03-07T09:17:14.672Z</time>
      </trkpt>
      <trkpt lat="51.326277" lon="7.239293">
        <ele>299.232183</ele>
        <time>2026-03-07T09:17:23.624Z</time>
      </trkpt>
      <trkpt lat="51.326305" lon="7.239432">
        <ele>299.743913</ele>
        <time>2026-03-07T09:17:31.616Z</time>
      </trkpt>
      <trkpt lat="51.326362" lon="7.239561">
        <ele>300.297509</ele>
        <time>2026-03-07T09:17:40.672Z</time>
      </trkpt>
      <trkpt lat="51.326407" lon="7.239686">
        <ele>300.802988</ele>
        <time>2026-03-07T09:17:47.654Z</time>
      </trkpt>
      <trkpt lat="51.326445" lon="7.239831">
        <ele>301.353932</ele>
        <time>2026-03-07T09:17:55.661Z</time>
      </trkpt>
      <trkpt lat="51.326474" lon="7.239984">
        <ele>301.914154</ele>
        <time>2026-03-07T09:18:02.651Z</time>
      </trkpt>
      <trkpt lat="51.326539" lon="7.240095">
        <ele>302.447179</ele>
        <time>2026-03-07T09:18:09.680Z</time>
      </trkpt>
      <trkpt lat="51.326513" lon="7.240247">
        <ele>302.999370</ele>
        <time>2026-03-07T09:18:17.672Z</time>
      </trkpt>
      <trkpt lat="51.326423" lon="7.240279">
        <ele>303.516339</ele>
        <time>2026-03-07T09:18:26.673Z</time>
      </trkpt>
      <trkpt lat="51.326331" lon="7.240262">
        <ele>304.035643</ele>
        <time>2026-03-07T09:18:34.576Z</time>
      </trkpt>
      <trkpt lat="51.326242" lon="7.240325">
        <ele>304.581340</ele>
        <time>2026-03-07T09:18:42.680Z</time>
      </trkpt>
      <trkpt lat="51.326190" lon="7.240455">
        <ele>305.122186</ele>
        <time>2026-03-07T09:18:50.680Z</time>
      </trkpt>
      <trkpt lat="51.326128" lon="7.240563">
        <ele>305.636065</ele>
        <time>2026-03-07T09:18:58.627Z</time>
      </trkpt>
      <trkpt lat="51.326036" lon="7.240606">
        <ele>306.173495</ele>
        <time>2026-03-07T09:19:08.669Z</time>
      </trkpt>
      <trkpt lat="51.325933" lon="7.240607">
        <ele>306.582949</ele>
        <time>2026-03-07T09:19:18.618Z</time>
      </trkpt>
      <trkpt lat="51.325843" lon="7.240647">
        <ele>306.851066</ele>
        <time>2026-03-07T09:19:26.630Z</time>
      </trkpt>
      <trkpt lat="51.325778" lon="7.240747">
        <ele>307.109882</ele>
        <time>2026-03-07T09:19:32.665Z</time>
      </trkpt>
      <trkpt lat="51.325751" lon="7.240888">
        <ele>307.374403</ele>
        <time>2026-03-07T09:19:40.651Z</time>
      </trkpt>
      <trkpt lat="51.325782" lon="7.241036">
        <ele>307.654389</ele>
        <time>2026-03-07T09:19:49.647Z</time>
      </trkpt>
      <trkpt lat="51.325813" lon="7.241198">
        <ele>307.958290</ele>
        <time>2026-03-07T09:19:58.649Z</time>
      </trkpt>
      <trkpt lat="51.325893" lon="7.241317">
        <ele>308.271808</ele>
        <time>2026-03-07T09:20:06.626Z</time>
      </trkpt>
      <trkpt lat="51.325945" lon="7.241451">
        <ele>308.554740</ele>
        <time>2026-03-07T09:20:13.663Z</time>
      </trkpt>
      <trkpt lat="51.325977" lon="7.241595">
        <ele>308.828880</ele>
        <time>2026-03-07T09:20:23.636Z</time>
      </trkpt>
      <trkpt lat="51.326031" lon="7.241728">
        <ele>309.113376</ele>
        <time>2026-03-07T09:20:32.621Z</time>
      </trkpt>
      <trkpt lat="51.326083" lon="7.241879">
        <ele>309.422630</ele>
        <time>2026-03-07T09:20:39.650Z</time>
      </trkpt>
      <trkpt lat="51.326131" lon="7.242018">
        <ele>309.707492</ele>
        <time>2026-03-07T09:20:47.663Z</time>
      </trkpt>
      <trkpt lat="51.326156" lon="7.242169">
        <ele>309.987685</ele>
        <time>2026-03-07T09:20:52.677Z</time>
      </trkpt>
      <trkpt lat="51.326203" lon="7.242307">
        <ele>310.269593</ele>
        <time>2026-03-07T09:21:01.583Z</time>
      </trkpt>
      <trkpt lat="51.326261" lon="7.242433">
        <ele>310.550299</ele>
        <time>2026-03-07T09:21:12.663Z</time>
      </trkpt>
      <trkpt lat="51.326328" lon="7.242538">
        <ele>310.819478</ele>
        <time>2026-03-07T09:21:18.640Z</time>
      </trkpt>
      <trkpt lat="51.326361" lon="7.242684">
        <ele>311.097962</ele>
        <time>2026-03-07T09:21:29.660Z</time>
      </trkpt>
      <trkpt lat="51.326440" lon="7.242767">
        <ele>311.369230</ele>
        <time>2026-03-07T09:21:34.678Z</time>
      </trkpt>
      <trkpt lat="51.326468" lon="7.242913">
        <ele>311.585609</ele>
        <time>2026-03-07T09:21:41.656Z</time>
      </trkpt>
      <trkpt lat="51.326513" lon="7.243043">
        <ele>311.643836</ele>
        <time>2026-03-07T09:21:48.673Z</time>
      </trkpt>
      <trkpt lat="51.326554" lon="7.243171">
        <ele>311.700192</ele>
        <time>2026-03-07T09:21:56.670Z</time>
      </trkpt>
      <trkpt lat="51.326597" lon="7.243316">
        <ele>311.763076</ele>
        <time>2026-03-07T09:22:05.674Z</time>
      </trkpt>
      <trkpt lat="51.326645" lon="7.243450">
        <ele>311.823592</ele>
        <time>2026-03-07T09:22:13.665Z</time>
      </trkpt>
      <trkpt lat="51.326641" lon="7.243619">
        <ele>311.889854</ele>
        <time>2026-03-07T09:22:21.616Z</time>
      </trkpt>
      <trkpt lat="51.326691" lon="7.243751">
        <ele>311.950332</ele>
        <time>2026-03-07T09:22:28.620Z</time>
      </trkpt>
      <trkpt lat="51.326755" lon="7.243862">
        <ele>312.009507</ele>
        <time>2026-03-07T09:22:36.653Z</time>
      </trkpt>
      <trkpt lat="51.326776" lon="7.244021">
        <ele>312.073179</ele>
        <time>2026-03-07T09:22:47.683Z</time>
      </trkpt>
      <trkpt lat="51.326816" lon="7.244173">
        <ele>312.137798</ele>
        <time>2026-03-07T09:22:54.648Z</time>
      </trkpt>
      <trkpt lat="51.326834" lon="7.244321">
        <ele>312.196873</ele>
        <time>2026-03-07T09:23:01.634Z</time>
      </trkpt>
      <trkpt lat="51.326882" lon="7.244459">
        <ele>312.258753</ele>
        <time>2026-03-07T09:23:10.652Z</time>
      </trkpt>
      <trkpt lat="51.326942" lon="7.244579">
        <ele>312.318967</ele>
        <time>2026-03-07T09:23:17.660Z</time>
      </trkpt>
      <trkpt lat="51.326991" lon="7.244709">
        <ele>312.378450</ele>
        <time>2026-03-07T09:23:25.692Z</time>
      </trkpt>
      <trkpt lat="51.327024" lon="7.244870">
        <ele>312.444836</ele>
        <time>2026-03-07T09:23:35.589Z</time>
      </trkpt>
      <trkpt lat="51.327063" lon="7.245016">
        <ele>312.507046</ele>
        <time>2026-03-07T09:23:43.652Z</time>
      </trkpt>
      <trkpt lat="51.327042" lon="7.245170">
        <ele>312.568803</ele>
        <time>2026-03-07T09:23:51.636Z</time>
      </trkpt>
      <trkpt lat="51.327018" lon="7.245338">
        <ele>312.636323</ele>
        <time>2026-03-07T09:23:58.644Z</time>
      </trkpt>
      <trkpt lat="51.326970" lon="7.245478">
        <ele>312.685908</ele>
        <time>2026-03-07T09:24:08.657Z</time>
      </trkpt>
      <trkpt lat="51.326974" lon="7.245627">
        <ele>312.273448</ele>
        <time>2026-03-07T09:24:16.678Z</time>
      </trkpt>
      <trkpt lat="51.327030" lon="7.245743">
        <ele>311.868046</ele>
        <time>2026-03-07T09:24:24.659Z</time>
      </trkpt>
      <trkpt lat="51.327086" lon="7.245881">
        <ele>311.412973</ele>
        <time>2026-03-07T09:24:31.666Z</time>
      </trkpt>
      <trkpt lat="51.327147" lon="7.246005">
        <ele>310.976515</ele>
        <time>2026-03-07T09:24:39.624Z</time>
      </trkpt>
      <trkpt lat="51.327184" lon="7.246155">
        <ele>310.530520</ele>
        <time>2026-03-07T09:24:48.661Z</time>
      </trkpt>
      <trkpt lat="51.327223" lon="7.246304">
        <ele>310.083752</ele>
        <time>2026-03-07T09:24:58.663Z</time>
      </trkpt>
      <trkpt lat="51.327282" lon="7.246429">
        <ele>309.650511</ele>
        <time>2026-03-07T09:25:04.639Z</time>
      </trkpt>
      <trkpt lat="51.327357" lon="7.246535">
        <ele>309.207650</ele>
        <time>2026-03-07T09:25:11.673Z</time>
      </trkpt>
      <trkpt lat="51.327428" lon="7.246646">
        <ele>308.768350</ele>
        <time>2026-03-07T09:25:19.674Z</time>
      </trkpt>
      <trkpt lat="51.327502" lon="7.246758">
        <ele>308.317561</ele>
        <time>2026-03-07T09:25:26.647Z</time>
      </trkpt>
      <trkpt lat="51.327553" lon="7.246892">
        <ele>307.883641</ele>
        <time>2026-03-07T09:25:34.670Z</time>
      </trkpt>
      <trkpt lat="51.327618" lon="7.247005">
        <ele>307.458875</ele>
        <time>2026-03-07T09:25:41.638Z</time>
      </trkpt>
      <trkpt lat="51.327665" lon="7.247135">
        <ele>307.043507</ele>
        <time>2026-03-07T09:25:49.667Z</time>
      </trkpt>
      <trkpt lat="51.327732" lon="7.247244">
        <ele>306.620654</ele>
        <time>2026-03-07T09:25:57.631Z</time>
      </trkpt>
      <trkpt lat="51.327783" lon="7.247364">
        <ele>306.219296</ele>
        <time>2026-03-07T09:26:03.651Z</time>
      </trkpt>
      <trkpt lat="51.327838" lon="7.247491">
        <ele>305.791959</ele>
        <time>2026-03-07T09:26:11.660Z</time>
      </trkpt>
      <trkpt lat="51.327904" lon="7.247597">
        <ele>305.378116</ele>
        <time>2026-03-07T09:26:19.672Z</time>
      </trkpt>
      <trkpt lat="51.327954" lon="7.247719">
        <ele>304.974619</ele>
        <time>2026-03-07T09:26:29.649Z</time>
      </trkpt>
      <trkpt lat="51.328025" lon="7.247826">
        <ele>304.583110</ele>
        <time>2026-03-07T09:26:37.641Z</time>
      </trkpt>
      <trkpt lat="51.328079" lon="7.247943">
        <ele>304.264189</ele>
        <time>2026-03-07T09:26:44.667Z</time>
      </trkpt>
      <trkpt lat="51.328125" lon="7.248083">
        <ele>303.917380</ele>
        <time>2026-03-07T09:26:52.645Z</time>
      </trkpt>
      <trkpt lat="51.328217" lon="7.248155">
        <ele>303.558030</ele>
        <time>2026-03-07T09:27:00.662Z</time>
      </trkpt>
      <trkpt lat="51.328280" lon="7.248277">
        <ele>303.211015</ele>
        <time>2026-03-07T09:27:06.677Z</time>
      </trkpt>
      <trkpt lat="51.328325" lon="7.248422">
        <ele>302.856042</ele>
        <time>2026-03-07T09:27:13.652Z</time>
      </trkpt>
      <trkpt lat="51.328341" lon="7.248579">
        <ele>302.507264</ele>
        <time>2026-03-07T09:27:24.605Z</time>
      </trkpt>
      <trkpt lat="51.328280" lon="7.248713">
        <ele>302.143762</ele>
        <time>2026-03-07T09:27:34.660Z</time>
      </trkpt>
      <trkpt lat="51.328198" lon="7.248804">
        <ele>301.793623</ele>
        <time>2026-03-07T09:27:42.654Z</time>
      </trkpt>
      <trkpt lat="51.328152" lon="7.248939">
        <ele>301.456479</ele>
        <time>2026-03-07T09:27:50.661Z</time>
      </trkpt>
      <trkpt lat="51.328084" lon="7.249055">
        <ele>301.107739</ele>
        <time>2026-03-07T09:27:59.664Z</time>
      </trkpt>
      <trkpt lat="51.328021" lon="7.249172">
        <ele>300.769102</ele>
        <time>2026-03-07T09:28:07.676Z</time>
      </trkpt>
      <trkpt lat="51.327980" lon="7.249317">
        <ele>300.420144</ele>
        <time>2026-03-07T09:28:13.657Z</time>
      </trkpt>
      <trkpt lat="51.327938" lon="7.249459">
        <ele>300.075681</ele>
        <time>2026-03-07T09:28:22.660Z</time>
      </trkpt>
      <trkpt lat="51.327887" lon="7.249583">
        <ele>299.750193</ele>
        <time>2026-03-07T09:28:29.617Z</time>
      </trkpt>
      <trkpt lat="51.327866" lon="7.249727">
        <ele>299.425978</ele>
        <time>2026-03-07T09:28:37.622Z</time>
      </trkpt>
      <trkpt lat="51.327816" lon="7.249865">
        <ele>299.076217</ele>
        <time>2026-03-07T09:28:44.667Z</time>
      </trkpt>
      <trkpt lat="51.327786" lon="7.250025">
        <ele>298.709952</ele>
        <time>2026-03-07T09:28:54.667Z</time>
      </trkpt>
      <trkpt lat="51.327773" lon="7.250173">
        <ele>298.412617</ele>
        <time>2026-03-07T09:29:03.692Z</time>
      </trkpt>
      <trkpt lat="51.327749" lon="7.250323">
        <ele>298.311858</ele>
        <time>2026-03-07T09:29:09.652Z</time>
      </trkpt>
      <trkpt lat="51.327714" lon="7.250467">
        <ele>298.211313</ele>
        <time>2026-03-07T09:29:16.657Z</time>
      </trkpt>
      <trkpt lat="51.327727" lon="7.250616">
        <ele>298.113413</ele>
        <time>2026-03-07T09:29:24.644Z</time>
      </trkpt>
      <trkpt lat="51.327721" lon="7.250771">
        <ele>298.012356</ele>
        <time>2026-03-07T09:29:32.668Z</time>
      </trkpt>
      <trkpt lat="51.327720" lon="7.250919">
        <ele>297.916042</ele>
        <time>2026-03-07T09:29:40.690Z</time>
      </trkpt>
      <trkpt lat="51.327753" lon="7.251070">
        <ele>297.811945</ele>
        <time>2026-03-07T09:29:48.922Z</time>
      </trkpt>
      <trkpt lat="51.327736" lon="7.251224">
        <ele>297.710180</ele>
        <time>2026-03-07T09:29:56.666Z</time>
      </trkpt>
      <trkpt lat="51.327758" lon="7.251364">
        <ele>297.616241</ele>
        <time>2026-03-07T09:30:04.688Z</time>
      </trkpt>
      <trkpt lat="51.327777" lon="7.251521">
        <ele>297.512177</ele>
        <time>2026-03-07T09:30:12.657Z</time>
      </trkpt>
      <trkpt lat="51.327813" lon="7.251654">
        <ele>297.417858</ele>
        <time>2026-03-07T09:30:19.651Z</time>
      </trkpt>
      <trkpt lat="51.327847" lon="7.251800">
        <ele>297.316468</ele>
        <time>2026-03-07T09:30:26.672Z</time>
      </trkpt>
      <trkpt lat="51.327845" lon="7.251953">
        <ele>297.216884</ele>
        <time>2026-03-07T09:30:33.649Z</time>
      </trkpt>
      <trkpt lat="51.327915" lon="7.252053">
        <ele>297.119167</ele>
        <time>2026-03-07T09:30:39.660Z</time>
      </trkpt>
      <trkpt lat="51.327974" lon="7.252169">
        <ele>297.021837</ele>
        <time>2026-03-07T09:30:47.730Z</time>
      </trkpt>
      <trkpt lat="51.327993" lon="7.252320">
        <ele>296.921604</ele>
        <time>2026-03-07T09:30:54.667Z</time>
      </trkpt>
      <trkpt lat="51.328020" lon="7.252473">
        <ele>296.818148</ele>
        <time>2026-03-07T09:31:02.655Z</time>
      </trkpt>
      <trkpt lat="51.328052" lon="7.252611">
        <ele>296.722363</ele>
        <time>2026-03-07T09:31:10.650Z</time>
      </trkpt>
      <trkpt lat="51.328132" lon="7.252704">
        <ele>296.619391</ele>
        <time>2026-03-07T09:31:19.674Z</time>
      </trkpt>
      <trkpt lat="51.328182" lon="7.252836">
        <ele>296.548166</ele>
        <time>2026-03-07T09:31:27.673Z</time>
      </trkpt>
      <trkpt lat="51.328209" lon="7.252996">
        <ele>296.534732</ele>
        <time>2026-03-07T09:31:35.627Z</time>
      </trkpt>
      <trkpt lat="51.328254" lon="7.253140">
        <ele>296.521681</ele>
        <time>2026-03-07T09:31:42.635Z</time>
      </trkpt>
      <trkpt lat="51.328296" lon="7.253285">
        <ele>296.508727</ele>
        <time>2026-03-07T09:31:49.674Z</time>
      </trkpt>
      <trkpt lat="51.328344" lon="7.253425">
        <ele>296.495783</ele>
        <time>2026-03-07T09:31:57.688Z</time>
      </trkpt>
      <trkpt lat="51.328392" lon="7.253552">
        <ele>296.483752</ele>
        <time>2026-03-07T09:32:04.656Z</time>
      </trkpt>
      <trkpt lat="51.328441" lon="7.253687">
        <ele>296.471097</ele>
        <time>2026-03-07T09:32:12.652Z</time>
      </trkpt>
      <trkpt lat="51.328464" lon="7.253836">
        <ele>296.458657</ele>
        <time>2026-03-07T09:32:20.634Z</time>
      </trkpt>
      <trkpt lat="51.328517" lon="7.253960">
        <ele>296.446479</ele>
        <time>2026-03-07T09:32:28.674Z</time>
      </trkpt>
      <trkpt lat="51.328560" lon="7.254103">
        <ele>296.433616</ele>
        <time>2026-03-07T09:32:35.729Z</time>
      </trkpt>
      <trkpt lat="51.328590" lon="7.254247">
        <ele>296.421312</ele>
        <time>2026-03-07T09:32:43.666Z</time>
      </trkpt>
      <trkpt lat="51.328665" lon="7.254339">
        <ele>296.409054</ele>
        <time>2026-03-07T09:32:51.658Z</time>
      </trkpt>
      <trkpt lat="51.328696" lon="7.254484">
        <ele>296.396632</ele>
        <time>2026-03-07T09:32:58.638Z</time>
      </trkpt>
      <trkpt lat="51.328710" lon="7.254632">
        <ele>296.384499</ele>
        <time>2026-03-07T09:33:05.631Z</time>
      </trkpt>
      <trkpt lat="51.328740" lon="7.254771">
        <ele>296.372579</ele>
        <time>2026-03-07T09:33:12.664Z</time>
      </trkpt>
      <trkpt lat="51.328804" lon="7.254895">
        <ele>296.359542</ele>
        <time>2026-03-07T09:33:19.670Z</time>
      </trkpt>
      <trkpt lat="51.328840" lon="7.255038">
        <ele>296.347046</ele>
        <time>2026-03-07T09:33:27.665Z</time>
      </trkpt>
      <trkpt lat="51.328876" lon="7.255180">
        <ele>296.334625</ele>
        <time>2026-03-07T09:33:37.683Z</time>
      </trkpt>
      <trkpt lat="51.328931" lon="7.255313">
        <ele>296.321697</ele>
        <time>2026-03-07T09:33:44.647Z</time>
      </trkpt>
      <trkpt lat="51.328949" lon="7.255479">
        <ele>296.318014</ele>
        <time>2026-03-07T09:33:50.680Z</time>
      </trkpt>
      <trkpt lat="51.329005" lon="7.255596">
        <ele>296.316937</ele>
        <time>2026-03-07T09:33:58.639Z</time>
      </trkpt>
      <trkpt lat="51.329063" lon="7.255723">
        <ele>296.315787</ele>
        <time>2026-03-07T09:34:07.654Z</time>
      </trkpt>
      <trkpt lat="51.329063" lon="7.255889">
        <ele>296.314574</ele>
        <time>2026-03-07T09:34:13.666Z</time>
      </trkpt>
      <trkpt lat="51.329084" lon="7.256031">
        <ele>296.313508</ele>
        <time>2026-03-07T09:34:20.648Z</time>
      </trkpt>
      <trkpt lat="51.329164" lon="7.256108">
        <ele>296.312416</ele>
        <time>2026-03-07T09:34:27.676Z</time>
      </trkpt>
      <trkpt lat="51.329224" lon="7.256226">
        <ele>296.311304</ele>
        <time>2026-03-07T09:34:36.693Z</time>
      </trkpt>
      <trkpt lat="51.329288" lon="7.256329">
        <ele>296.310243</ele>
        <time>2026-03-07T09:34:43.657Z</time>
      </trkpt>
      <trkpt lat="51.329341" lon="7.256470">
        <ele>296.309040</ele>
        <time>2026-03-07T09:34:50.649Z</time>
      </trkpt>
      <trkpt lat="51.329419" lon="7.256559">
        <ele>296.307920</ele>
        <time>2026-03-07T09:34:59.659Z</time>
      </trkpt>
      <trkpt lat="51.329495" lon="7.256654">
        <ele>296.306792</ele>
        <time>2026-03-07T09:35:07.681Z</time>
      </trkpt>
      <trkpt lat="51.329578" lon="7.256744">
        <ele>296.305620</ele>
        <time>2026-03-07T09:35:16.671Z</time>
      </trkpt>
      <trkpt lat="51.329659" lon="7.256831">
        <ele>296.304479</ele>
        <time>2026-03-07T09:35:24.660Z</time>
      </trkpt>
      <trkpt lat="51.329727" lon="7.256935">
        <ele>296.303379</ele>
        <time>2026-03-07T09:35:30.649Z</time>
      </trkpt>
      <trkpt lat="51.329807" lon="7.257027">
        <ele>296.302227</ele>
        <time>2026-03-07T09:35:37.675Z</time>
      </trkpt>
      <trkpt lat="51.329892" lon="7.257104">
        <ele>296.301084</ele>
        <time>2026-03-07T09:35:46.672Z</time>
      </trkpt>
      <trkpt lat="51.329970" lon="7.257190">
        <ele>296.299977</ele>
        <time>2026-03-07T09:35:55.650Z</time>
      </trkpt>
      <trkpt lat="51.330068" lon="7.257228">
        <ele>296.298797</ele>
        <time>2026-03-07T09:36:03.653Z</time>
      </trkpt>
      <trkpt lat="51.330155" lon="7.257309">
        <ele>296.261626</ele>
        <time>2026-03-07T09:36:10.675Z</time>
      </trkpt>
      <trkpt lat="51.330270" lon="7.257362">
        <ele>296.114789</ele>
        <time>2026-03-07T09:36:18.599Z</time>
      </trkpt>
      <trkpt lat="51.330346" lon="7.257445">
        <ele>296.001896</ele>
        <time>2026-03-07T09:36:24.679Z</time>
      </trkpt>
      <trkpt lat="51.330425" lon="7.257525">
        <ele>295.887190</ele>
        <time>2026-03-07T09:36:33.667Z</time>
      </trkpt>
      <trkpt lat="51.330505" lon="7.257593">
        <ele>295.776046</ele>
        <time>2026-03-07T09:36:41.659Z</time>
      </trkpt>
      <trkpt lat="51.330581" lon="7.257700">
        <ele>295.651848</ele>
        <time>2026-03-07T09:36:49.678Z</time>
      </trkpt>
      <trkpt lat="51.330663" lon="7.257777">
        <ele>295.535196</ele>
        <time>2026-03-07T09:36:58.668Z</time>
      </trkpt>
      <trkpt lat="51.330746" lon="7.257858">
        <ele>295.415916</ele>
        <time>2026-03-07T09:37:05.672Z</time>
      </trkpt>
      <trkpt lat="51.330836" lon="7.257934">
        <ele>295.291059</ele>
        <time>2026-03-07T09:37:15.666Z</time>
      </trkpt>
      <trkpt lat="51.330911" lon="7.258018">
        <ele>295.178740</ele>
        <time>2026-03-07T09:37:22.653Z</time>
      </trkpt>
      <trkpt lat="51.331007" lon="7.258071">
        <ele>295.054138</ele>
        <time>2026-03-07T09:37:29.665Z</time>
      </trkpt>
      <trkpt lat="51.331086" lon="7.258147">
        <ele>294.941042</ele>
        <time>2026-03-07T09:37:37.665Z</time>
      </trkpt>
      <trkpt lat="51.331159" lon="7.258242">
        <ele>294.825599</ele>
        <time>2026-03-07T09:37:45.665Z</time>
      </trkpt>
      <trkpt lat="51.331237" lon="7.258341">
        <ele>294.703452</ele>
        <time>2026-03-07T09:37:54.646Z</time>
      </trkpt>
      <trkpt lat="51.331312" lon="7.258447">
        <ele>294.580683</ele>
        <time>2026-03-07T09:38:02.653Z</time>
      </trkpt>
      <trkpt lat="51.331373" lon="7.258574">
        <ele>294.457876</ele>
        <time>2026-03-07T09:38:11.671Z</time>
      </trkpt>
      <trkpt lat="51.331446" lon="7.258679">
        <ele>294.337449</ele>
        <time>2026-03-07T09:38:18.677Z</time>
      </trkpt>
      <trkpt lat="51.331546" lon="7.258832">
        <ele>294.167704</ele>
        <time>2026-03-07T09:39:39.637Z</time>
      </trkpt>
      <trkpt lat="51.331582" lon="7.258974">
        <ele>294.111175</ele>
        <time>2026-03-07T09:39:46.663Z</time>
      </trkpt>
      <trkpt lat="51.331626" lon="7.259107">
        <ele>294.168024</ele>
        <time>2026-03-07T09:39:52.649Z</time>
      </trkpt>
      <trkpt lat="51.331658" lon="7.259256">
        <ele>294.227541</ele>
        <time>2026-03-07T09:39:58.608Z</time>
      </trkpt>
      <trkpt lat="51.331710" lon="7.259384">
        <ele>294.285215</ele>
        <time>2026-03-07T09:40:09.631Z</time>
      </trkpt>
      <trkpt lat="51.331765" lon="7.259499">
        <ele>294.339922</ele>
        <time>2026-03-07T09:40:17.643Z</time>
      </trkpt>
      <trkpt lat="51.331805" lon="7.259632">
        <ele>294.395680</ele>
        <time>2026-03-07T09:40:24.618Z</time>
      </trkpt>
      <trkpt lat="51.331859" lon="7.259778">
        <ele>294.459770</ele>
        <time>2026-03-07T09:40:33.670Z</time>
      </trkpt>
      <trkpt lat="51.331887" lon="7.259925">
        <ele>294.517823</ele>
        <time>2026-03-07T09:40:42.665Z</time>
      </trkpt>
      <trkpt lat="51.331948" lon="7.260053">
        <ele>294.578634</ele>
        <time>2026-03-07T09:40:50.646Z</time>
      </trkpt>
      <trkpt lat="51.332012" lon="7.260178">
        <ele>294.639681</ele>
        <time>2026-03-07T09:40:59.690Z</time>
      </trkpt>
      <trkpt lat="51.332045" lon="7.260323">
        <ele>294.697975</ele>
        <time>2026-03-07T09:41:07.645Z</time>
      </trkpt>
      <trkpt lat="51.332078" lon="7.260464">
        <ele>294.754852</ele>
        <time>2026-03-07T09:41:14.644Z</time>
      </trkpt>
      <trkpt lat="51.332131" lon="7.260595">
        <ele>294.813805</ele>
        <time>2026-03-07T09:41:23.605Z</time>
      </trkpt>
      <trkpt lat="51.332155" lon="7.260743">
        <ele>294.871564</ele>
        <time>2026-03-07T09:41:29.657Z</time>
      </trkpt>
      <trkpt lat="51.332218" lon="7.260882">
        <ele>294.936431</ele>
        <time>2026-03-07T09:41:37.666Z</time>
      </trkpt>
      <trkpt lat="51.332264" lon="7.261023">
        <ele>294.996517</ele>
        <time>2026-03-07T09:41:46.651Z</time>
      </trkpt>
      <trkpt lat="51.332265" lon="7.261171">
        <ele>295.052427</ele>
        <time>2026-03-07T09:41:52.638Z</time>
      </trkpt>
      <trkpt lat="51.332328" lon="7.261291">
        <ele>295.111634</ele>
        <time>2026-03-07T09:42:00.649Z</time>
      </trkpt>
      <trkpt lat="51.332370" lon="7.261432">
        <ele>295.170640</ele>
        <time>2026-03-07T09:42:06.666Z</time>
      </trkpt>
      <trkpt lat="51.332419" lon="7.261553">
        <ele>295.153885</ele>
        <time>2026-03-07T09:42:14.643Z</time>
      </trkpt>
      <trkpt lat="51.332441" lon="7.261695">
        <ele>295.124721</ele>
        <time>2026-03-07T09:42:31.653Z</time>
      </trkpt>
      <trkpt lat="51.332561" lon="7.261745">
        <ele>295.085160</ele>
        <time>2026-03-07T09:42:36.632Z</time>
      </trkpt>
      <trkpt lat="51.332476" lon="7.261672">
        <ele>295.054384</ele>
        <time>2026-03-07T09:42:57.661Z</time>
      </trkpt>
      <trkpt lat="51.332393" lon="7.261611">
        <ele>295.025245</ele>
        <time>2026-03-07T09:43:32.606Z</time>
      </trkpt>
      <trkpt lat="51.332521" lon="7.261981">
        <ele>294.940938</ele>
        <time>2026-03-07T09:44:51.697Z</time>
      </trkpt>
      <trkpt lat="51.332589" lon="7.262092">
        <ele>294.909950</ele>
        <time>2026-03-07T09:44:58.628Z</time>
      </trkpt>
      <trkpt lat="51.332637" lon="7.262218">
        <ele>294.880533</ele>
        <time>2026-03-07T09:45:05.675Z</time>
      </trkpt>
      <trkpt lat="51.332661" lon="7.262370">
        <ele>294.849282</ele>
        <time>2026-03-07T09:45:16.652Z</time>
      </trkpt>
      <trkpt lat="51.332698" lon="7.262519">
        <ele>294.817320</ele>
        <time>2026-03-07T09:45:24.650Z</time>
      </trkpt>
      <trkpt lat="51.332695" lon="7.262667">
        <ele>294.787803</ele>
        <time>2026-03-07T09:45:30.656Z</time>
      </trkpt>
      <trkpt lat="51.332762" lon="7.262778">
        <ele>294.757038</ele>
        <time>2026-03-07T09:45:38.661Z</time>
      </trkpt>
      <trkpt lat="51.332802" lon="7.262919">
        <ele>294.726169</ele>
        <time>2026-03-07T09:45:46.644Z</time>
      </trkpt>
      <trkpt lat="51.332863" lon="7.263028">
        <ele>294.697000</ele>
        <time>2026-03-07T09:45:53.651Z</time>
      </trkpt>
      <trkpt lat="51.332905" lon="7.263176">
        <ele>294.664598</ele>
        <time>2026-03-07T09:46:00.665Z</time>
      </trkpt>
      <trkpt lat="51.332962" lon="7.263305">
        <ele>294.633103</ele>
        <time>2026-03-07T09:46:10.646Z</time>
      </trkpt>
      <trkpt lat="51.333008" lon="7.263460">
        <ele>294.619439</ele>
        <time>2026-03-07T09:46:16.669Z</time>
      </trkpt>
      <trkpt lat="51.333107" lon="7.263468">
        <ele>294.700908</ele>
        <time>2026-03-07T09:46:22.682Z</time>
      </trkpt>
      <trkpt lat="51.333091" lon="7.263615">
        <ele>294.777529</ele>
        <time>2026-03-07T09:46:29.599Z</time>
      </trkpt>
      <trkpt lat="51.333109" lon="7.263757">
        <ele>294.851931</ele>
        <time>2026-03-07T09:46:35.677Z</time>
      </trkpt>
      <trkpt lat="51.333150" lon="7.263901">
        <ele>294.933191</ele>
        <time>2026-03-07T09:46:42.681Z</time>
      </trkpt>
      <trkpt lat="51.333151" lon="7.264053">
        <ele>295.011248</ele>
        <time>2026-03-07T09:46:49.686Z</time>
      </trkpt>
      <trkpt lat="51.333181" lon="7.264190">
        <ele>295.085793</ele>
        <time>2026-03-07T09:46:57.660Z</time>
      </trkpt>
      <trkpt lat="51.333192" lon="7.264337">
        <ele>295.161816</ele>
        <time>2026-03-07T09:47:04.694Z</time>
      </trkpt>
      <trkpt lat="51.333226" lon="7.264481">
        <ele>295.240864</ele>
        <time>2026-03-07T09:47:12.667Z</time>
      </trkpt>
      <trkpt lat="51.333254" lon="7.264633">
        <ele>295.322238</ele>
        <time>2026-03-07T09:47:20.675Z</time>
      </trkpt>
      <trkpt lat="51.333290" lon="7.264784">
        <ele>295.405229</ele>
        <time>2026-03-07T09:47:30.627Z</time>
      </trkpt>
      <trkpt lat="51.333276" lon="7.264940">
        <ele>295.486157</ele>
        <time>2026-03-07T09:47:37.653Z</time>
      </trkpt>
      <trkpt lat="51.333298" lon="7.265105">
        <ele>295.572792</ele>
        <time>2026-03-07T09:47:46.682Z</time>
      </trkpt>
      <trkpt lat="51.333265" lon="7.265260">
        <ele>295.656878</ele>
        <time>2026-03-07T09:47:54.690Z</time>
      </trkpt>
      <trkpt lat="51.333236" lon="7.265416">
        <ele>295.740454</ele>
        <time>2026-03-07T09:48:00.687Z</time>
      </trkpt>
      <trkpt lat="51.333216" lon="7.265563">
        <ele>295.817708</ele>
        <time>2026-03-07T09:48:07.677Z</time>
      </trkpt>
      <trkpt lat="51.333177" lon="7.265712">
        <ele>295.900662</ele>
        <time>2026-03-07T09:48:16.676Z</time>
      </trkpt>
      <trkpt lat="51.333140" lon="7.265849">
        <ele>295.977302</ele>
        <time>2026-03-07T09:48:23.672Z</time>
      </trkpt>
      <trkpt lat="51.333119" lon="7.266004">
        <ele>296.058744</ele>
        <time>2026-03-07T09:48:31.656Z</time>
      </trkpt>
      <trkpt lat="51.333078" lon="7.266133">
        <ele>296.019665</ele>
        <time>2026-03-07T09:48:38.712Z</time>
      </trkpt>
      <trkpt lat="51.333031" lon="7.266256">
        <ele>295.926344</ele>
        <time>2026-03-07T09:48:45.655Z</time>
      </trkpt>
      <trkpt lat="51.332988" lon="7.266389">
        <ele>295.829415</ele>
        <time>2026-03-07T09:48:53.702Z</time>
      </trkpt>
      <trkpt lat="51.332955" lon="7.266530">
        <ele>295.731959</ele>
        <time>2026-03-07T09:49:12.668Z</time>
      </trkpt>
      <trkpt lat="51.332912" lon="7.266681">
        <ele>295.624550</ele>
        <time>2026-03-07T09:49:21.676Z</time>
      </trkpt>
      <trkpt lat="51.332866" lon="7.266826">
        <ele>295.519291</ele>
        <time>2026-03-07T09:49:30.684Z</time>
      </trkpt>
      <trkpt lat="51.332819" lon="7.266949">
        <ele>295.425969</ele>
        <time>2026-03-07T09:49:38.687Z</time>
      </trkpt>
      <trkpt lat="51.332773" lon="7.267078">
        <ele>295.329831</ele>
        <time>2026-03-07T09:49:46.680Z</time>
      </trkpt>
      <trkpt lat="51.332720" lon="7.267199">
        <ele>295.234183</ele>
        <time>2026-03-07T09:49:53.666Z</time>
      </trkpt>
      <trkpt lat="51.332675" lon="7.267328">
        <ele>295.138553</ele>
        <time>2026-03-07T09:50:02.645Z</time>
      </trkpt>
      <trkpt lat="51.332633" lon="7.267462">
        <ele>295.041518</ele>
        <time>2026-03-07T09:50:07.675Z</time>
      </trkpt>
      <trkpt lat="51.332600" lon="7.267620">
        <ele>294.933688</ele>
        <time>2026-03-07T09:50:16.683Z</time>
      </trkpt>
      <trkpt lat="51.332563" lon="7.267768">
        <ele>294.830508</ele>
        <time>2026-03-07T09:50:23.682Z</time>
      </trkpt>
      <trkpt lat="51.332530" lon="7.267913">
        <ele>294.730622</ele>
        <time>2026-03-07T09:50:30.649Z</time>
      </trkpt>
      <trkpt lat="51.332493" lon="7.268058">
        <ele>294.629243</ele>
        <time>2026-03-07T09:50:37.693Z</time>
      </trkpt>
      <trkpt lat="51.332494" lon="7.268210">
        <ele>294.530853</ele>
        <time>2026-03-07T09:50:43.674Z</time>
      </trkpt>
      <trkpt lat="51.332490" lon="7.268364">
        <ele>294.431088</ele>
        <time>2026-03-07T09:50:50.625Z</time>
      </trkpt>
      <trkpt lat="51.332506" lon="7.268519">
        <ele>294.329401</ele>
        <time>2026-03-07T09:51:00.623Z</time>
      </trkpt>
      <trkpt lat="51.332529" lon="7.268680">
        <ele>294.222502</ele>
        <time>2026-03-07T09:51:09.580Z</time>
      </trkpt>
      <trkpt lat="51.332538" lon="7.268824">
        <ele>294.145328</ele>
        <time>2026-03-07T09:51:15.611Z</time>
      </trkpt>
      <trkpt lat="51.332497" lon="7.268964">
        <ele>294.063443</ele>
        <time>2026-03-07T09:51:20.609Z</time>
      </trkpt>
      <trkpt lat="51.332519" lon="7.269130">
        <ele>293.973573</ele>
        <time>2026-03-07T09:51:26.669Z</time>
      </trkpt>
      <trkpt lat="51.332536" lon="7.269282">
        <ele>293.891794</ele>
        <time>2026-03-07T09:51:31.627Z</time>
      </trkpt>
      <trkpt lat="51.332529" lon="7.269433">
        <ele>293.811604</ele>
        <time>2026-03-07T09:51:40.635Z</time>
      </trkpt>
      <trkpt lat="51.332567" lon="7.269580">
        <ele>293.727353</ele>
        <time>2026-03-07T09:51:48.647Z</time>
      </trkpt>
      <trkpt lat="51.332619" lon="7.269705">
        <ele>293.647822</ele>
        <time>2026-03-07T09:51:55.748Z</time>
      </trkpt>
      <trkpt lat="51.332679" lon="7.269821">
        <ele>293.568068</ele>
        <time>2026-03-07T09:52:02.674Z</time>
      </trkpt>
      <trkpt lat="51.332720" lon="7.269951">
        <ele>293.490946</ele>
        <time>2026-03-07T09:52:10.695Z</time>
      </trkpt>
      <trkpt lat="51.332765" lon="7.270088">
        <ele>293.408976</ele>
        <time>2026-03-07T09:52:17.691Z</time>
      </trkpt>
      <trkpt lat="51.332825" lon="7.270204">
        <ele>293.329222</ele>
        <time>2026-03-07T09:52:24.598Z</time>
      </trkpt>
      <trkpt lat="51.332889" lon="7.270328">
        <ele>293.244043</ele>
        <time>2026-03-07T09:52:32.606Z</time>
      </trkpt>
      <trkpt lat="51.332963" lon="7.270426">
        <ele>293.162630</ele>
        <time>2026-03-07T09:52:40.569Z</time>
      </trkpt>
      <trkpt lat="51.333019" lon="7.270539">
        <ele>293.086247</ele>
        <time>2026-03-07T09:52:48.629Z</time>
      </trkpt>
      <trkpt lat="51.333080" lon="7.270658">
        <ele>293.004728</ele>
        <time>2026-03-07T09:52:55.649Z</time>
      </trkpt>
      <trkpt lat="51.333139" lon="7.270773">
        <ele>292.925923</ele>
        <time>2026-03-07T09:53:01.675Z</time>
      </trkpt>
      <trkpt lat="51.333198" lon="7.270898">
        <ele>292.842957</ele>
        <time>2026-03-07T09:53:10.647Z</time>
      </trkpt>
      <trkpt lat="51.333278" lon="7.270973">
        <ele>292.764370</ele>
        <time>2026-03-07T09:53:17.640Z</time>
      </trkpt>
      <trkpt lat="51.333339" lon="7.271083">
        <ele>292.705888</ele>
        <time>2026-03-07T09:53:24.660Z</time>
      </trkpt>
      <trkpt lat="51.333426" lon="7.271165">
        <ele>292.815504</ele>
        <time>2026-03-07T09:53:32.701Z</time>
      </trkpt>
      <trkpt lat="51.333505" lon="7.271239">
        <ele>292.914882</ele>
        <time>2026-03-07T09:53:38.669Z</time>
      </trkpt>
      <trkpt lat="51.333574" lon="7.271339">
        <ele>293.015943</ele>
        <time>2026-03-07T09:53:46.757Z</time>
      </trkpt>
      <trkpt lat="51.333657" lon="7.271424">
        <ele>293.122922</ele>
        <time>2026-03-07T09:53:55.652Z</time>
      </trkpt>
      <trkpt lat="51.333737" lon="7.271523">
        <ele>293.232711</ele>
        <time>2026-03-07T09:54:02.654Z</time>
      </trkpt>
      <trkpt lat="51.333820" lon="7.271612">
        <ele>293.341177</ele>
        <time>2026-03-07T09:54:09.680Z</time>
      </trkpt>
      <trkpt lat="51.333902" lon="7.271716">
        <ele>293.454766</ele>
        <time>2026-03-07T09:54:15.663Z</time>
      </trkpt>
      <trkpt lat="51.333963" lon="7.271850">
        <ele>293.567228</ele>
        <time>2026-03-07T09:54:24.687Z</time>
      </trkpt>
      <trkpt lat="51.334016" lon="7.271971">
        <ele>293.667466</ele>
        <time>2026-03-07T09:54:31.690Z</time>
      </trkpt>
      <trkpt lat="51.334066" lon="7.272115">
        <ele>293.779215</ele>
        <time>2026-03-07T09:54:40.680Z</time>
      </trkpt>
      <trkpt lat="51.334130" lon="7.272239">
        <ele>293.888315</ele>
        <time>2026-03-07T09:54:47.689Z</time>
      </trkpt>
      <trkpt lat="51.334181" lon="7.272369">
        <ele>293.992439</ele>
        <time>2026-03-07T09:54:55.691Z</time>
      </trkpt>
      <trkpt lat="51.334251" lon="7.272461">
        <ele>294.090776</ele>
        <time>2026-03-07T09:55:01.685Z</time>
      </trkpt>
      <trkpt lat="51.334280" lon="7.272599">
        <ele>294.189536</ele>
        <time>2026-03-07T09:55:09.667Z</time>
      </trkpt>
      <trkpt lat="51.334340" lon="7.272710">
        <ele>294.289097</ele>
        <time>2026-03-07T09:55:15.659Z</time>
      </trkpt>
      <trkpt lat="51.334394" lon="7.272851">
        <ele>294.401278</ele>
        <time>2026-03-07T09:55:23.665Z</time>
      </trkpt>
      <trkpt lat="51.334434" lon="7.272981">
        <ele>294.499573</ele>
        <time>2026-03-07T09:55:30.700Z</time>
      </trkpt>
      <trkpt lat="51.334480" lon="7.273107">
        <ele>294.598562</ele>
        <time>2026-03-07T09:55:37.675Z</time>
      </trkpt>
      <trkpt lat="51.334500" lon="7.273268">
        <ele>294.714230</ele>
        <time>2026-03-07T09:55:45.677Z</time>
      </trkpt>
      <trkpt lat="51.334555" lon="7.273409">
        <ele>294.834824</ele>
        <time>2026-03-07T09:55:52.694Z</time>
      </trkpt>
      <trkpt lat="51.334606" lon="7.273539">
        <ele>294.946190</ele>
        <time>2026-03-07T09:55:59.672Z</time>
      </trkpt>
      <trkpt lat="51.334793" lon="7.273431">
        <ele>295.177039</ele>
        <time>2026-03-07T09:58:20.667Z</time>
      </trkpt>
      <trkpt lat="51.334885" lon="7.273377">
        <ele>295.290827</ele>
        <time>2026-03-07T09:59:31.593Z</time>
      </trkpt>
      <trkpt lat="51.334853" lon="7.273512">
        <ele>295.395579</ele>
        <time>2026-03-07T10:00:18.651Z</time>
      </trkpt>
      <trkpt lat="51.334890" lon="7.273379">
        <ele>295.501202</ele>
        <time>2026-03-07T10:00:29.631Z</time>
      </trkpt>
      <trkpt lat="51.334813" lon="7.273491">
        <ele>295.622019</ele>
        <time>2026-03-07T10:02:34.727Z</time>
      </trkpt>
      <trkpt lat="51.334748" lon="7.273608">
        <ele>295.735606</ele>
        <time>2026-03-07T10:02:45.702Z</time>
      </trkpt>
      <trkpt lat="51.334725" lon="7.273765">
        <ele>295.852597</ele>
        <time>2026-03-07T10:02:53.702Z</time>
      </trkpt>
      <trkpt lat="51.334785" lon="7.273884">
        <ele>295.963536</ele>
        <time>2026-03-07T10:03:02.679Z</time>
      </trkpt>
      <trkpt lat="51.334848" lon="7.274099">
        <ele>296.135819</ele>
        <time>2026-03-07T10:03:45.633Z</time>
      </trkpt>
      <trkpt lat="51.334850" lon="7.274261">
        <ele>296.253370</ele>
        <time>2026-03-07T10:03:54.667Z</time>
      </trkpt>
      <trkpt lat="51.334914" lon="7.274379">
        <ele>296.366735</ele>
        <time>2026-03-07T10:04:01.679Z</time>
      </trkpt>
      <trkpt lat="51.334950" lon="7.274518">
        <ele>296.475899</ele>
        <time>2026-03-07T10:04:07.696Z</time>
      </trkpt>
      <trkpt lat="51.334984" lon="7.274652">
        <ele>296.580825</ele>
        <time>2026-03-07T10:04:14.713Z</time>
      </trkpt>
      <trkpt lat="51.335012" lon="7.274796">
        <ele>296.690237</ele>
        <time>2026-03-07T10:04:22.710Z</time>
      </trkpt>
      <trkpt lat="51.335048" lon="7.274942">
        <ele>296.712371</ele>
        <time>2026-03-07T10:04:30.653Z</time>
      </trkpt>
      <trkpt lat="51.335091" lon="7.275074">
        <ele>296.674136</ele>
        <time>2026-03-07T10:04:37.681Z</time>
      </trkpt>
      <trkpt lat="51.335128" lon="7.275228">
        <ele>296.631757</ele>
        <time>2026-03-07T10:04:46.679Z</time>
      </trkpt>
      <trkpt lat="51.335171" lon="7.275363">
        <ele>296.592837</ele>
        <time>2026-03-07T10:04:52.639Z</time>
      </trkpt>
      <trkpt lat="51.335148" lon="7.275509">
        <ele>296.554164</ele>
        <time>2026-03-07T10:04:58.686Z</time>
      </trkpt>
      <trkpt lat="51.335173" lon="7.275656">
        <ele>296.515033</ele>
        <time>2026-03-07T10:05:05.691Z</time>
      </trkpt>
      <trkpt lat="51.335203" lon="7.275799">
        <ele>296.476289</ele>
        <time>2026-03-07T10:05:13.675Z</time>
      </trkpt>
      <trkpt lat="51.335231" lon="7.275952">
        <ele>296.435341</ele>
        <time>2026-03-07T10:05:20.643Z</time>
      </trkpt>
      <trkpt lat="51.335270" lon="7.276091">
        <ele>296.396204</ele>
        <time>2026-03-07T10:05:28.675Z</time>
      </trkpt>
      <trkpt lat="51.335304" lon="7.276237">
        <ele>296.356184</ele>
        <time>2026-03-07T10:05:35.675Z</time>
      </trkpt>
      <trkpt lat="51.335339" lon="7.276385">
        <ele>296.315539</ele>
        <time>2026-03-07T10:05:43.716Z</time>
      </trkpt>
      <trkpt lat="51.335356" lon="7.276530">
        <ele>296.277647</ele>
        <time>2026-03-07T10:05:51.728Z</time>
      </trkpt>
      <trkpt lat="51.335385" lon="7.276673">
        <ele>296.239032</ele>
        <time>2026-03-07T10:05:58.720Z</time>
      </trkpt>
      <trkpt lat="51.335413" lon="7.276826">
        <ele>296.198083</ele>
        <time>2026-03-07T10:06:06.699Z</time>
      </trkpt>
      <trkpt lat="51.335456" lon="7.276956">
        <ele>296.160302</ele>
        <time>2026-03-07T10:06:14.715Z</time>
      </trkpt>
      <trkpt lat="51.335493" lon="7.277107">
        <ele>296.118643</ele>
        <time>2026-03-07T10:06:22.769Z</time>
      </trkpt>
      <trkpt lat="51.335517" lon="7.277252">
        <ele>296.080116</ele>
        <time>2026-03-07T10:06:29.658Z</time>
      </trkpt>
      <trkpt lat="51.335550" lon="7.277394">
        <ele>296.041202</ele>
        <time>2026-03-07T10:06:36.761Z</time>
      </trkpt>
      <trkpt lat="51.335586" lon="7.277527">
        <ele>296.003974</ele>
        <time>2026-03-07T10:06:44.704Z</time>
      </trkpt>
      <trkpt lat="51.335628" lon="7.277666">
        <ele>296.007423</ele>
        <time>2026-03-07T10:06:52.702Z</time>
      </trkpt>
      <trkpt lat="51.335655" lon="7.277808">
        <ele>296.019704</ele>
        <time>2026-03-07T10:06:59.720Z</time>
      </trkpt>
      <trkpt lat="51.335689" lon="7.277960">
        <ele>296.033062</ele>
        <time>2026-03-07T10:07:08.724Z</time>
      </trkpt>
      <trkpt lat="51.335712" lon="7.278111">
        <ele>296.045922</ele>
        <time>2026-03-07T10:07:16.750Z</time>
      </trkpt>
      <trkpt lat="51.335775" lon="7.278223">
        <ele>296.058392</ele>
        <time>2026-03-07T10:07:27.667Z</time>
      </trkpt>
      <trkpt lat="51.335803" lon="7.278366">
        <ele>296.070791</ele>
        <time>2026-03-07T10:07:34.717Z</time>
      </trkpt>
      <trkpt lat="51.335816" lon="7.278513">
        <ele>296.083075</ele>
        <time>2026-03-07T10:07:40.694Z</time>
      </trkpt>
      <trkpt lat="51.335850" lon="7.278667">
        <ele>296.096590</ele>
        <time>2026-03-07T10:07:49.671Z</time>
      </trkpt>
      <trkpt lat="51.335843" lon="7.278815">
        <ele>296.108870</ele>
        <time>2026-03-07T10:07:56.679Z</time>
      </trkpt>
      <trkpt lat="51.335889" lon="7.278956">
        <ele>296.122032</ele>
        <time>2026-03-07T10:08:04.699Z</time>
      </trkpt>
      <trkpt lat="51.335911" lon="7.279101">
        <ele>296.134378</ele>
        <time>2026-03-07T10:08:12.693Z</time>
      </trkpt>
      <trkpt lat="51.335948" lon="7.279236">
        <ele>296.146575</ele>
        <time>2026-03-07T10:08:20.691Z</time>
      </trkpt>
      <trkpt lat="51.335997" lon="7.279375">
        <ele>296.159781</ele>
        <time>2026-03-07T10:08:27.675Z</time>
      </trkpt>
      <trkpt lat="51.336039" lon="7.279514">
        <ele>296.172556</ele>
        <time>2026-03-07T10:08:35.661Z</time>
      </trkpt>
      <trkpt lat="51.336105" lon="7.279648">
        <ele>296.186675</ele>
        <time>2026-03-07T10:08:39.714Z</time>
      </trkpt>
      <trkpt lat="51.336123" lon="7.279804">
        <ele>296.199800</ele>
        <time>2026-03-07T10:08:51.686Z</time>
      </trkpt>
      <trkpt lat="51.336055" lon="7.279959">
        <ele>296.215471</ele>
        <time>2026-03-07T10:08:58.685Z</time>
      </trkpt>
      <trkpt lat="51.336117" lon="7.280069">
        <ele>296.227729</ele>
        <time>2026-03-07T10:09:04.744Z</time>
      </trkpt>
      <trkpt lat="51.336181" lon="7.280184">
        <ele>296.244722</ele>
        <time>2026-03-07T10:09:09.695Z</time>
      </trkpt>
      <trkpt lat="51.336241" lon="7.280299">
        <ele>296.266975</ele>
        <time>2026-03-07T10:09:16.712Z</time>
      </trkpt>
      <trkpt lat="51.336285" lon="7.280438">
        <ele>296.290120</ele>
        <time>2026-03-07T10:09:27.698Z</time>
      </trkpt>
      <trkpt lat="51.336324" lon="7.280579">
        <ele>296.313023</ele>
        <time>2026-03-07T10:09:34.704Z</time>
      </trkpt>
      <trkpt lat="51.336381" lon="7.280713">
        <ele>296.337100</ele>
        <time>2026-03-07T10:09:42.689Z</time>
      </trkpt>
      <trkpt lat="51.336417" lon="7.280863">
        <ele>296.360967</ele>
        <time>2026-03-07T10:09:50.702Z</time>
      </trkpt>
      <trkpt lat="51.336451" lon="7.281020">
        <ele>296.385647</ele>
        <time>2026-03-07T10:09:58.699Z</time>
      </trkpt>
      <trkpt lat="51.336440" lon="7.281178">
        <ele>296.409259</ele>
        <time>2026-03-07T10:10:05.676Z</time>
      </trkpt>
      <trkpt lat="51.336529" lon="7.281244">
        <ele>296.432578</ele>
        <time>2026-03-07T10:10:10.688Z</time>
      </trkpt>
      <trkpt lat="51.336553" lon="7.281407">
        <ele>296.457451</ele>
        <time>2026-03-07T10:10:18.688Z</time>
      </trkpt>
      <trkpt lat="51.336552" lon="7.281561">
        <ele>296.480326</ele>
        <time>2026-03-07T10:10:26.649Z</time>
      </trkpt>
      <trkpt lat="51.336584" lon="7.281709">
        <ele>296.503587</ele>
        <time>2026-03-07T10:10:35.642Z</time>
      </trkpt>
      <trkpt lat="51.336624" lon="7.281852">
        <ele>296.526858</ele>
        <time>2026-03-07T10:10:43.686Z</time>
      </trkpt>
      <trkpt lat="51.336671" lon="7.281983">
        <ele>296.549295</ele>
        <time>2026-03-07T10:10:52.637Z</time>
      </trkpt>
      <trkpt lat="51.336691" lon="7.282124">
        <ele>296.570770</ele>
        <time>2026-03-07T10:10:58.707Z</time>
      </trkpt>
      <trkpt lat="51.336736" lon="7.282260">
        <ele>296.593628</ele>
        <time>2026-03-07T10:11:06.684Z</time>
      </trkpt>
      <trkpt lat="51.336768" lon="7.282396">
        <ele>296.615212</ele>
        <time>2026-03-07T10:11:15.693Z</time>
      </trkpt>
      <trkpt lat="51.336817" lon="7.282539">
        <ele>296.639436</ele>
        <time>2026-03-07T10:11:23.685Z</time>
      </trkpt>
      <trkpt lat="51.336857" lon="7.282692">
        <ele>296.667608</ele>
        <time>2026-03-07T10:11:30.692Z</time>
      </trkpt>
      <trkpt lat="51.336888" lon="7.282828">
        <ele>296.746069</ele>
        <time>2026-03-07T10:11:37.677Z</time>
      </trkpt>
      <trkpt lat="51.336921" lon="7.282962">
        <ele>296.824131</ele>
        <time>2026-03-07T10:11:44.668Z</time>
      </trkpt>
      <trkpt lat="51.336944" lon="7.283109">
        <ele>296.906261</ele>
        <time>2026-03-07T10:11:51.726Z</time>
      </trkpt>
      <trkpt lat="51.336987" lon="7.283253">
        <ele>296.992760</ele>
        <time>2026-03-07T10:12:00.667Z</time>
      </trkpt>
      <trkpt lat="51.337044" lon="7.283379">
        <ele>297.077071</ele>
        <time>2026-03-07T10:12:07.692Z</time>
      </trkpt>
      <trkpt lat="51.337100" lon="7.283522">
        <ele>297.168540</ele>
        <time>2026-03-07T10:12:14.683Z</time>
      </trkpt>
      <trkpt lat="51.337145" lon="7.283659">
        <ele>297.252426</ele>
        <time>2026-03-07T10:12:23.706Z</time>
      </trkpt>
      <trkpt lat="51.337196" lon="7.283787">
        <ele>297.334705</ele>
        <time>2026-03-07T10:12:31.687Z</time>
      </trkpt>
      <trkpt lat="51.337234" lon="7.283934">
        <ele>297.420924</ele>
        <time>2026-03-07T10:12:38.688Z</time>
      </trkpt>
      <trkpt lat="51.337296" lon="7.284061">
        <ele>297.508276</ele>
        <time>2026-03-07T10:12:45.689Z</time>
      </trkpt>
      <trkpt lat="51.337353" lon="7.284179">
        <ele>297.589115</ele>
        <time>2026-03-07T10:12:54.712Z</time>
      </trkpt>
      <trkpt lat="51.337417" lon="7.284292">
        <ele>297.671777</ele>
        <time>2026-03-07T10:13:02.700Z</time>
      </trkpt>
      <trkpt lat="51.337481" lon="7.284400">
        <ele>297.752452</ele>
        <time>2026-03-07T10:13:09.693Z</time>
      </trkpt>
      <trkpt lat="51.337550" lon="7.284509">
        <ele>297.836552</ele>
        <time>2026-03-07T10:13:17.677Z</time>
      </trkpt>
      <trkpt lat="51.337617" lon="7.284659">
        <ele>297.936486</ele>
        <time>2026-03-07T10:13:25.615Z</time>
      </trkpt>
      <trkpt lat="51.337713" lon="7.284649">
        <ele>298.019943</ele>
        <time>2026-03-07T10:13:32.680Z</time>
      </trkpt>
      <trkpt lat="51.337781" lon="7.284781">
        <ele>298.112667</ele>
        <time>2026-03-07T10:13:39.628Z</time>
      </trkpt>
      <trkpt lat="51.337830" lon="7.284911">
        <ele>298.194951</ele>
        <time>2026-03-07T10:13:48.648Z</time>
      </trkpt>
      <trkpt lat="51.337913" lon="7.284970">
        <ele>298.211630</ele>
        <time>2026-03-07T10:13:55.695Z</time>
      </trkpt>
      <trkpt lat="51.338005" lon="7.285048">
        <ele>298.191232</ele>
        <time>2026-03-07T10:14:03.685Z</time>
      </trkpt>
      <trkpt lat="51.338084" lon="7.285142">
        <ele>298.171945</ele>
        <time>2026-03-07T10:14:10.711Z</time>
      </trkpt>
      <trkpt lat="51.338170" lon="7.285230">
        <ele>298.151946</ele>
        <time>2026-03-07T10:14:16.666Z</time>
      </trkpt>
      <trkpt lat="51.338260" lon="7.285291">
        <ele>298.132797</ele>
        <time>2026-03-07T10:14:27.706Z</time>
      </trkpt>
      <trkpt lat="51.338348" lon="7.285337">
        <ele>298.114658</ele>
        <time>2026-03-07T10:14:35.729Z</time>
      </trkpt>
      <trkpt lat="51.338439" lon="7.285396">
        <ele>298.095422</ele>
        <time>2026-03-07T10:14:43.685Z</time>
      </trkpt>
      <trkpt lat="51.338524" lon="7.285444">
        <ele>298.077761</ele>
        <time>2026-03-07T10:14:50.705Z</time>
      </trkpt>
      <trkpt lat="51.338619" lon="7.285494">
        <ele>298.058167</ele>
        <time>2026-03-07T10:14:58.691Z</time>
      </trkpt>
      <trkpt lat="51.338714" lon="7.285544">
        <ele>298.038574</ele>
        <time>2026-03-07T10:15:06.750Z</time>
      </trkpt>
      <trkpt lat="51.338802" lon="7.285607">
        <ele>298.019686</ele>
        <time>2026-03-07T10:15:13.714Z</time>
      </trkpt>
      <trkpt lat="51.338904" lon="7.285642">
        <ele>297.999247</ele>
        <time>2026-03-07T10:15:21.715Z</time>
      </trkpt>
      <trkpt lat="51.339001" lon="7.285669">
        <ele>297.979956</ele>
        <time>2026-03-07T10:15:30.706Z</time>
      </trkpt>
      <trkpt lat="51.339090" lon="7.285706">
        <ele>297.961940</ele>
        <time>2026-03-07T10:15:37.718Z</time>
      </trkpt>
      <trkpt lat="51.339178" lon="7.285742">
        <ele>297.944143</ele>
        <time>2026-03-07T10:15:45.686Z</time>
      </trkpt>
      <trkpt lat="51.339273" lon="7.285794">
        <ele>297.924472</ele>
        <time>2026-03-07T10:15:53.691Z</time>
      </trkpt>
      <trkpt lat="51.339362" lon="7.285834">
        <ele>297.906359</ele>
        <time>2026-03-07T10:16:00.699Z</time>
      </trkpt>
      <trkpt lat="51.339450" lon="7.285876">
        <ele>297.888367</ele>
        <time>2026-03-07T10:16:08.686Z</time>
      </trkpt>
      <trkpt lat="51.339541" lon="7.285909">
        <ele>297.874845</ele>
        <time>2026-03-07T10:16:15.695Z</time>
      </trkpt>
      <trkpt lat="51.339633" lon="7.285923">
        <ele>298.006767</ele>
        <time>2026-03-07T10:16:23.715Z</time>
      </trkpt>
      <trkpt lat="51.339714" lon="7.286011">
        <ele>298.146510</ele>
        <time>2026-03-07T10:16:33.637Z</time>
      </trkpt>
      <trkpt lat="51.339802" lon="7.286076">
        <ele>298.284859</ele>
        <time>2026-03-07T10:16:40.698Z</time>
      </trkpt>
      <trkpt lat="51.339892" lon="7.286146">
        <ele>298.427696</ele>
        <time>2026-03-07T10:16:49.657Z</time>
      </trkpt>
      <trkpt lat="51.339985" lon="7.286215">
        <ele>298.574020</ele>
        <time>2026-03-07T10:16:58.682Z</time>
      </trkpt>
      <trkpt lat="51.340083" lon="7.286247">
        <ele>298.716796</ele>
        <time>2026-03-07T10:17:06.676Z</time>
      </trkpt>
      <trkpt lat="51.340179" lon="7.286234">
        <ele>298.854326</ele>
        <time>2026-03-07T10:17:11.689Z</time>
      </trkpt>
      <trkpt lat="51.340267" lon="7.286290">
        <ele>298.989508</ele>
        <time>2026-03-07T10:17:21.683Z</time>
      </trkpt>
      <trkpt lat="51.340360" lon="7.286310">
        <ele>299.123459</ele>
        <time>2026-03-07T10:17:27.607Z</time>
      </trkpt>
      <trkpt lat="51.340465" lon="7.286349">
        <ele>299.277328</ele>
        <time>2026-03-07T10:17:33.702Z</time>
      </trkpt>
      <trkpt lat="51.340554" lon="7.286403">
        <ele>299.413196</ele>
        <time>2026-03-07T10:17:41.677Z</time>
      </trkpt>
      <trkpt lat="51.340637" lon="7.286496">
        <ele>299.557819</ele>
        <time>2026-03-07T10:17:50.679Z</time>
      </trkpt>
      <trkpt lat="51.340726" lon="7.286556">
        <ele>299.695674</ele>
        <time>2026-03-07T10:17:58.684Z</time>
      </trkpt>
      <trkpt lat="51.340823" lon="7.286567">
        <ele>299.834489</ele>
        <time>2026-03-07T10:18:06.627Z</time>
      </trkpt>
      <trkpt lat="51.340919" lon="7.286604">
        <ele>299.975445</ele>
        <time>2026-03-07T10:18:14.692Z</time>
      </trkpt>
      <trkpt lat="51.341009" lon="7.286680">
        <ele>300.120700</ele>
        <time>2026-03-07T10:18:21.642Z</time>
      </trkpt>
      <trkpt lat="51.341092" lon="7.286741">
        <ele>300.251073</ele>
        <time>2026-03-07T10:18:28.697Z</time>
      </trkpt>
      <trkpt lat="51.341185" lon="7.286757">
        <ele>300.384595</ele>
        <time>2026-03-07T10:18:37.691Z</time>
      </trkpt>
      <trkpt lat="51.341281" lon="7.286798">
        <ele>300.357563</ele>
        <time>2026-03-07T10:18:45.690Z</time>
      </trkpt>
      <trkpt lat="51.341381" lon="7.286846">
        <ele>300.221265</ele>
        <time>2026-03-07T10:18:52.707Z</time>
      </trkpt>
      <trkpt lat="51.341469" lon="7.286895">
        <ele>300.099625</ele>
        <time>2026-03-07T10:19:00.697Z</time>
      </trkpt>
      <trkpt lat="51.341560" lon="7.286952">
        <ele>299.972049</ele>
        <time>2026-03-07T10:19:07.693Z</time>
      </trkpt>
      <trkpt lat="51.341654" lon="7.286995">
        <ele>299.844414</ele>
        <time>2026-03-07T10:19:15.693Z</time>
      </trkpt>
      <trkpt lat="51.341744" lon="7.287031">
        <ele>299.723302</ele>
        <time>2026-03-07T10:19:23.704Z</time>
      </trkpt>
      <trkpt lat="51.341838" lon="7.287055">
        <ele>299.599029</ele>
        <time>2026-03-07T10:19:31.707Z</time>
      </trkpt>
      <trkpt lat="51.341919" lon="7.287134">
        <ele>299.475199</ele>
        <time>2026-03-07T10:19:39.707Z</time>
      </trkpt>
      <trkpt lat="51.342021" lon="7.287165">
        <ele>299.339654</ele>
        <time>2026-03-07T10:19:47.716Z</time>
      </trkpt>
      <trkpt lat="51.342108" lon="7.287212">
        <ele>299.219777</ele>
        <time>2026-03-07T10:19:55.682Z</time>
      </trkpt>
      <trkpt lat="51.342190" lon="7.287284">
        <ele>299.097676</ele>
        <time>2026-03-07T10:20:03.705Z</time>
      </trkpt>
      <trkpt lat="51.342287" lon="7.287328">
        <ele>298.966052</ele>
        <time>2026-03-07T10:20:10.686Z</time>
      </trkpt>
      <trkpt lat="51.342378" lon="7.287374">
        <ele>298.841464</ele>
        <time>2026-03-07T10:20:18.707Z</time>
      </trkpt>
      <trkpt lat="51.342461" lon="7.287440">
        <ele>298.720471</ele>
        <time>2026-03-07T10:20:27.703Z</time>
      </trkpt>
      <trkpt lat="51.342564" lon="7.287461">
        <ele>298.584913</ele>
        <time>2026-03-07T10:20:35.713Z</time>
      </trkpt>
      <trkpt lat="51.342648" lon="7.287532">
        <ele>298.460899</ele>
        <time>2026-03-07T10:20:43.729Z</time>
      </trkpt>
      <trkpt lat="51.342726" lon="7.287618">
        <ele>298.337251</ele>
        <time>2026-03-07T10:20:50.758Z</time>
      </trkpt>
      <trkpt lat="51.342771" lon="7.287747">
        <ele>298.216755</ele>
        <time>2026-03-07T10:21:12.612Z</time>
      </trkpt>
      <trkpt lat="51.342993" lon="7.287751">
        <ele>298.008669</ele>
        <time>2026-03-07T10:27:23.713Z</time>
      </trkpt>
      <trkpt lat="51.343056" lon="7.287854">
        <ele>297.950043</ele>
        <time>2026-03-07T10:27:31.702Z</time>
      </trkpt>
      <trkpt lat="51.343132" lon="7.287947">
        <ele>297.887763</ele>
        <time>2026-03-07T10:27:39.671Z</time>
      </trkpt>
      <trkpt lat="51.343218" lon="7.287998">
        <ele>297.828055</ele>
        <time>2026-03-07T10:27:47.691Z</time>
      </trkpt>
      <trkpt lat="51.343304" lon="7.288069">
        <ele>297.765057</ele>
        <time>2026-03-07T10:27:54.687Z</time>
      </trkpt>
      <trkpt lat="51.343391" lon="7.288156">
        <ele>297.698273</ele>
        <time>2026-03-07T10:28:02.702Z</time>
      </trkpt>
      <trkpt lat="51.343448" lon="7.288276">
        <ele>297.636964</ele>
        <time>2026-03-07T10:28:09.794Z</time>
      </trkpt>
      <trkpt lat="51.343526" lon="7.288349">
        <ele>297.578140</ele>
        <time>2026-03-07T10:28:16.673Z</time>
      </trkpt>
      <trkpt lat="51.343580" lon="7.288470">
        <ele>297.517663</ele>
        <time>2026-03-07T10:28:23.622Z</time>
      </trkpt>
      <trkpt lat="51.343646" lon="7.288592">
        <ele>297.452027</ele>
        <time>2026-03-07T10:28:31.643Z</time>
      </trkpt>
      <trkpt lat="51.343733" lon="7.288660">
        <ele>297.388995</ele>
        <time>2026-03-07T10:28:37.713Z</time>
      </trkpt>
      <trkpt lat="51.343784" lon="7.288784">
        <ele>297.328617</ele>
        <time>2026-03-07T10:28:45.699Z</time>
      </trkpt>
      <trkpt lat="51.343852" lon="7.288899">
        <ele>297.264218</ele>
        <time>2026-03-07T10:28:55.700Z</time>
      </trkpt>
      <trkpt lat="51.343905" lon="7.289032">
        <ele>297.200061</ele>
        <time>2026-03-07T10:29:02.714Z</time>
      </trkpt>
      <trkpt lat="51.343990" lon="7.289150">
        <ele>297.126812</ele>
        <time>2026-03-07T10:29:10.619Z</time>
      </trkpt>
      <trkpt lat="51.344040" lon="7.289277">
        <ele>297.065761</ele>
        <time>2026-03-07T10:29:30.619Z</time>
      </trkpt>
      <trkpt lat="51.344117" lon="7.289372">
        <ele>297.002470</ele>
        <time>2026-03-07T10:29:39.706Z</time>
      </trkpt>
      <trkpt lat="51.344180" lon="7.289499">
        <ele>296.936517</ele>
        <time>2026-03-07T10:29:48.668Z</time>
      </trkpt>
      <trkpt lat="51.344267" lon="7.289576">
        <ele>296.904151</ele>
        <time>2026-03-07T10:29:55.699Z</time>
      </trkpt>
      <trkpt lat="51.344336" lon="7.289704">
        <ele>296.882533</ele>
        <time>2026-03-07T10:30:03.689Z</time>
      </trkpt>
      <trkpt lat="51.344423" lon="7.289780">
        <ele>296.862246</ele>
        <time>2026-03-07T10:30:13.695Z</time>
      </trkpt>
      <trkpt lat="51.344475" lon="7.290070">
        <ele>296.823670</ele>
        <time>2026-03-07T10:32:03.700Z</time>
      </trkpt>
      <trkpt lat="51.344570" lon="7.290125">
        <ele>296.802992</ele>
        <time>2026-03-07T10:32:20.716Z</time>
      </trkpt>
      <trkpt lat="51.344620" lon="7.290253">
        <ele>296.783689</ele>
        <time>2026-03-07T10:32:27.718Z</time>
      </trkpt>
      <trkpt lat="51.344696" lon="7.290355">
        <ele>296.763389</ele>
        <time>2026-03-07T10:32:35.687Z</time>
      </trkpt>
      <trkpt lat="51.344753" lon="7.290470">
        <ele>296.744619</ele>
        <time>2026-03-07T10:32:44.709Z</time>
      </trkpt>
      <trkpt lat="51.344825" lon="7.290578">
        <ele>296.724423</ele>
        <time>2026-03-07T10:32:53.725Z</time>
      </trkpt>
      <trkpt lat="51.344879" lon="7.290706">
        <ele>296.704674</ele>
        <time>2026-03-07T10:33:01.696Z</time>
      </trkpt>
      <trkpt lat="51.344946" lon="7.290824">
        <ele>296.684286</ele>
        <time>2026-03-07T10:33:07.698Z</time>
      </trkpt>
      <trkpt lat="51.345019" lon="7.290913">
        <ele>296.665503</ele>
        <time>2026-03-07T10:33:15.718Z</time>
      </trkpt>
      <trkpt lat="51.345087" lon="7.291011">
        <ele>296.646775</ele>
        <time>2026-03-07T10:33:24.702Z</time>
      </trkpt>
      <trkpt lat="51.345147" lon="7.291136">
        <ele>296.626620</ele>
        <time>2026-03-07T10:33:32.731Z</time>
      </trkpt>
      <trkpt lat="51.345213" lon="7.291239">
        <ele>296.607753</ele>
        <time>2026-03-07T10:33:39.682Z</time>
      </trkpt>
      <trkpt lat="51.345281" lon="7.291336">
        <ele>296.589111</ele>
        <time>2026-03-07T10:33:46.683Z</time>
      </trkpt>
      <trkpt lat="51.345325" lon="7.291472">
        <ele>296.569528</ele>
        <time>2026-03-07T10:33:54.704Z</time>
      </trkpt>
      <trkpt lat="51.345391" lon="7.291572">
        <ele>296.550928</ele>
        <time>2026-03-07T10:34:02.700Z</time>
      </trkpt>
      <trkpt lat="51.345454" lon="7.291692">
        <ele>296.453064</ele>
        <time>2026-03-07T10:34:09.702Z</time>
      </trkpt>
      <trkpt lat="51.345528" lon="7.291809">
        <ele>296.348672</ele>
        <time>2026-03-07T10:34:18.774Z</time>
      </trkpt>
      <trkpt lat="51.345599" lon="7.291913">
        <ele>296.252079</ele>
        <time>2026-03-07T10:34:26.706Z</time>
      </trkpt>
      <trkpt lat="51.345658" lon="7.292041">
        <ele>296.152343</ele>
        <time>2026-03-07T10:34:33.697Z</time>
      </trkpt>
      <trkpt lat="51.345732" lon="7.292140">
        <ele>296.055547</ele>
        <time>2026-03-07T10:34:41.709Z</time>
      </trkpt>
      <trkpt lat="51.345820" lon="7.292194">
        <ele>295.960952</ele>
        <time>2026-03-07T10:34:49.708Z</time>
      </trkpt>
      <trkpt lat="51.345886" lon="7.292300">
        <ele>295.867116</ele>
        <time>2026-03-07T10:34:56.652Z</time>
      </trkpt>
      <trkpt lat="51.345957" lon="7.292398">
        <ele>295.773022</ele>
        <time>2026-03-07T10:35:04.691Z</time>
      </trkpt>
      <trkpt lat="51.346016" lon="7.292512">
        <ele>295.680203</ele>
        <time>2026-03-07T10:35:11.687Z</time>
      </trkpt>
      <trkpt lat="51.346100" lon="7.292581">
        <ele>295.585439</ele>
        <time>2026-03-07T10:35:20.677Z</time>
      </trkpt>
      <trkpt lat="51.346170" lon="7.292700">
        <ele>295.482955</ele>
        <time>2026-03-07T10:35:28.707Z</time>
      </trkpt>
      <trkpt lat="51.346244" lon="7.292795">
        <ele>295.387748</ele>
        <time>2026-03-07T10:35:35.697Z</time>
      </trkpt>
      <trkpt lat="51.346308" lon="7.292899">
        <ele>295.296217</ele>
        <time>2026-03-07T10:35:43.740Z</time>
      </trkpt>
      <trkpt lat="51.346379" lon="7.293018">
        <ele>295.193043</ele>
        <time>2026-03-07T10:35:51.696Z</time>
      </trkpt>
      <trkpt lat="51.346445" lon="7.293144">
        <ele>295.089947</ele>
        <time>2026-03-07T10:35:57.702Z</time>
      </trkpt>
      <trkpt lat="51.346515" lon="7.293236">
        <ele>294.999043</ele>
        <time>2026-03-07T10:36:06.697Z</time>
      </trkpt>
      <trkpt lat="51.346579" lon="7.293354">
        <ele>294.901065</ele>
        <time>2026-03-07T10:36:14.711Z</time>
      </trkpt>
      <trkpt lat="51.346624" lon="7.293498">
        <ele>294.800117</ele>
        <time>2026-03-07T10:36:22.727Z</time>
      </trkpt>
      <trkpt lat="51.346646" lon="7.293641">
        <ele>294.832908</ele>
        <time>2026-03-07T10:36:28.718Z</time>
      </trkpt>
      <trkpt lat="51.346677" lon="7.293786">
        <ele>295.055964</ele>
        <time>2026-03-07T10:36:36.746Z</time>
      </trkpt>
      <trkpt lat="51.346739" lon="7.293905">
        <ele>295.281502</ele>
        <time>2026-03-07T10:36:44.708Z</time>
      </trkpt>
      <trkpt lat="51.346811" lon="7.294009">
        <ele>295.507461</ele>
        <time>2026-03-07T10:36:52.694Z</time>
      </trkpt>
      <trkpt lat="51.346885" lon="7.294107">
        <ele>295.731236</ele>
        <time>2026-03-07T10:37:00.647Z</time>
      </trkpt>
      <trkpt lat="51.346908" lon="7.294260">
        <ele>295.960272</ele>
        <time>2026-03-07T10:37:06.717Z</time>
      </trkpt>
      <trkpt lat="51.346988" lon="7.294350">
        <ele>296.188102</ele>
        <time>2026-03-07T10:37:16.711Z</time>
      </trkpt>
      <trkpt lat="51.347051" lon="7.294467">
        <ele>296.412926</ele>
        <time>2026-03-07T10:37:23.731Z</time>
      </trkpt>
      <trkpt lat="51.347111" lon="7.294580">
        <ele>296.628781</ele>
        <time>2026-03-07T10:37:30.677Z</time>
      </trkpt>
      <trkpt lat="51.347142" lon="7.294717">
        <ele>296.840852</ele>
        <time>2026-03-07T10:37:37.692Z</time>
      </trkpt>
      <trkpt lat="51.347211" lon="7.294817">
        <ele>297.057721</ele>
        <time>2026-03-07T10:37:44.752Z</time>
      </trkpt>
      <trkpt lat="51.347266" lon="7.294939">
        <ele>297.276699</ele>
        <time>2026-03-07T10:37:51.698Z</time>
      </trkpt>
      <trkpt lat="51.347317" lon="7.295071">
        <ele>297.502595</ele>
        <time>2026-03-07T10:37:56.662Z</time>
      </trkpt>
      <trkpt lat="51.347382" lon="7.295191">
        <ele>297.733769</ele>
        <time>2026-03-07T10:38:04.701Z</time>
      </trkpt>
      <trkpt lat="51.347432" lon="7.295330">
        <ele>297.967220</ele>
        <time>2026-03-07T10:38:13.697Z</time>
      </trkpt>
      <trkpt lat="51.347476" lon="7.295472">
        <ele>298.197919</ele>
        <time>2026-03-07T10:38:21.717Z</time>
      </trkpt>
      <trkpt lat="51.347520" lon="7.295599">
        <ele>298.409284</ele>
        <time>2026-03-07T10:38:29.632Z</time>
      </trkpt>
      <trkpt lat="51.347552" lon="7.295736">
        <ele>298.622159</ele>
        <time>2026-03-07T10:38:37.758Z</time>
      </trkpt>
      <trkpt lat="51.347578" lon="7.295874">
        <ele>298.831941</ele>
        <time>2026-03-07T10:38:52.728Z</time>
      </trkpt>
      <trkpt lat="51.347615" lon="7.296018">
        <ele>298.827462</ele>
        <time>2026-03-07T10:38:59.737Z</time>
      </trkpt>
      <trkpt lat="51.347632" lon="7.296162">
        <ele>298.636816</ele>
        <time>2026-03-07T10:39:06.696Z</time>
      </trkpt>
      <trkpt lat="51.347674" lon="7.296297">
        <ele>298.440616</ele>
        <time>2026-03-07T10:39:13.718Z</time>
      </trkpt>
      <trkpt lat="51.347721" lon="7.296433">
        <ele>298.238418</ele>
        <time>2026-03-07T10:39:21.721Z</time>
      </trkpt>
      <trkpt lat="51.347753" lon="7.296577">
        <ele>298.039587</ele>
        <time>2026-03-07T10:39:29.667Z</time>
      </trkpt>
      <trkpt lat="51.347788" lon="7.296718">
        <ele>297.842207</ele>
        <time>2026-03-07T10:39:36.708Z</time>
      </trkpt>
      <trkpt lat="51.347844" lon="7.296854">
        <ele>297.630299</ele>
        <time>2026-03-07T10:39:44.698Z</time>
      </trkpt>
      <trkpt lat="51.347900" lon="7.296969">
        <ele>297.440603</ele>
        <time>2026-03-07T10:39:51.728Z</time>
      </trkpt>
      <trkpt lat="51.347948" lon="7.297098">
        <ele>297.245267</ele>
        <time>2026-03-07T10:39:58.732Z</time>
      </trkpt>
      <trkpt lat="51.347969" lon="7.297255">
        <ele>297.036397</ele>
        <time>2026-03-07T10:40:06.723Z</time>
      </trkpt>
      <trkpt lat="51.347969" lon="7.297399">
        <ele>296.849070</ele>
        <time>2026-03-07T10:40:13.705Z</time>
      </trkpt>
      <trkpt lat="51.347990" lon="7.297556">
        <ele>296.640200</ele>
        <time>2026-03-07T10:40:21.732Z</time>
      </trkpt>
      <trkpt lat="51.347933" lon="7.297681">
        <ele>296.438864</ele>
        <time>2026-03-07T10:40:27.705Z</time>
      </trkpt>
      <trkpt lat="51.347975" lon="7.297826">
        <ele>296.230939</ele>
        <time>2026-03-07T10:40:33.706Z</time>
      </trkpt>
      <trkpt lat="51.348019" lon="7.297967">
        <ele>296.025895</ele>
        <time>2026-03-07T10:40:41.771Z</time>
      </trkpt>
      <trkpt lat="51.348029" lon="7.298123">
        <ele>295.821892</ele>
        <time>2026-03-07T10:40:48.711Z</time>
      </trkpt>
      <trkpt lat="51.348069" lon="7.298262">
        <ele>295.622800</ele>
        <time>2026-03-07T10:40:56.704Z</time>
      </trkpt>
      <trkpt lat="51.348085" lon="7.298424">
        <ele>295.409439</ele>
        <time>2026-03-07T10:41:05.717Z</time>
      </trkpt>
      <trkpt lat="51.348143" lon="7.298538">
        <ele>295.218164</ele>
        <time>2026-03-07T10:41:13.710Z</time>
      </trkpt>
      <trkpt lat="51.348146" lon="7.298694">
        <ele>295.177959</ele>
        <time>2026-03-07T10:41:20.711Z</time>
      </trkpt>
      <trkpt lat="51.348191" lon="7.298835">
        <ele>295.163393</ele>
        <time>2026-03-07T10:41:28.703Z</time>
      </trkpt>
      <trkpt lat="51.348216" lon="7.298990">
        <ele>295.148666</ele>
        <time>2026-03-07T10:41:37.739Z</time>
      </trkpt>
      <trkpt lat="51.348245" lon="7.299149">
        <ele>295.133429</ele>
        <time>2026-03-07T10:41:42.686Z</time>
      </trkpt>
      <trkpt lat="51.348231" lon="7.299303">
        <ele>295.119113</ele>
        <time>2026-03-07T10:41:52.695Z</time>
      </trkpt>
      <trkpt lat="51.348256" lon="7.299448">
        <ele>295.105275</ele>
        <time>2026-03-07T10:42:00.691Z</time>
      </trkpt>
      <trkpt lat="51.348253" lon="7.299603">
        <ele>295.091009</ele>
        <time>2026-03-07T10:42:05.736Z</time>
      </trkpt>
      <trkpt lat="51.348281" lon="7.299753">
        <ele>295.076607</ele>
        <time>2026-03-07T10:42:14.727Z</time>
      </trkpt>
      <trkpt lat="51.348308" lon="7.299897">
        <ele>295.062776</ele>
        <time>2026-03-07T10:42:23.677Z</time>
      </trkpt>
      <trkpt lat="51.348313" lon="7.300049">
        <ele>295.048774</ele>
        <time>2026-03-07T10:42:32.711Z</time>
      </trkpt>
      <trkpt lat="51.348367" lon="7.300196">
        <ele>295.033086</ele>
        <time>2026-03-07T10:42:40.718Z</time>
      </trkpt>
      <trkpt lat="51.348371" lon="7.300352">
        <ele>295.018723</ele>
        <time>2026-03-07T10:42:47.736Z</time>
      </trkpt>
      <trkpt lat="51.348396" lon="7.300508">
        <ele>295.003908</ele>
        <time>2026-03-07T10:42:56.723Z</time>
      </trkpt>
      <trkpt lat="51.348414" lon="7.300661">
        <ele>294.989585</ele>
        <time>2026-03-07T10:43:02.632Z</time>
      </trkpt>
      <trkpt lat="51.348420" lon="7.300811">
        <ele>294.975758</ele>
        <time>2026-03-07T10:43:10.704Z</time>
      </trkpt>
      <trkpt lat="51.348442" lon="7.300951">
        <ele>294.962478</ele>
        <time>2026-03-07T10:43:18.705Z</time>
      </trkpt>
      <trkpt lat="51.348467" lon="7.301089">
        <ele>294.949260</ele>
        <time>2026-03-07T10:43:25.712Z</time>
      </trkpt>
      <trkpt lat="51.348478" lon="7.301236">
        <ele>294.935641</ele>
        <time>2026-03-07T10:43:32.724Z</time>
      </trkpt>
      <trkpt lat="51.348455" lon="7.301381">
        <ele>294.860329</ele>
        <time>2026-03-07T10:43:39.689Z</time>
      </trkpt>
      <trkpt lat="51.348438" lon="7.301531">
        <ele>294.603698</ele>
        <time>2026-03-07T10:43:45.724Z</time>
      </trkpt>
      <trkpt lat="51.348435" lon="7.301685">
        <ele>294.344331</ele>
        <time>2026-03-07T10:43:52.736Z</time>
      </trkpt>
      <trkpt lat="51.348412" lon="7.301834">
        <ele>294.085961</ele>
        <time>2026-03-07T10:44:01.686Z</time>
      </trkpt>
      <trkpt lat="51.348393" lon="7.301999">
        <ele>293.803521</ele>
        <time>2026-03-07T10:44:07.684Z</time>
      </trkpt>
      <trkpt lat="51.348425" lon="7.302154">
        <ele>293.528712</ele>
        <time>2026-03-07T10:44:17.714Z</time>
      </trkpt>
      <trkpt lat="51.348442" lon="7.302311">
        <ele>293.260479</ele>
        <time>2026-03-07T10:44:25.729Z</time>
      </trkpt>
      <trkpt lat="51.348496" lon="7.302440">
        <ele>292.999062</ele>
        <time>2026-03-07T10:44:32.688Z</time>
      </trkpt>
      <trkpt lat="51.348533" lon="7.302577">
        <ele>292.747802</ele>
        <time>2026-03-07T10:44:38.713Z</time>
      </trkpt>
      <trkpt lat="51.348565" lon="7.302734">
        <ele>292.469795</ele>
        <time>2026-03-07T10:44:47.717Z</time>
      </trkpt>
      <trkpt lat="51.348591" lon="7.302876">
        <ele>292.220696</ele>
        <time>2026-03-07T10:44:54.701Z</time>
      </trkpt>
      <trkpt lat="51.348597" lon="7.303033">
        <ele>291.955912</ele>
        <time>2026-03-07T10:45:02.710Z</time>
      </trkpt>
      <trkpt lat="51.348616" lon="7.303176">
        <ele>291.709802</ele>
        <time>2026-03-07T10:45:09.677Z</time>
      </trkpt>
      <trkpt lat="51.348655" lon="7.303319">
        <ele>291.447131</ele>
        <time>2026-03-07T10:45:17.713Z</time>
      </trkpt>
      <trkpt lat="51.348680" lon="7.303472">
        <ele>291.180907</ele>
        <time>2026-03-07T10:45:24.702Z</time>
      </trkpt>
      <trkpt lat="51.348714" lon="7.303606">
        <ele>290.937432</ele>
        <time>2026-03-07T10:45:32.777Z</time>
      </trkpt>
      <trkpt lat="51.348747" lon="7.303763">
        <ele>290.658579</ele>
        <time>2026-03-07T10:45:40.700Z</time>
      </trkpt>
      <trkpt lat="51.348783" lon="7.303906">
        <ele>290.399038</ele>
        <time>2026-03-07T10:45:48.756Z</time>
      </trkpt>
      <trkpt lat="51.348803" lon="7.304053">
        <ele>290.145780</ele>
        <time>2026-03-07T10:45:55.677Z</time>
      </trkpt>
      <trkpt lat="51.348827" lon="7.304195">
        <ele>290.089940</ele>
        <time>2026-03-07T10:46:02.729Z</time>
      </trkpt>
      <trkpt lat="51.348860" lon="7.304333">
        <ele>290.106875</ele>
        <time>2026-03-07T10:46:10.724Z</time>
      </trkpt>
      <trkpt lat="51.348911" lon="7.304453">
        <ele>290.123509</ele>
        <time>2026-03-07T10:46:15.687Z</time>
      </trkpt>
      <trkpt lat="51.348928" lon="7.304602">
        <ele>290.140867</ele>
        <time>2026-03-07T10:46:24.708Z</time>
      </trkpt>
      <trkpt lat="51.348957" lon="7.304751">
        <ele>290.158752</ele>
        <time>2026-03-07T10:46:31.696Z</time>
      </trkpt>
      <trkpt lat="51.349005" lon="7.304887">
        <ele>290.176654</ele>
        <time>2026-03-07T10:46:39.739Z</time>
      </trkpt>
      <trkpt lat="51.349063" lon="7.305003">
        <ele>290.193683</ele>
        <time>2026-03-07T10:46:47.651Z</time>
      </trkpt>
      <trkpt lat="51.349094" lon="7.305440">
        <ele>290.244086</ele>
        <time>2026-03-07T10:47:28.677Z</time>
      </trkpt>
      <trkpt lat="51.349137" lon="7.305574">
        <ele>290.261350</ele>
        <time>2026-03-07T10:47:35.703Z</time>
      </trkpt>
      <trkpt lat="51.349165" lon="7.305730">
        <ele>290.279952</ele>
        <time>2026-03-07T10:47:43.718Z</time>
      </trkpt>
      <trkpt lat="51.349181" lon="7.305881">
        <ele>290.297504</ele>
        <time>2026-03-07T10:47:49.662Z</time>
      </trkpt>
      <trkpt lat="51.349256" lon="7.305984">
        <ele>290.315634</ele>
        <time>2026-03-07T10:47:55.711Z</time>
      </trkpt>
      <trkpt lat="51.349260" lon="7.306136">
        <ele>290.333069</ele>
        <time>2026-03-07T10:48:01.646Z</time>
      </trkpt>
      <trkpt lat="51.349303" lon="7.306265">
        <ele>290.349826</ele>
        <time>2026-03-07T10:48:09.677Z</time>
      </trkpt>
      <trkpt lat="51.349341" lon="7.306422">
        <ele>290.369122</ele>
        <time>2026-03-07T10:48:19.643Z</time>
      </trkpt>
      <trkpt lat="51.349381" lon="7.306580">
        <ele>290.388659</ele>
        <time>2026-03-07T10:48:24.641Z</time>
      </trkpt>
      <trkpt lat="51.349340" lon="7.306734">
        <ele>290.406590</ele>
        <time>2026-03-07T10:48:31.638Z</time>
      </trkpt>
      <trkpt lat="51.349385" lon="7.306863">
        <ele>290.217042</ele>
        <time>2026-03-07T10:48:39.663Z</time>
      </trkpt>
      <trkpt lat="51.349416" lon="7.306998">
        <ele>290.032525</ele>
        <time>2026-03-07T10:48:49.690Z</time>
      </trkpt>
      <trkpt lat="51.349441" lon="7.307143">
        <ele>289.839557</ele>
        <time>2026-03-07T10:49:12.734Z</time>
      </trkpt>
      <trkpt lat="51.349462" lon="7.307296">
        <ele>289.638600</ele>
        <time>2026-03-07T10:49:19.719Z</time>
      </trkpt>
      <trkpt lat="51.349485" lon="7.307459">
        <ele>289.424228</ele>
        <time>2026-03-07T10:49:27.725Z</time>
      </trkpt>
      <trkpt lat="51.349505" lon="7.307618">
        <ele>289.216162</ele>
        <time>2026-03-07T10:49:35.752Z</time>
      </trkpt>
      <trkpt lat="51.349524" lon="7.307775">
        <ele>289.011011</ele>
        <time>2026-03-07T10:49:43.739Z</time>
      </trkpt>
      <trkpt lat="51.349536" lon="7.307923">
        <ele>288.819559</ele>
        <time>2026-03-07T10:49:50.696Z</time>
      </trkpt>
      <trkpt lat="51.349551" lon="7.308079">
        <ele>288.617080</ele>
        <time>2026-03-07T10:49:58.700Z</time>
      </trkpt>
      <trkpt lat="51.349542" lon="7.308237">
        <ele>288.413551</ele>
        <time>2026-03-07T10:50:04.747Z</time>
      </trkpt>
      <trkpt lat="51.349533" lon="7.308400">
        <ele>288.203634</ele>
        <time>2026-03-07T10:50:11.783Z</time>
      </trkpt>
      <trkpt lat="51.349517" lon="7.308568">
        <ele>287.985627</ele>
        <time>2026-03-07T10:50:18.715Z</time>
      </trkpt>
      <trkpt lat="51.349542" lon="7.308719">
        <ele>287.785229</ele>
        <time>2026-03-07T10:50:36.723Z</time>
      </trkpt>
      <trkpt lat="51.349558" lon="7.308882">
        <ele>287.573561</ele>
        <time>2026-03-07T10:50:44.717Z</time>
      </trkpt>
      <trkpt lat="51.349568" lon="7.309032">
        <ele>287.380043</ele>
        <time>2026-03-07T10:50:50.695Z</time>
      </trkpt>
      <trkpt lat="51.349608" lon="7.309170">
        <ele>287.184877</ele>
        <time>2026-03-07T10:50:58.719Z</time>
      </trkpt>
      <trkpt lat="51.349628" lon="7.309327">
        <ele>286.979326</ele>
        <time>2026-03-07T10:51:06.706Z</time>
      </trkpt>
      <trkpt lat="51.349657" lon="7.309483">
        <ele>286.770529</ele>
        <time>2026-03-07T10:51:13.752Z</time>
      </trkpt>
      <trkpt lat="51.349678" lon="7.309634">
        <ele>286.702868</ele>
        <time>2026-03-07T10:51:22.789Z</time>
      </trkpt>
      <trkpt lat="51.349718" lon="7.309775">
        <ele>286.688042</ele>
        <time>2026-03-07T10:51:29.690Z</time>
      </trkpt>
      <trkpt lat="51.349748" lon="7.309920">
        <ele>286.673419</ele>
        <time>2026-03-07T10:51:37.718Z</time>
      </trkpt>
      <trkpt lat="51.349786" lon="7.310070">
        <ele>286.657922</ele>
        <time>2026-03-07T10:51:45.753Z</time>
      </trkpt>
      <trkpt lat="51.349814" lon="7.310209">
        <ele>286.643940</ele>
        <time>2026-03-07T10:51:52.691Z</time>
      </trkpt>
      <trkpt lat="51.349851" lon="7.310342">
        <ele>286.630001</ele>
        <time>2026-03-07T10:51:59.705Z</time>
      </trkpt>
      <trkpt lat="51.349901" lon="7.310502">
        <ele>286.612873</ele>
        <time>2026-03-07T10:52:09.721Z</time>
      </trkpt>
      <trkpt lat="51.349936" lon="7.310645">
        <ele>286.598170</ele>
        <time>2026-03-07T10:52:17.775Z</time>
      </trkpt>
      <trkpt lat="51.349969" lon="7.310796">
        <ele>286.582854</ele>
        <time>2026-03-07T10:52:24.763Z</time>
      </trkpt>
      <trkpt lat="51.349995" lon="7.310949">
        <ele>286.567675</ele>
        <time>2026-03-07T10:52:31.765Z</time>
      </trkpt>
      <trkpt lat="51.350047" lon="7.311068">
        <ele>286.553771</ele>
        <time>2026-03-07T10:52:38.721Z</time>
      </trkpt>
      <trkpt lat="51.350090" lon="7.311211">
        <ele>286.538577</ele>
        <time>2026-03-07T10:52:46.702Z</time>
      </trkpt>
      <trkpt lat="51.350092" lon="7.311357">
        <ele>286.524596</ele>
        <time>2026-03-07T10:52:52.737Z</time>
      </trkpt>
      <trkpt lat="51.350039" lon="7.311489">
        <ele>286.509573</ele>
        <time>2026-03-07T10:52:58.700Z</time>
      </trkpt>
      <trkpt lat="51.349955" lon="7.311565">
        <ele>286.494784</ele>
        <time>2026-03-07T10:53:05.748Z</time>
      </trkpt>
      <trkpt lat="51.349874" lon="7.311643">
        <ele>286.480296</ele>
        <time>2026-03-07T10:53:12.720Z</time>
      </trkpt>
      <trkpt lat="51.349787" lon="7.311718">
        <ele>286.465150</ele>
        <time>2026-03-07T10:53:20.708Z</time>
      </trkpt>
      <trkpt lat="51.349709" lon="7.311803">
        <ele>286.450687</ele>
        <time>2026-03-07T10:53:28.701Z</time>
      </trkpt>
      <trkpt lat="51.349638" lon="7.311893">
        <ele>286.425674</ele>
        <time>2026-03-07T10:53:34.733Z</time>
      </trkpt>
      <trkpt lat="51.349602" lon="7.312036">
        <ele>286.230148</ele>
        <time>2026-03-07T10:53:43.701Z</time>
      </trkpt>
      <trkpt lat="51.349619" lon="7.312190">
        <ele>286.031822</ele>
        <time>2026-03-07T10:53:51.762Z</time>
      </trkpt>
      <trkpt lat="51.349669" lon="7.312316">
        <ele>285.842507</ele>
        <time>2026-03-07T10:54:00.695Z</time>
      </trkpt>
      <trkpt lat="51.349782" lon="7.312708">
        <ele>285.294989</ele>
        <time>2026-03-07T10:58:05.725Z</time>
      </trkpt>
      <trkpt lat="51.349831" lon="7.312831">
        <ele>285.109975</ele>
        <time>2026-03-07T10:58:13.745Z</time>
      </trkpt>
      <trkpt lat="51.349881" lon="7.312960">
        <ele>284.917439</ele>
        <time>2026-03-07T10:58:19.654Z</time>
      </trkpt>
      <trkpt lat="51.349935" lon="7.313096">
        <ele>284.713066</ele>
        <time>2026-03-07T10:58:28.654Z</time>
      </trkpt>
      <trkpt lat="51.350005" lon="7.313190">
        <ele>284.527560</ele>
        <time>2026-03-07T10:58:35.656Z</time>
      </trkpt>
      <trkpt lat="51.350080" lon="7.313301">
        <ele>284.320180</ele>
        <time>2026-03-07T10:58:41.625Z</time>
      </trkpt>
      <trkpt lat="51.350150" lon="7.313418">
        <ele>284.114712</ele>
        <time>2026-03-07T10:58:49.680Z</time>
      </trkpt>
      <trkpt lat="51.350212" lon="7.313536">
        <ele>283.919158</ele>
        <time>2026-03-07T10:58:54.655Z</time>
      </trkpt>
      <trkpt lat="51.350268" lon="7.313649">
        <ele>283.736225</ele>
        <time>2026-03-07T10:59:01.719Z</time>
      </trkpt>
      <trkpt lat="51.350361" lon="7.313735">
        <ele>283.518158</ele>
        <time>2026-03-07T10:59:07.715Z</time>
      </trkpt>
      <trkpt lat="51.350435" lon="7.313834">
        <ele>283.322355</ele>
        <time>2026-03-07T10:59:15.713Z</time>
      </trkpt>
      <trkpt lat="51.350527" lon="7.313881">
        <ele>283.126272</ele>
        <time>2026-03-07T10:59:22.699Z</time>
      </trkpt>
      <trkpt lat="51.350598" lon="7.314003">
        <ele>282.914801</ele>
        <time>2026-03-07T10:59:29.715Z</time>
      </trkpt>
      <trkpt lat="51.350671" lon="7.314103">
        <ele>282.828804</ele>
        <time>2026-03-07T10:59:36.702Z</time>
      </trkpt>
      <trkpt lat="51.350760" lon="7.314160">
        <ele>282.956490</ele>
        <time>2026-03-07T10:59:43.743Z</time>
      </trkpt>
      <trkpt lat="51.350848" lon="7.314222">
        <ele>283.084557</ele>
        <time>2026-03-07T10:59:51.695Z</time>
      </trkpt>
      <trkpt lat="51.350926" lon="7.314309">
        <ele>283.211183</ele>
        <time>2026-03-07T10:59:58.694Z</time>
      </trkpt>
      <trkpt lat="51.350996" lon="7.314448">
        <ele>283.359732</ele>
        <time>2026-03-07T11:00:04.745Z</time>
      </trkpt>
      <trkpt lat="51.351074" lon="7.314542">
        <ele>283.489774</ele>
        <time>2026-03-07T11:00:11.676Z</time>
      </trkpt>
      <trkpt lat="51.351158" lon="7.314605">
        <ele>283.613333</ele>
        <time>2026-03-07T11:00:18.706Z</time>
      </trkpt>
      <trkpt lat="51.351258" lon="7.314646">
        <ele>283.750837</ele>
        <time>2026-03-07T11:00:25.727Z</time>
      </trkpt>
      <trkpt lat="51.351329" lon="7.314744">
        <ele>283.875704</ele>
        <time>2026-03-07T11:00:33.752Z</time>
      </trkpt>
      <trkpt lat="51.351402" lon="7.314860">
        <ele>284.012702</ele>
        <time>2026-03-07T11:00:42.709Z</time>
      </trkpt>
      <trkpt lat="51.351496" lon="7.314861">
        <ele>284.137919</ele>
        <time>2026-03-07T11:00:48.673Z</time>
      </trkpt>
      <trkpt lat="51.351538" lon="7.314990">
        <ele>284.258944</ele>
        <time>2026-03-07T11:00:55.774Z</time>
      </trkpt>
      <trkpt lat="51.351633" lon="7.315017">
        <ele>284.387468</ele>
        <time>2026-03-07T11:01:01.730Z</time>
      </trkpt>
      <trkpt lat="51.351734" lon="7.315071">
        <ele>284.529308</ele>
        <time>2026-03-07T11:01:09.720Z</time>
      </trkpt>
      <trkpt lat="51.351803" lon="7.315192">
        <ele>284.665619</ele>
        <time>2026-03-07T11:01:16.750Z</time>
      </trkpt>
      <trkpt lat="51.351889" lon="7.315279">
        <ele>284.801125</ele>
        <time>2026-03-07T11:01:24.700Z</time>
      </trkpt>
      <trkpt lat="51.351975" lon="7.315368">
        <ele>284.937526</ele>
        <time>2026-03-07T11:01:31.671Z</time>
      </trkpt>
      <trkpt lat="51.352022" lon="7.315500">
        <ele>285.063933</ele>
        <time>2026-03-07T11:01:36.713Z</time>
      </trkpt>
      <trkpt lat="51.352097" lon="7.315602">
        <ele>285.179324</ele>
        <time>2026-03-07T11:01:45.763Z</time>
      </trkpt>
      <trkpt lat="51.352165" lon="7.315703">
        <ele>285.159483</ele>
        <time>2026-03-07T11:01:52.723Z</time>
      </trkpt>
      <trkpt lat="51.352214" lon="7.315827">
        <ele>285.139880</ele>
        <time>2026-03-07T11:01:59.754Z</time>
      </trkpt>
      <trkpt lat="51.352265" lon="7.315964">
        <ele>285.118573</ele>
        <time>2026-03-07T11:02:06.714Z</time>
      </trkpt>
      <trkpt lat="51.352341" lon="7.316043">
        <ele>285.099191</ele>
        <time>2026-03-07T11:02:12.709Z</time>
      </trkpt>
      <trkpt lat="51.352395" lon="7.316183">
        <ele>285.077208</ele>
        <time>2026-03-07T11:02:21.696Z</time>
      </trkpt>
      <trkpt lat="51.352473" lon="7.316295">
        <ele>285.054797</ele>
        <time>2026-03-07T11:02:29.681Z</time>
      </trkpt>
      <trkpt lat="51.352526" lon="7.316431">
        <ele>285.033381</ele>
        <time>2026-03-07T11:02:36.714Z</time>
      </trkpt>
      <trkpt lat="51.352573" lon="7.316576">
        <ele>285.011557</ele>
        <time>2026-03-07T11:02:44.715Z</time>
      </trkpt>
      <trkpt lat="51.352623" lon="7.316706">
        <ele>284.991161</ele>
        <time>2026-03-07T11:02:52.687Z</time>
      </trkpt>
      <trkpt lat="51.352651" lon="7.316849">
        <ele>284.971140</ele>
        <time>2026-03-07T11:02:59.761Z</time>
      </trkpt>
      <trkpt lat="51.352698" lon="7.316987">
        <ele>284.950141</ele>
        <time>2026-03-07T11:03:06.728Z</time>
      </trkpt>
      <trkpt lat="51.352712" lon="7.317140">
        <ele>284.929483</ele>
        <time>2026-03-07T11:03:14.666Z</time>
      </trkpt>
      <trkpt lat="51.352716" lon="7.317299">
        <ele>284.908225</ele>
        <time>2026-03-07T11:03:20.738Z</time>
      </trkpt>
      <trkpt lat="51.352753" lon="7.317433">
        <ele>284.888652</ele>
        <time>2026-03-07T11:03:28.711Z</time>
      </trkpt>
      <trkpt lat="51.352798" lon="7.317579">
        <ele>284.866902</ele>
        <time>2026-03-07T11:03:36.743Z</time>
      </trkpt>
      <trkpt lat="51.352830" lon="7.317719">
        <ele>284.846986</ele>
        <time>2026-03-07T11:03:44.743Z</time>
      </trkpt>
      <trkpt lat="51.352916" lon="7.317808">
        <ele>284.825082</ele>
        <time>2026-03-07T11:03:51.748Z</time>
      </trkpt>
      <trkpt lat="51.352913" lon="7.317967">
        <ele>284.803831</ele>
        <time>2026-03-07T11:03:57.750Z</time>
      </trkpt>
      <trkpt lat="51.352915" lon="7.318133">
        <ele>284.760796</ele>
        <time>2026-03-07T11:04:06.706Z</time>
      </trkpt>
      <trkpt lat="51.352920" lon="7.318296">
        <ele>284.708877</ele>
        <time>2026-03-07T11:04:14.711Z</time>
      </trkpt>
      <trkpt lat="51.352949" lon="7.318457">
        <ele>284.655568</ele>
        <time>2026-03-07T11:04:20.771Z</time>
      </trkpt>
      <trkpt lat="51.352998" lon="7.318582">
        <ele>284.608615</ele>
        <time>2026-03-07T11:04:29.688Z</time>
      </trkpt>
      <trkpt lat="51.353047" lon="7.318732">
        <ele>284.554760</ele>
        <time>2026-03-07T11:04:37.692Z</time>
      </trkpt>
      <trkpt lat="51.353077" lon="7.318887">
        <ele>284.503135</ele>
        <time>2026-03-07T11:04:44.765Z</time>
      </trkpt>
      <trkpt lat="51.353081" lon="7.319038">
        <ele>284.455052</ele>
        <time>2026-03-07T11:04:53.737Z</time>
      </trkpt>
      <trkpt lat="51.353134" lon="7.319175">
        <ele>284.403782</ele>
        <time>2026-03-07T11:05:01.703Z</time>
      </trkpt>
      <trkpt lat="51.353146" lon="7.319322">
        <ele>284.356618</ele>
        <time>2026-03-07T11:05:07.696Z</time>
      </trkpt>
      <trkpt lat="51.353159" lon="7.319474">
        <ele>284.307810</ele>
        <time>2026-03-07T11:05:14.744Z</time>
      </trkpt>
      <trkpt lat="51.353217" lon="7.319596">
        <ele>284.259030</ele>
        <time>2026-03-07T11:05:22.702Z</time>
      </trkpt>
      <trkpt lat="51.353249" lon="7.319743">
        <ele>284.209504</ele>
        <time>2026-03-07T11:05:30.708Z</time>
      </trkpt>
      <trkpt lat="51.353250" lon="7.319901">
        <ele>284.159236</ele>
        <time>2026-03-07T11:05:37.715Z</time>
      </trkpt>
      <trkpt lat="51.353290" lon="7.320050">
        <ele>284.107639</ele>
        <time>2026-03-07T11:05:46.662Z</time>
      </trkpt>
      <trkpt lat="51.353281" lon="7.320206">
        <ele>284.057798</ele>
        <time>2026-03-07T11:05:52.648Z</time>
      </trkpt>
      <trkpt lat="51.353313" lon="7.320362">
        <ele>284.005560</ele>
        <time>2026-03-07T11:05:58.623Z</time>
      </trkpt>
      <trkpt lat="51.353414" lon="7.320440">
        <ele>283.948437</ele>
        <time>2026-03-07T11:06:04.720Z</time>
      </trkpt>
      <trkpt lat="51.353399" lon="7.320619">
        <ele>283.890980</ele>
        <time>2026-03-07T11:06:12.720Z</time>
      </trkpt>
      <trkpt lat="51.353391" lon="7.320772">
        <ele>283.779083</ele>
        <time>2026-03-07T11:06:19.677Z</time>
      </trkpt>
      <trkpt lat="51.353412" lon="7.320917">
        <ele>283.653883</ele>
        <time>2026-03-07T11:06:27.709Z</time>
      </trkpt>
      <trkpt lat="51.353443" lon="7.321075">
        <ele>283.514581</ele>
        <time>2026-03-07T11:06:36.707Z</time>
      </trkpt>
      <trkpt lat="51.353514" lon="7.321181">
        <ele>283.383837</ele>
        <time>2026-03-07T11:06:45.710Z</time>
      </trkpt>
      <trkpt lat="51.353532" lon="7.321339">
        <ele>283.248746</ele>
        <time>2026-03-07T11:06:51.720Z</time>
      </trkpt>
      <trkpt lat="51.353555" lon="7.321495">
        <ele>283.113923</ele>
        <time>2026-03-07T11:06:58.731Z</time>
      </trkpt>
      <trkpt lat="51.353601" lon="7.321632">
        <ele>282.983090</ele>
        <time>2026-03-07T11:07:08.714Z</time>
      </trkpt>
      <trkpt lat="51.353635" lon="7.321767">
        <ele>282.860652</ele>
        <time>2026-03-07T11:07:15.723Z</time>
      </trkpt>
      <trkpt lat="51.353655" lon="7.321926">
        <ele>282.724228</ele>
        <time>2026-03-07T11:07:23.750Z</time>
      </trkpt>
      <trkpt lat="51.353670" lon="7.322077">
        <ele>282.595621</ele>
        <time>2026-03-07T11:07:30.684Z</time>
      </trkpt>
      <trkpt lat="51.353725" lon="7.322191">
        <ele>282.474452</ele>
        <time>2026-03-07T11:07:37.755Z</time>
      </trkpt>
      <trkpt lat="51.353739" lon="7.322350">
        <ele>282.339391</ele>
        <time>2026-03-07T11:07:45.720Z</time>
      </trkpt>
      <trkpt lat="51.353764" lon="7.322496">
        <ele>282.212055</ele>
        <time>2026-03-07T11:07:53.731Z</time>
      </trkpt>
      <trkpt lat="51.353792" lon="7.322642">
        <ele>282.083591</ele>
        <time>2026-03-07T11:08:01.737Z</time>
      </trkpt>
      <trkpt lat="51.353803" lon="7.322793">
        <ele>281.955721</ele>
        <time>2026-03-07T11:08:09.663Z</time>
      </trkpt>
      <trkpt lat="51.353832" lon="7.322949">
        <ele>281.818816</ele>
        <time>2026-03-07T11:08:17.672Z</time>
      </trkpt>
      <trkpt lat="51.353883" lon="7.323075">
        <ele>281.692521</ele>
        <time>2026-03-07T11:08:23.727Z</time>
      </trkpt>
      <trkpt lat="51.353912" lon="7.323216">
        <ele>281.567657</ele>
        <time>2026-03-07T11:08:30.718Z</time>
      </trkpt>
      <trkpt lat="51.353943" lon="7.323358">
        <ele>281.434589</ele>
        <time>2026-03-07T11:08:39.705Z</time>
      </trkpt>
      <trkpt lat="51.354000" lon="7.323475">
        <ele>281.261324</ele>
        <time>2026-03-07T11:08:46.741Z</time>
      </trkpt>
      <trkpt lat="51.354077" lon="7.323581">
        <ele>281.071469</ele>
        <time>2026-03-07T11:08:53.692Z</time>
      </trkpt>
      <trkpt lat="51.354059" lon="7.323724">
        <ele>280.901140</ele>
        <time>2026-03-07T11:09:02.692Z</time>
      </trkpt>
      <trkpt lat="51.354076" lon="7.323880">
        <ele>280.716238</ele>
        <time>2026-03-07T11:09:10.699Z</time>
      </trkpt>
      <trkpt lat="51.354076" lon="7.324049">
        <ele>280.518909</ele>
        <time>2026-03-07T11:09:19.700Z</time>
      </trkpt>
      <trkpt lat="51.354101" lon="7.324199">
        <ele>280.337635</ele>
        <time>2026-03-07T11:09:27.709Z</time>
      </trkpt>
      <trkpt lat="51.354128" lon="7.324361">
        <ele>280.141859</ele>
        <time>2026-03-07T11:09:35.691Z</time>
      </trkpt>
      <trkpt lat="51.354163" lon="7.324514">
        <ele>279.951603</ele>
        <time>2026-03-07T11:09:42.763Z</time>
      </trkpt>
      <trkpt lat="51.354174" lon="7.324659">
        <ele>279.781053</ele>
        <time>2026-03-07T11:09:50.700Z</time>
      </trkpt>
      <trkpt lat="51.354201" lon="7.324818">
        <ele>279.588660</ele>
        <time>2026-03-07T11:09:59.728Z</time>
      </trkpt>
      <trkpt lat="51.354258" lon="7.324942">
        <ele>279.408881</ele>
        <time>2026-03-07T11:10:07.709Z</time>
      </trkpt>
      <trkpt lat="51.354290" lon="7.325095">
        <ele>279.220482</ele>
        <time>2026-03-07T11:10:16.755Z</time>
      </trkpt>
      <trkpt lat="51.354312" lon="7.325251">
        <ele>279.033746</ele>
        <time>2026-03-07T11:10:23.736Z</time>
      </trkpt>
      <trkpt lat="51.354366" lon="7.325381">
        <ele>278.851444</ele>
        <time>2026-03-07T11:10:31.739Z</time>
      </trkpt>
      <trkpt lat="51.354404" lon="7.325532">
        <ele>278.661357</ele>
        <time>2026-03-07T11:10:39.685Z</time>
      </trkpt>
      <trkpt lat="51.354435" lon="7.325678">
        <ele>278.481300</ele>
        <time>2026-03-07T11:10:48.739Z</time>
      </trkpt>
      <trkpt lat="51.354495" lon="7.325802">
        <ele>278.298141</ele>
        <time>2026-03-07T11:10:57.700Z</time>
      </trkpt>
      <trkpt lat="51.354544" lon="7.325924">
        <ele>278.128775</ele>
        <time>2026-03-07T11:11:04.691Z</time>
      </trkpt>
      <trkpt lat="51.354593" lon="7.326048">
        <ele>277.991265</ele>
        <time>2026-03-07T11:11:11.696Z</time>
      </trkpt>
      <trkpt lat="51.354608" lon="7.326191">
        <ele>277.863562</ele>
        <time>2026-03-07T11:11:16.698Z</time>
      </trkpt>
      <trkpt lat="51.354675" lon="7.326314">
        <ele>277.719820</ele>
        <time>2026-03-07T11:11:24.709Z</time>
      </trkpt>
      <trkpt lat="51.354767" lon="7.326388">
        <ele>277.574629</ele>
        <time>2026-03-07T11:11:31.714Z</time>
      </trkpt>
      <trkpt lat="51.354842" lon="7.326492">
        <ele>277.434716</ele>
        <time>2026-03-07T11:11:39.701Z</time>
      </trkpt>
      <trkpt lat="51.354910" lon="7.326600">
        <ele>277.299650</ele>
        <time>2026-03-07T11:11:45.695Z</time>
      </trkpt>
      <trkpt lat="51.354994" lon="7.326671">
        <ele>277.165700</ele>
        <time>2026-03-07T11:11:55.730Z</time>
      </trkpt>
      <trkpt lat="51.355054" lon="7.326789">
        <ele>277.031688</ele>
        <time>2026-03-07T11:12:03.738Z</time>
      </trkpt>
      <trkpt lat="51.355131" lon="7.326867">
        <ele>276.903196</ele>
        <time>2026-03-07T11:12:10.740Z</time>
      </trkpt>
      <trkpt lat="51.355203" lon="7.326955">
        <ele>276.775462</ele>
        <time>2026-03-07T11:12:18.697Z</time>
      </trkpt>
      <trkpt lat="51.355281" lon="7.327048">
        <ele>276.638320</ele>
        <time>2026-03-07T11:12:26.698Z</time>
      </trkpt>
      <trkpt lat="51.355342" lon="7.327159">
        <ele>276.508104</ele>
        <time>2026-03-07T11:12:34.696Z</time>
      </trkpt>
      <trkpt lat="51.355433" lon="7.327192">
        <ele>276.376523</ele>
        <time>2026-03-07T11:12:41.702Z</time>
      </trkpt>
      <trkpt lat="51.355521" lon="7.327236">
        <ele>276.246513</ele>
        <time>2026-03-07T11:12:49.708Z</time>
      </trkpt>
      <trkpt lat="51.355608" lon="7.327302">
        <ele>276.110750</ele>
        <time>2026-03-07T11:12:57.711Z</time>
      </trkpt>
      <trkpt lat="51.355717" lon="7.327346">
        <ele>275.952225</ele>
        <time>2026-03-07T11:13:03.720Z</time>
      </trkpt>
      <trkpt lat="51.355799" lon="7.327423">
        <ele>275.818170</ele>
        <time>2026-03-07T11:13:07.755Z</time>
      </trkpt>
      <trkpt lat="51.355886" lon="7.327475">
        <ele>275.687211</ele>
        <time>2026-03-07T11:13:22.718Z</time>
      </trkpt>
      <trkpt lat="51.355988" lon="7.327481">
        <ele>275.579899</ele>
        <time>2026-03-07T11:13:30.714Z</time>
      </trkpt>
      <trkpt lat="51.356080" lon="7.327529">
        <ele>275.770014</ele>
        <time>2026-03-07T11:13:36.712Z</time>
      </trkpt>
      <trkpt lat="51.356175" lon="7.327537">
        <ele>275.956929</ele>
        <time>2026-03-07T11:13:44.699Z</time>
      </trkpt>
      <trkpt lat="51.356273" lon="7.327559">
        <ele>276.151364</ele>
        <time>2026-03-07T11:13:52.695Z</time>
      </trkpt>
      <trkpt lat="51.356369" lon="7.327534">
        <ele>276.342464</ele>
        <time>2026-03-07T11:14:00.699Z</time>
      </trkpt>
      <trkpt lat="51.356467" lon="7.327497">
        <ele>276.540296</ele>
        <time>2026-03-07T11:14:07.684Z</time>
      </trkpt>
      <trkpt lat="51.356560" lon="7.327532">
        <ele>276.728002</ele>
        <time>2026-03-07T11:14:15.727Z</time>
      </trkpt>
      <trkpt lat="51.356654" lon="7.327517">
        <ele>276.913609</ele>
        <time>2026-03-07T11:14:23.706Z</time>
      </trkpt>
      <trkpt lat="51.356747" lon="7.327515">
        <ele>277.096354</ele>
        <time>2026-03-07T11:14:32.732Z</time>
      </trkpt>
      <trkpt lat="51.356838" lon="7.327472">
        <ele>277.282773</ele>
        <time>2026-03-07T11:14:39.756Z</time>
      </trkpt>
      <trkpt lat="51.356933" lon="7.327444">
        <ele>277.472566</ele>
        <time>2026-03-07T11:14:47.709Z</time>
      </trkpt>
      <trkpt lat="51.357028" lon="7.327410">
        <ele>277.663828</ele>
        <time>2026-03-07T11:14:54.702Z</time>
      </trkpt>
      <trkpt lat="51.357140" lon="7.327415">
        <ele>277.883973</ele>
        <time>2026-03-07T11:15:19.691Z</time>
      </trkpt>
      <trkpt lat="51.357226" lon="7.327351">
        <ele>278.070302</ele>
        <time>2026-03-07T11:15:29.713Z</time>
      </trkpt>
      <trkpt lat="51.357317" lon="7.327318">
        <ele>278.253627</ele>
        <time>2026-03-07T11:15:35.723Z</time>
      </trkpt>
      <trkpt lat="51.357393" lon="7.327227">
        <ele>278.440080</ele>
        <time>2026-03-07T11:15:45.719Z</time>
      </trkpt>
      <trkpt lat="51.357473" lon="7.327137">
        <ele>278.632176</ele>
        <time>2026-03-07T11:15:55.702Z</time>
      </trkpt>
      <trkpt lat="51.357712" lon="7.327009">
        <ele>279.154136</ele>
        <time>2026-03-07T11:17:21.718Z</time>
      </trkpt>
      <trkpt lat="51.357807" lon="7.326959">
        <ele>279.502136</ele>
        <time>2026-03-07T11:17:31.652Z</time>
      </trkpt>
      <trkpt lat="51.357900" lon="7.326937">
        <ele>279.829291</ele>
        <time>2026-03-07T11:17:40.741Z</time>
      </trkpt>
      <trkpt lat="51.357977" lon="7.327024">
        <ele>280.157236</ele>
        <time>2026-03-07T11:17:49.745Z</time>
      </trkpt>
      <trkpt lat="51.357959" lon="7.327170">
        <ele>280.480635</ele>
        <time>2026-03-07T11:17:56.788Z</time>
      </trkpt>
      <trkpt lat="51.357903" lon="7.327294">
        <ele>280.813188</ele>
        <time>2026-03-07T11:18:04.751Z</time>
      </trkpt>
      <trkpt lat="51.357892" lon="7.327447">
        <ele>281.147871</ele>
        <time>2026-03-07T11:18:12.736Z</time>
      </trkpt>
      <trkpt lat="51.357955" lon="7.327560">
        <ele>281.477064</ele>
        <time>2026-03-07T11:18:19.718Z</time>
      </trkpt>
      <trkpt lat="51.357998" lon="7.327688">
        <ele>281.792919</ele>
        <time>2026-03-07T11:18:28.711Z</time>
      </trkpt>
      <trkpt lat="51.358048" lon="7.327829">
        <ele>282.145287</ele>
        <time>2026-03-07T11:18:35.732Z</time>
      </trkpt>
      <trkpt lat="51.358085" lon="7.327978">
        <ele>282.493743</ele>
        <time>2026-03-07T11:19:06.708Z</time>
      </trkpt>
      <trkpt lat="51.358163" lon="7.328081">
        <ele>282.845568</ele>
        <time>2026-03-07T11:19:15.703Z</time>
      </trkpt>
      <trkpt lat="51.358231" lon="7.328196">
        <ele>283.189737</ele>
        <time>2026-03-07T11:19:22.705Z</time>
      </trkpt>
      <trkpt lat="51.358276" lon="7.328328">
        <ele>283.516550</ele>
        <time>2026-03-07T11:19:32.721Z</time>
      </trkpt>
      <trkpt lat="51.358325" lon="7.328458">
        <ele>283.846528</ele>
        <time>2026-03-07T11:19:39.693Z</time>
      </trkpt>
      <trkpt lat="51.358363" lon="7.328590">
        <ele>284.162392</ele>
        <time>2026-03-07T11:19:48.731Z</time>
      </trkpt>
      <trkpt lat="51.358409" lon="7.328733">
        <ele>284.511953</ele>
        <time>2026-03-07T11:21:45.688Z</time>
      </trkpt>
      <trkpt lat="51.358450" lon="7.328864">
        <ele>284.830383</ele>
        <time>2026-03-07T11:21:52.703Z</time>
      </trkpt>
      <trkpt lat="51.358500" lon="7.328985">
        <ele>285.145686</ele>
        <time>2026-03-07T11:21:59.745Z</time>
      </trkpt>
      <trkpt lat="51.358562" lon="7.329105">
        <ele>285.210460</ele>
        <time>2026-03-07T11:22:08.725Z</time>
      </trkpt>
      <trkpt lat="51.358605" lon="7.329244">
        <ele>284.849885</ele>
        <time>2026-03-07T11:22:15.724Z</time>
      </trkpt>
      <trkpt lat="51.358653" lon="7.329380">
        <ele>284.486757</ele>
        <time>2026-03-07T11:22:24.739Z</time>
      </trkpt>
      <trkpt lat="51.358804" lon="7.329504">
        <ele>283.855075</ele>
        <time>2026-03-07T11:23:27.636Z</time>
      </trkpt>
      <trkpt lat="51.358898" lon="7.329466">
        <ele>283.494188</ele>
        <time>2026-03-07T11:23:37.671Z</time>
      </trkpt>
      <trkpt lat="51.358991" lon="7.329435">
        <ele>283.140580</ele>
        <time>2026-03-07T11:23:43.744Z</time>
      </trkpt>
      <trkpt lat="51.359091" lon="7.329410">
        <ele>282.763827</ele>
        <time>2026-03-07T11:23:51.756Z</time>
      </trkpt>
      <trkpt lat="51.359187" lon="7.329376">
        <ele>282.397837</ele>
        <time>2026-03-07T11:23:59.697Z</time>
      </trkpt>
      <trkpt lat="51.359285" lon="7.329344">
        <ele>282.025531</ele>
        <time>2026-03-07T11:24:07.695Z</time>
      </trkpt>
      <trkpt lat="51.359382" lon="7.329353">
        <ele>281.663848</ele>
        <time>2026-03-07T11:24:16.729Z</time>
      </trkpt>
      <trkpt lat="51.359473" lon="7.329329">
        <ele>281.320543</ele>
        <time>2026-03-07T11:24:23.726Z</time>
      </trkpt>
      <trkpt lat="51.359556" lon="7.329249">
        <ele>280.959936</ele>
        <time>2026-03-07T11:24:29.677Z</time>
      </trkpt>
      <trkpt lat="51.359653" lon="7.329243">
        <ele>280.598589</ele>
        <time>2026-03-07T11:24:35.643Z</time>
      </trkpt>
      <trkpt lat="51.359746" lon="7.329281">
        <ele>280.241311</ele>
        <time>2026-03-07T11:24:46.693Z</time>
      </trkpt>
      <trkpt lat="51.359821" lon="7.329369">
        <ele>279.895214</ele>
        <time>2026-03-07T11:24:53.639Z</time>
      </trkpt>
      <trkpt lat="51.359926" lon="7.329381">
        <ele>279.503363</ele>
        <time>2026-03-07T11:24:59.716Z</time>
      </trkpt>
      <trkpt lat="51.360023" lon="7.329395">
        <ele>279.140822</ele>
        <time>2026-03-07T11:25:10.798Z</time>
      </trkpt>
      <trkpt lat="51.360114" lon="7.329430">
        <ele>278.792447</ele>
        <time>2026-03-07T11:25:18.712Z</time>
      </trkpt>
      <trkpt lat="51.360138" lon="7.329583">
        <ele>278.622863</ele>
        <time>2026-03-07T11:25:26.724Z</time>
      </trkpt>
      <trkpt lat="51.360171" lon="7.329729">
        <ele>278.570181</ele>
        <time>2026-03-07T11:25:32.724Z</time>
      </trkpt>
      <trkpt lat="51.360197" lon="7.329871">
        <ele>278.519974</ele>
        <time>2026-03-07T11:25:41.704Z</time>
      </trkpt>
      <trkpt lat="51.360215" lon="7.330038">
        <ele>278.462474</ele>
        <time>2026-03-07T11:25:49.718Z</time>
      </trkpt>
      <trkpt lat="51.360251" lon="7.330176">
        <ele>278.411730</ele>
        <time>2026-03-07T11:25:58.746Z</time>
      </trkpt>
      <trkpt lat="51.360297" lon="7.330318">
        <ele>278.357453</ele>
        <time>2026-03-07T11:26:06.747Z</time>
      </trkpt>
      <trkpt lat="51.360364" lon="7.330445">
        <ele>278.301043</ele>
        <time>2026-03-07T11:26:14.729Z</time>
      </trkpt>
      <trkpt lat="51.360417" lon="7.330568">
        <ele>278.250339</ele>
        <time>2026-03-07T11:26:21.698Z</time>
      </trkpt>
      <trkpt lat="51.360478" lon="7.330699">
        <ele>278.194894</ele>
        <time>2026-03-07T11:26:29.790Z</time>
      </trkpt>
      <trkpt lat="51.360509" lon="7.330839">
        <ele>278.144495</ele>
        <time>2026-03-07T11:26:37.730Z</time>
      </trkpt>
      <trkpt lat="51.360534" lon="7.330993">
        <ele>278.090508</ele>
        <time>2026-03-07T11:26:44.730Z</time>
      </trkpt>
      <trkpt lat="51.360593" lon="7.331119">
        <ele>278.037072</ele>
        <time>2026-03-07T11:26:52.760Z</time>
      </trkpt>
      <trkpt lat="51.360671" lon="7.331210">
        <ele>277.984636</ele>
        <time>2026-03-07T11:26:59.744Z</time>
      </trkpt>
      <trkpt lat="51.360749" lon="7.331294">
        <ele>277.933562</ele>
        <time>2026-03-07T11:27:07.771Z</time>
      </trkpt>
      <trkpt lat="51.360842" lon="7.331304">
        <ele>277.882915</ele>
        <time>2026-03-07T11:27:15.714Z</time>
      </trkpt>
      <trkpt lat="51.360936" lon="7.331363">
        <ele>277.828056</ele>
        <time>2026-03-07T11:27:22.731Z</time>
      </trkpt>
      <trkpt lat="51.361033" lon="7.331376">
        <ele>277.775165</ele>
        <time>2026-03-07T11:27:29.727Z</time>
      </trkpt>
      <trkpt lat="51.361125" lon="7.331393">
        <ele>277.724844</ele>
        <time>2026-03-07T11:27:37.713Z</time>
      </trkpt>
      <trkpt lat="51.361212" lon="7.331442">
        <ele>277.681728</ele>
        <time>2026-03-07T11:27:46.752Z</time>
      </trkpt>
      <trkpt lat="51.361256" lon="7.331572">
        <ele>277.709646</ele>
        <time>2026-03-07T11:27:53.700Z</time>
      </trkpt>
      <trkpt lat="51.361292" lon="7.331721">
        <ele>277.739809</ele>
        <time>2026-03-07T11:28:01.724Z</time>
      </trkpt>
      <trkpt lat="51.361294" lon="7.331867">
        <ele>277.767379</ele>
        <time>2026-03-07T11:28:09.727Z</time>
      </trkpt>
      <trkpt lat="51.361353" lon="7.331995">
        <ele>277.797416</ele>
        <time>2026-03-07T11:28:16.693Z</time>
      </trkpt>
      <trkpt lat="51.361406" lon="7.332121">
        <ele>277.826099</ele>
        <time>2026-03-07T11:28:24.654Z</time>
      </trkpt>
      <trkpt lat="51.361483" lon="7.332210">
        <ele>277.854811</ele>
        <time>2026-03-07T11:28:29.681Z</time>
      </trkpt>
      <trkpt lat="51.361470" lon="7.332359">
        <ele>277.883214</ele>
        <time>2026-03-07T11:28:41.731Z</time>
      </trkpt>
      <trkpt lat="51.361396" lon="7.332441">
        <ele>277.910422</ele>
        <time>2026-03-07T11:28:47.746Z</time>
      </trkpt>
      <trkpt lat="51.361356" lon="7.332582">
        <ele>277.939661</ele>
        <time>2026-03-07T11:28:55.684Z</time>
      </trkpt>
      <trkpt lat="51.361276" lon="7.332681">
        <ele>277.970230</ele>
        <time>2026-03-07T11:29:03.729Z</time>
      </trkpt>
      <trkpt lat="51.361248" lon="7.332835">
        <ele>278.000512</ele>
        <time>2026-03-07T11:29:14.749Z</time>
      </trkpt>
      <trkpt lat="51.361215" lon="7.332982">
        <ele>278.030004</ele>
        <time>2026-03-07T11:29:21.709Z</time>
      </trkpt>
      <trkpt lat="51.361170" lon="7.333110">
        <ele>278.057737</ele>
        <time>2026-03-07T11:29:31.711Z</time>
      </trkpt>
      <trkpt lat="51.361109" lon="7.333236">
        <ele>278.087838</ele>
        <time>2026-03-07T11:29:40.722Z</time>
      </trkpt>
      <trkpt lat="51.361064" lon="7.333373">
        <ele>278.117063</ele>
        <time>2026-03-07T11:29:47.759Z</time>
      </trkpt>
      <trkpt lat="51.361019" lon="7.333510">
        <ele>278.146289</ele>
        <time>2026-03-07T11:29:55.731Z</time>
      </trkpt>
      <trkpt lat="51.360970" lon="7.333645">
        <ele>278.175770</ele>
        <time>2026-03-07T11:30:02.714Z</time>
      </trkpt>
      <trkpt lat="51.360914" lon="7.333759">
        <ele>278.203154</ele>
        <time>2026-03-07T11:30:10.726Z</time>
      </trkpt>
      <trkpt lat="51.360857" lon="7.333888">
        <ele>278.120915</ele>
        <time>2026-03-07T11:30:17.745Z</time>
      </trkpt>
      <trkpt lat="51.360793" lon="7.333998">
        <ele>277.828813</ele>
        <time>2026-03-07T11:30:27.731Z</time>
      </trkpt>
      <trkpt lat="51.360744" lon="7.334123">
        <ele>277.542073</ele>
        <time>2026-03-07T11:30:35.843Z</time>
      </trkpt>
      <trkpt lat="51.360744" lon="7.334268">
        <ele>277.260367</ele>
        <time>2026-03-07T11:30:42.740Z</time>
      </trkpt>
      <trkpt lat="51.360733" lon="7.334413">
        <ele>276.976589</ele>
        <time>2026-03-07T11:30:50.749Z</time>
      </trkpt>
      <trkpt lat="51.360724" lon="7.334568">
        <ele>276.674155</ele>
        <time>2026-03-07T11:30:59.698Z</time>
      </trkpt>
      <trkpt lat="51.360680" lon="7.334818">
        <ele>276.169529</ele>
        <time>2026-03-07T11:59:39.669Z</time>
      </trkpt>
      <trkpt lat="51.360693" lon="7.334673">
        <ele>275.884933</ele>
        <time>2026-03-07T12:00:04.690Z</time>
      </trkpt>
      <trkpt lat="51.360701" lon="7.334820">
        <ele>275.598259</ele>
        <time>2026-03-07T12:00:15.788Z</time>
      </trkpt>
      <trkpt lat="51.360693" lon="7.334969">
        <ele>275.307713</ele>
        <time>2026-03-07T12:00:24.826Z</time>
      </trkpt>
      <trkpt lat="51.360686" lon="7.335115">
        <ele>275.023228</ele>
        <time>2026-03-07T12:00:32.779Z</time>
      </trkpt>
      <trkpt lat="51.360698" lon="7.335268">
        <ele>274.723643</ele>
        <time>2026-03-07T12:00:41.699Z</time>
      </trkpt>
      <trkpt lat="51.360718" lon="7.335419">
        <ele>274.423753</ele>
        <time>2026-03-07T12:00:49.699Z</time>
      </trkpt>
      <trkpt lat="51.360721" lon="7.335582">
        <ele>274.106938</ele>
        <time>2026-03-07T12:01:00.718Z</time>
      </trkpt>
      <trkpt lat="51.360700" lon="7.335730">
        <ele>273.812073</ele>
        <time>2026-03-07T12:01:10.783Z</time>
      </trkpt>
      <trkpt lat="51.360719" lon="7.335899">
        <ele>273.478460</ele>
        <time>2026-03-07T12:01:20.724Z</time>
      </trkpt>
      <trkpt lat="51.360716" lon="7.336048">
        <ele>273.188831</ele>
        <time>2026-03-07T12:01:25.775Z</time>
      </trkpt>
      <trkpt lat="51.360706" lon="7.336197">
        <ele>272.897686</ele>
        <time>2026-03-07T12:01:38.762Z</time>
      </trkpt>
      <trkpt lat="51.360719" lon="7.336344">
        <ele>272.632225</ele>
        <time>2026-03-07T12:01:47.738Z</time>
      </trkpt>
      <trkpt lat="51.360744" lon="7.336483">
        <ele>272.719655</ele>
        <time>2026-03-07T12:01:55.771Z</time>
      </trkpt>
      <trkpt lat="51.360767" lon="7.336631">
        <ele>272.811837</ele>
        <time>2026-03-07T12:02:01.760Z</time>
      </trkpt>
      <trkpt lat="51.360793" lon="7.336785">
        <ele>272.908260</ele>
        <time>2026-03-07T12:02:10.742Z</time>
      </trkpt>
      <trkpt lat="51.360811" lon="7.336927">
        <ele>272.995837</ele>
        <time>2026-03-07T12:02:17.709Z</time>
      </trkpt>
      <trkpt lat="51.360821" lon="7.337082">
        <ele>273.090021</ele>
        <time>2026-03-07T12:02:24.749Z</time>
      </trkpt>
      <trkpt lat="51.360826" lon="7.337240">
        <ele>273.185641</ele>
        <time>2026-03-07T12:02:34.682Z</time>
      </trkpt>
      <trkpt lat="51.360800" lon="7.337379">
        <ele>273.273343</ele>
        <time>2026-03-07T12:02:42.691Z</time>
      </trkpt>
      <trkpt lat="51.360797" lon="7.337532">
        <ele>273.365865</ele>
        <time>2026-03-07T12:02:53.738Z</time>
      </trkpt>
      <trkpt lat="51.360774" lon="7.337686">
        <ele>273.461570</ele>
        <time>2026-03-07T12:03:01.769Z</time>
      </trkpt>
      <trkpt lat="51.360759" lon="7.337829">
        <ele>273.549213</ele>
        <time>2026-03-07T12:03:09.757Z</time>
      </trkpt>
      <trkpt lat="51.360766" lon="7.337977">
        <ele>273.638923</ele>
        <time>2026-03-07T12:03:17.738Z</time>
      </trkpt>
      <trkpt lat="51.360767" lon="7.338136">
        <ele>273.735030</ele>
        <time>2026-03-07T12:03:26.762Z</time>
      </trkpt>
      <trkpt lat="51.360811" lon="7.338263">
        <ele>273.822815</ele>
        <time>2026-03-07T12:03:36.755Z</time>
      </trkpt>
      <trkpt lat="51.360784" lon="7.338417">
        <ele>273.919495</ele>
        <time>2026-03-07T12:03:43.775Z</time>
      </trkpt>
      <trkpt lat="51.360778" lon="7.338577">
        <ele>274.016375</ele>
        <time>2026-03-07T12:03:51.722Z</time>
      </trkpt>
      <trkpt lat="51.360756" lon="7.338721">
        <ele>274.105979</ele>
        <time>2026-03-07T12:03:59.788Z</time>
      </trkpt>
      <trkpt lat="51.360726" lon="7.338879">
        <ele>274.205794</ele>
        <time>2026-03-07T12:04:07.778Z</time>
      </trkpt>
      <trkpt lat="51.360679" lon="7.339013">
        <ele>274.298689</ele>
        <time>2026-03-07T12:04:15.735Z</time>
      </trkpt>
      <trkpt lat="51.360597" lon="7.339091">
        <ele>274.358956</ele>
        <time>2026-03-07T12:04:24.773Z</time>
      </trkpt>
      <trkpt lat="51.360531" lon="7.339205">
        <ele>274.323093</ele>
        <time>2026-03-07T12:04:33.761Z</time>
      </trkpt>
      <trkpt lat="51.360450" lon="7.339279">
        <ele>274.288641</ele>
        <time>2026-03-07T12:04:45.733Z</time>
      </trkpt>
      <trkpt lat="51.360411" lon="7.339418">
        <ele>274.253487</ele>
        <time>2026-03-07T12:05:15.772Z</time>
      </trkpt>
      <trkpt lat="51.360359" lon="7.339542">
        <ele>274.219029</ele>
        <time>2026-03-07T12:05:25.771Z</time>
      </trkpt>
      <trkpt lat="51.360346" lon="7.339698">
        <ele>274.182723</ele>
        <time>2026-03-07T12:05:35.794Z</time>
      </trkpt>
      <trkpt lat="51.360288" lon="7.339837">
        <ele>274.144156</ele>
        <time>2026-03-07T12:05:50.749Z</time>
      </trkpt>
      <trkpt lat="51.360269" lon="7.339991">
        <ele>274.107943</ele>
        <time>2026-03-07T12:05:58.697Z</time>
      </trkpt>
      <trkpt lat="51.360306" lon="7.340140">
        <ele>274.070952</ele>
        <time>2026-03-07T12:06:09.757Z</time>
      </trkpt>
      <trkpt lat="51.360352" lon="7.340284">
        <ele>274.033638</ele>
        <time>2026-03-07T12:06:18.740Z</time>
      </trkpt>
      <trkpt lat="51.360415" lon="7.340401">
        <ele>273.997998</ele>
        <time>2026-03-07T12:06:23.784Z</time>
      </trkpt>
      <trkpt lat="51.360417" lon="7.340546">
        <ele>273.964540</ele>
        <time>2026-03-07T12:06:33.727Z</time>
      </trkpt>
      <trkpt lat="51.360452" lon="7.340699">
        <ele>273.926950</ele>
        <time>2026-03-07T12:06:41.734Z</time>
      </trkpt>
      <trkpt lat="51.360511" lon="7.340816">
        <ele>273.892257</ele>
        <time>2026-03-07T12:06:49.742Z</time>
      </trkpt>
      <trkpt lat="51.360556" lon="7.340948">
        <ele>273.857563</ele>
        <time>2026-03-07T12:06:58.729Z</time>
      </trkpt>
      <trkpt lat="51.360580" lon="7.341095">
        <ele>273.822512</ele>
        <time>2026-03-07T12:07:05.741Z</time>
      </trkpt>
      <trkpt lat="51.360623" lon="7.341236">
        <ele>273.786313</ele>
        <time>2026-03-07T12:07:14.692Z</time>
      </trkpt>
      <trkpt lat="51.360683" lon="7.341355">
        <ele>273.751029</ele>
        <time>2026-03-07T12:07:22.665Z</time>
      </trkpt>
      <trkpt lat="51.360714" lon="7.341493">
        <ele>273.717196</ele>
        <time>2026-03-07T12:07:30.763Z</time>
      </trkpt>
      <trkpt lat="51.360739" lon="7.341655">
        <ele>273.817397</ele>
        <time>2026-03-07T12:07:38.766Z</time>
      </trkpt>
      <trkpt lat="51.360784" lon="7.341794">
        <ele>273.984852</ele>
        <time>2026-03-07T12:07:47.783Z</time>
      </trkpt>
      <trkpt lat="51.360813" lon="7.341949">
        <ele>274.157908</ele>
        <time>2026-03-07T12:07:56.775Z</time>
      </trkpt>
      <trkpt lat="51.360812" lon="7.342114">
        <ele>274.334386</ele>
        <time>2026-03-07T12:08:04.767Z</time>
      </trkpt>
      <trkpt lat="51.360815" lon="7.342455">
        <ele>274.699126</ele>
        <time>2026-03-07T12:08:35.761Z</time>
      </trkpt>
      <trkpt lat="51.360789" lon="7.342605">
        <ele>274.865619</ele>
        <time>2026-03-07T12:08:45.724Z</time>
      </trkpt>
      <trkpt lat="51.360721" lon="7.342728">
        <ele>275.041321</ele>
        <time>2026-03-07T12:08:52.737Z</time>
      </trkpt>
      <trkpt lat="51.360681" lon="7.342877">
        <ele>275.214782</ele>
        <time>2026-03-07T12:08:58.733Z</time>
      </trkpt>
      <trkpt lat="51.360623" lon="7.343005">
        <ele>275.383928</ele>
        <time>2026-03-07T12:09:08.743Z</time>
      </trkpt>
      <trkpt lat="51.360573" lon="7.343142">
        <ele>275.553644</ele>
        <time>2026-03-07T12:09:18.752Z</time>
      </trkpt>
      <trkpt lat="51.360530" lon="7.343285">
        <ele>275.723395</ele>
        <time>2026-03-07T12:09:26.793Z</time>
      </trkpt>
      <trkpt lat="51.360509" lon="7.343428">
        <ele>275.880509</ele>
        <time>2026-03-07T12:09:35.771Z</time>
      </trkpt>
      <trkpt lat="51.360485" lon="7.343592">
        <ele>276.060663</ele>
        <time>2026-03-07T12:09:44.744Z</time>
      </trkpt>
      <trkpt lat="51.360511" lon="7.343737">
        <ele>276.222011</ele>
        <time>2026-03-07T12:09:53.709Z</time>
      </trkpt>
      <trkpt lat="51.360519" lon="7.343885">
        <ele>276.380891</ele>
        <time>2026-03-07T12:10:00.716Z</time>
      </trkpt>
      <trkpt lat="51.360521" lon="7.344034">
        <ele>276.540286</ele>
        <time>2026-03-07T12:10:08.739Z</time>
      </trkpt>
      <trkpt lat="51.360536" lon="7.344190">
        <ele>276.709098</ele>
        <time>2026-03-07T12:10:16.745Z</time>
      </trkpt>
      <trkpt lat="51.360567" lon="7.344340">
        <ele>276.723469</ele>
        <time>2026-03-07T12:10:23.733Z</time>
      </trkpt>
      <trkpt lat="51.360575" lon="7.344484">
        <ele>276.623808</ele>
        <time>2026-03-07T12:10:31.782Z</time>
      </trkpt>
      <trkpt lat="51.360616" lon="7.344622">
        <ele>276.518455</ele>
        <time>2026-03-07T12:10:40.723Z</time>
      </trkpt>
      <trkpt lat="51.360667" lon="7.344749">
        <ele>276.414363</ele>
        <time>2026-03-07T12:10:52.751Z</time>
      </trkpt>
      <trkpt lat="51.360691" lon="7.344889">
        <ele>276.314280</ele>
        <time>2026-03-07T12:10:59.748Z</time>
      </trkpt>
      <trkpt lat="51.360729" lon="7.345034">
        <ele>276.205875</ele>
        <time>2026-03-07T12:11:06.736Z</time>
      </trkpt>
      <trkpt lat="51.360758" lon="7.345171">
        <ele>276.106152</ele>
        <time>2026-03-07T12:11:15.721Z</time>
      </trkpt>
      <trkpt lat="51.360797" lon="7.345327">
        <ele>275.990312</ele>
        <time>2026-03-07T12:11:24.770Z</time>
      </trkpt>
      <trkpt lat="51.360829" lon="7.345468">
        <ele>275.886890</ele>
        <time>2026-03-07T12:11:31.732Z</time>
      </trkpt>
      <trkpt lat="51.360886" lon="7.345585">
        <ele>275.784589</ele>
        <time>2026-03-07T12:11:42.729Z</time>
      </trkpt>
      <trkpt lat="51.360937" lon="7.345718">
        <ele>275.676995</ele>
        <time>2026-03-07T12:11:51.747Z</time>
      </trkpt>
      <trkpt lat="51.360988" lon="7.345840">
        <ele>275.575785</ele>
        <time>2026-03-07T12:12:00.734Z</time>
      </trkpt>
      <trkpt lat="51.361062" lon="7.345961">
        <ele>275.459028</ele>
        <time>2026-03-07T12:12:08.765Z</time>
      </trkpt>
      <trkpt lat="51.361124" lon="7.346068">
        <ele>275.358399</ele>
        <time>2026-03-07T12:12:15.788Z</time>
      </trkpt>
      <trkpt lat="51.361218" lon="7.346113">
        <ele>275.250084</ele>
        <time>2026-03-07T12:12:23.717Z</time>
      </trkpt>
      <trkpt lat="51.361281" lon="7.346227">
        <ele>275.145138</ele>
        <time>2026-03-07T12:12:31.793Z</time>
      </trkpt>
      <trkpt lat="51.361334" lon="7.346353">
        <ele>275.040409</ele>
        <time>2026-03-07T12:12:39.773Z</time>
      </trkpt>
      <trkpt lat="51.361411" lon="7.346433">
        <ele>274.939078</ele>
        <time>2026-03-07T12:12:48.780Z</time>
      </trkpt>
      <trkpt lat="51.361486" lon="7.346532">
        <ele>274.831776</ele>
        <time>2026-03-07T12:12:55.730Z</time>
      </trkpt>
      <trkpt lat="51.361575" lon="7.346569">
        <ele>274.713718</ele>
        <time>2026-03-07T12:13:02.711Z</time>
      </trkpt>
      <trkpt lat="51.361649" lon="7.346664">
        <ele>274.583565</ele>
        <time>2026-03-07T12:13:11.785Z</time>
      </trkpt>
      <trkpt lat="51.361732" lon="7.346756">
        <ele>274.445040</ele>
        <time>2026-03-07T12:13:19.757Z</time>
      </trkpt>
      <trkpt lat="51.361775" lon="7.346895">
        <ele>274.312114</ele>
        <time>2026-03-07T12:13:27.734Z</time>
      </trkpt>
      <trkpt lat="51.361837" lon="7.347024">
        <ele>274.172621</ele>
        <time>2026-03-07T12:13:35.775Z</time>
      </trkpt>
      <trkpt lat="51.361886" lon="7.347145">
        <ele>274.049040</ele>
        <time>2026-03-07T12:13:44.758Z</time>
      </trkpt>
      <trkpt lat="51.361930" lon="7.347291">
        <ele>273.910123</ele>
        <time>2026-03-07T12:13:52.751Z</time>
      </trkpt>
      <trkpt lat="51.362002" lon="7.347403">
        <ele>273.772378</ele>
        <time>2026-03-07T12:14:01.678Z</time>
      </trkpt>
      <trkpt lat="51.362063" lon="7.347516">
        <ele>273.644379</ele>
        <time>2026-03-07T12:14:10.763Z</time>
      </trkpt>
      <trkpt lat="51.362092" lon="7.347674">
        <ele>273.503263</ele>
        <time>2026-03-07T12:14:18.727Z</time>
      </trkpt>
      <trkpt lat="51.362104" lon="7.347831">
        <ele>273.367727</ele>
        <time>2026-03-07T12:14:24.691Z</time>
      </trkpt>
      <trkpt lat="51.362123" lon="7.347990">
        <ele>273.229009</ele>
        <time>2026-03-07T12:14:32.762Z</time>
      </trkpt>
      <trkpt lat="51.362194" lon="7.348090">
        <ele>273.099254</ele>
        <time>2026-03-07T12:14:39.751Z</time>
      </trkpt>
      <trkpt lat="51.362239" lon="7.348221">
        <ele>272.971135</ele>
        <time>2026-03-07T12:14:48.806Z</time>
      </trkpt>
      <trkpt lat="51.362278" lon="7.348358">
        <ele>272.842117</ele>
        <time>2026-03-07T12:14:56.788Z</time>
      </trkpt>
      <trkpt lat="51.362316" lon="7.348502">
        <ele>272.708158</ele>
        <time>2026-03-07T12:15:03.777Z</time>
      </trkpt>
      <trkpt lat="51.362351" lon="7.348643">
        <ele>272.578140</ele>
        <time>2026-03-07T12:15:11.751Z</time>
      </trkpt>
      <trkpt lat="51.362396" lon="7.348796">
        <ele>272.433220</ele>
        <time>2026-03-07T12:15:19.746Z</time>
      </trkpt>
      <trkpt lat="51.362435" lon="7.348937">
        <ele>272.325209</ele>
        <time>2026-03-07T12:15:28.759Z</time>
      </trkpt>
      <trkpt lat="51.362485" lon="7.349062">
        <ele>272.304264</ele>
        <time>2026-03-07T12:15:36.745Z</time>
      </trkpt>
      <trkpt lat="51.362541" lon="7.349184">
        <ele>272.282900</ele>
        <time>2026-03-07T12:15:44.730Z</time>
      </trkpt>
      <trkpt lat="51.362590" lon="7.349311">
        <ele>272.261837</ele>
        <time>2026-03-07T12:15:52.767Z</time>
      </trkpt>
      <trkpt lat="51.362610" lon="7.349458">
        <ele>272.240611</ele>
        <time>2026-03-07T12:16:00.752Z</time>
      </trkpt>
      <trkpt lat="51.362669" lon="7.349577">
        <ele>272.219172</ele>
        <time>2026-03-07T12:16:08.750Z</time>
      </trkpt>
      <trkpt lat="51.362680" lon="7.349730">
        <ele>272.197443</ele>
        <time>2026-03-07T12:16:15.740Z</time>
      </trkpt>
      <trkpt lat="51.362716" lon="7.349866">
        <ele>272.176602</ele>
        <time>2026-03-07T12:16:23.747Z</time>
      </trkpt>
      <trkpt lat="51.362767" lon="7.350004">
        <ele>272.153977</ele>
        <time>2026-03-07T12:16:31.775Z</time>
      </trkpt>
      <trkpt lat="51.362829" lon="7.350111">
        <ele>272.133381</ele>
        <time>2026-03-07T12:16:40.738Z</time>
      </trkpt>
      <trkpt lat="51.362889" lon="7.350219">
        <ele>272.112985</ele>
        <time>2026-03-07T12:16:49.742Z</time>
      </trkpt>
      <trkpt lat="51.362888" lon="7.350367">
        <ele>272.092103</ele>
        <time>2026-03-07T12:16:55.724Z</time>
      </trkpt>
      <trkpt lat="51.362908" lon="7.350521">
        <ele>272.069911</ele>
        <time>2026-03-07T12:17:03.716Z</time>
      </trkpt>
      <trkpt lat="51.362932" lon="7.350664">
        <ele>272.049019</ele>
        <time>2026-03-07T12:17:10.772Z</time>
      </trkpt>
      <trkpt lat="51.362924" lon="7.350823">
        <ele>272.026514</ele>
        <time>2026-03-07T12:17:17.761Z</time>
      </trkpt>
      <trkpt lat="51.362905" lon="7.350965">
        <ele>272.006024</ele>
        <time>2026-03-07T12:17:26.796Z</time>
      </trkpt>
      <trkpt lat="51.362872" lon="7.351103">
        <ele>271.985175</ele>
        <time>2026-03-07T12:17:34.774Z</time>
      </trkpt>
      <trkpt lat="51.362811" lon="7.351233">
        <ele>271.962232</ele>
        <time>2026-03-07T12:17:42.794Z</time>
      </trkpt>
      <trkpt lat="51.362730" lon="7.351344">
        <ele>271.938143</ele>
        <time>2026-03-07T12:17:50.711Z</time>
      </trkpt>
      <trkpt lat="51.362638" lon="7.351442">
        <ele>271.959394</ele>
        <time>2026-03-07T12:17:58.761Z</time>
      </trkpt>
      <trkpt lat="51.362532" lon="7.351512">
        <ele>272.049022</ele>
        <time>2026-03-07T12:18:10.676Z</time>
      </trkpt>
      <trkpt lat="51.362441" lon="7.351472">
        <ele>272.122787</ele>
        <time>2026-03-07T12:18:19.714Z</time>
      </trkpt>
      <trkpt lat="51.362347" lon="7.351457">
        <ele>272.196631</ele>
        <time>2026-03-07T12:18:28.671Z</time>
      </trkpt>
      <trkpt lat="51.362260" lon="7.351342">
        <ele>272.284811</ele>
        <time>2026-03-07T12:18:34.709Z</time>
      </trkpt>
      <trkpt lat="51.362172" lon="7.351284">
        <ele>272.359198</ele>
        <time>2026-03-07T12:18:43.748Z</time>
      </trkpt>
      <trkpt lat="51.362087" lon="7.351215">
        <ele>272.433691</ele>
        <time>2026-03-07T12:18:51.742Z</time>
      </trkpt>
      <trkpt lat="51.362026" lon="7.351108">
        <ele>272.504411</ele>
        <time>2026-03-07T12:19:01.700Z</time>
      </trkpt>
      <trkpt lat="51.361937" lon="7.351040">
        <ele>272.581494</ele>
        <time>2026-03-07T12:19:09.759Z</time>
      </trkpt>
      <trkpt lat="51.361886" lon="7.350908">
        <ele>272.657259</ele>
        <time>2026-03-07T12:19:15.728Z</time>
      </trkpt>
      <trkpt lat="51.361803" lon="7.350838">
        <ele>272.730587</ele>
        <time>2026-03-07T12:19:24.679Z</time>
      </trkpt>
      <trkpt lat="51.361740" lon="7.350724">
        <ele>272.804893</ele>
        <time>2026-03-07T12:19:32.727Z</time>
      </trkpt>
      <trkpt lat="51.361655" lon="7.350647">
        <ele>272.881230</ele>
        <time>2026-03-07T12:19:39.721Z</time>
      </trkpt>
      <trkpt lat="51.361568" lon="7.350567">
        <ele>272.959651</ele>
        <time>2026-03-07T12:19:49.695Z</time>
      </trkpt>
      <trkpt lat="51.361511" lon="7.350445">
        <ele>273.034024</ele>
        <time>2026-03-07T12:19:57.732Z</time>
      </trkpt>
      <trkpt lat="51.361445" lon="7.350337">
        <ele>273.107784</ele>
        <time>2026-03-07T12:20:09.776Z</time>
      </trkpt>
      <trkpt lat="51.361369" lon="7.350244">
        <ele>273.182551</ele>
        <time>2026-03-07T12:20:16.769Z</time>
      </trkpt>
      <trkpt lat="51.361280" lon="7.350187">
        <ele>273.257479</ele>
        <time>2026-03-07T12:20:23.792Z</time>
      </trkpt>
      <trkpt lat="51.361206" lon="7.350097">
        <ele>273.329571</ele>
        <time>2026-03-07T12:20:30.746Z</time>
      </trkpt>
      <trkpt lat="51.361134" lon="7.350000">
        <ele>273.333059</ele>
        <time>2026-03-07T12:20:38.755Z</time>
      </trkpt>
      <trkpt lat="51.361054" lon="7.349922">
        <ele>273.336531</ele>
        <time>2026-03-07T12:20:45.749Z</time>
      </trkpt>
      <trkpt lat="51.360971" lon="7.349809">
        <ele>273.340569</ele>
        <time>2026-03-07T12:20:52.749Z</time>
      </trkpt>
      <trkpt lat="51.360883" lon="7.349757">
        <ele>273.344046</ele>
        <time>2026-03-07T12:21:00.767Z</time>
      </trkpt>
      <trkpt lat="51.360793" lon="7.349712">
        <ele>273.347541</ele>
        <time>2026-03-07T12:21:08.702Z</time>
      </trkpt>
      <trkpt lat="51.360690" lon="7.349723">
        <ele>273.351367</ele>
        <time>2026-03-07T12:21:18.762Z</time>
      </trkpt>
      <trkpt lat="51.360594" lon="7.349736">
        <ele>273.354939</ele>
        <time>2026-03-07T12:21:26.768Z</time>
      </trkpt>
      <trkpt lat="51.360497" lon="7.349780">
        <ele>273.358676</ele>
        <time>2026-03-07T12:21:34.815Z</time>
      </trkpt>
      <trkpt lat="51.360443" lon="7.349901">
        <ele>273.362118</ele>
        <time>2026-03-07T12:21:43.731Z</time>
      </trkpt>
      <trkpt lat="51.360354" lon="7.349961">
        <ele>273.365698</ele>
        <time>2026-03-07T12:21:52.751Z</time>
      </trkpt>
      <trkpt lat="51.360271" lon="7.350043">
        <ele>273.369313</ele>
        <time>2026-03-07T12:21:58.757Z</time>
      </trkpt>
      <trkpt lat="51.360181" lon="7.350100">
        <ele>273.372900</ele>
        <time>2026-03-07T12:22:07.761Z</time>
      </trkpt>
      <trkpt lat="51.360108" lon="7.350204">
        <ele>273.376522</ele>
        <time>2026-03-07T12:22:15.746Z</time>
      </trkpt>
      <trkpt lat="51.360061" lon="7.350340">
        <ele>273.380120</ele>
        <time>2026-03-07T12:22:23.772Z</time>
      </trkpt>
      <trkpt lat="51.360003" lon="7.350465">
        <ele>273.383724</ele>
        <time>2026-03-07T12:22:31.731Z</time>
      </trkpt>
      <trkpt lat="51.359960" lon="7.350607">
        <ele>273.387377</ele>
        <time>2026-03-07T12:22:35.755Z</time>
      </trkpt>
      <trkpt lat="51.359945" lon="7.350763">
        <ele>273.391031</ele>
        <time>2026-03-07T12:22:47.758Z</time>
      </trkpt>
      <trkpt lat="51.359931" lon="7.350914">
        <ele>273.394564</ele>
        <time>2026-03-07T12:22:54.761Z</time>
      </trkpt>
      <trkpt lat="51.359978" lon="7.351052">
        <ele>273.345028</ele>
        <time>2026-03-07T12:23:03.752Z</time>
      </trkpt>
      <trkpt lat="51.360015" lon="7.351189">
        <ele>273.255962</ele>
        <time>2026-03-07T12:23:13.781Z</time>
      </trkpt>
      <trkpt lat="51.360024" lon="7.351359">
        <ele>273.154161</ele>
        <time>2026-03-07T12:23:20.721Z</time>
      </trkpt>
      <trkpt lat="51.360097" lon="7.351451">
        <ele>273.065393</ele>
        <time>2026-03-07T12:23:27.742Z</time>
      </trkpt>
      <trkpt lat="51.360123" lon="7.351589">
        <ele>272.979383</ele>
        <time>2026-03-07T12:23:33.786Z</time>
      </trkpt>
      <trkpt lat="51.360167" lon="7.351745">
        <ele>272.877244</ele>
        <time>2026-03-07T12:23:41.760Z</time>
      </trkpt>
      <trkpt lat="51.360188" lon="7.351896">
        <ele>272.784936</ele>
        <time>2026-03-07T12:23:49.802Z</time>
      </trkpt>
      <trkpt lat="51.360237" lon="7.352036">
        <ele>272.689171</ele>
        <time>2026-03-07T12:23:57.724Z</time>
      </trkpt>
      <trkpt lat="51.360285" lon="7.352164">
        <ele>272.600080</ele>
        <time>2026-03-07T12:24:07.710Z</time>
      </trkpt>
      <trkpt lat="51.360345" lon="7.352301">
        <ele>272.500231</ele>
        <time>2026-03-07T12:24:16.719Z</time>
      </trkpt>
      <trkpt lat="51.360372" lon="7.352439">
        <ele>272.413941</ele>
        <time>2026-03-07T12:24:23.755Z</time>
      </trkpt>
      <trkpt lat="51.360416" lon="7.352587">
        <ele>272.316133</ele>
        <time>2026-03-07T12:24:31.782Z</time>
      </trkpt>
      <trkpt lat="51.360465" lon="7.352717">
        <ele>272.225527</ele>
        <time>2026-03-07T12:24:39.759Z</time>
      </trkpt>
      <trkpt lat="51.360518" lon="7.352834">
        <ele>272.139278</ele>
        <time>2026-03-07T12:24:47.750Z</time>
      </trkpt>
      <trkpt lat="51.360555" lon="7.352977">
        <ele>272.046917</ele>
        <time>2026-03-07T12:24:56.728Z</time>
      </trkpt>
      <trkpt lat="51.360598" lon="7.353110">
        <ele>271.957551</ele>
        <time>2026-03-07T12:25:04.797Z</time>
      </trkpt>
      <trkpt lat="51.360622" lon="7.353259">
        <ele>271.865734</ele>
        <time>2026-03-07T12:25:11.764Z</time>
      </trkpt>
      <trkpt lat="51.360663" lon="7.353409">
        <ele>271.768032</ele>
        <time>2026-03-07T12:25:19.792Z</time>
      </trkpt>
      <trkpt lat="51.360679" lon="7.353556">
        <ele>271.678997</ele>
        <time>2026-03-07T12:25:28.758Z</time>
      </trkpt>
      <trkpt lat="51.360721" lon="7.353697">
        <ele>271.829134</ele>
        <time>2026-03-07T12:25:34.760Z</time>
      </trkpt>
      <trkpt lat="51.360729" lon="7.353848">
        <ele>271.978742</ele>
        <time>2026-03-07T12:25:43.764Z</time>
      </trkpt>
      <trkpt lat="51.360736" lon="7.354000">
        <ele>272.129210</ele>
        <time>2026-03-07T12:25:50.672Z</time>
      </trkpt>
      <trkpt lat="51.360762" lon="7.354150">
        <ele>272.282894</ele>
        <time>2026-03-07T12:26:01.757Z</time>
      </trkpt>
      <trkpt lat="51.360761" lon="7.354304">
        <ele>272.434937</ele>
        <time>2026-03-07T12:26:09.816Z</time>
      </trkpt>
      <trkpt lat="51.360771" lon="7.354451">
        <ele>272.580919</ele>
        <time>2026-03-07T12:26:16.788Z</time>
      </trkpt>
      <trkpt lat="51.360764" lon="7.354596">
        <ele>272.724495</ele>
        <time>2026-03-07T12:26:24.779Z</time>
      </trkpt>
      <trkpt lat="51.360766" lon="7.354761">
        <ele>272.887419</ele>
        <time>2026-03-07T12:26:31.761Z</time>
      </trkpt>
      <trkpt lat="51.360757" lon="7.354914">
        <ele>273.039135</ele>
        <time>2026-03-07T12:26:40.781Z</time>
      </trkpt>
      <trkpt lat="51.360746" lon="7.355062">
        <ele>273.186277</ele>
        <time>2026-03-07T12:26:48.748Z</time>
      </trkpt>
      <trkpt lat="51.360724" lon="7.355218">
        <ele>273.344164</ele>
        <time>2026-03-07T12:26:57.787Z</time>
      </trkpt>
      <trkpt lat="51.360697" lon="7.355371">
        <ele>273.501128</ele>
        <time>2026-03-07T12:27:06.769Z</time>
      </trkpt>
      <trkpt lat="51.360675" lon="7.355528">
        <ele>273.659979</ele>
        <time>2026-03-07T12:27:14.776Z</time>
      </trkpt>
      <trkpt lat="51.360638" lon="7.355680">
        <ele>273.821038</ele>
        <time>2026-03-07T12:27:22.714Z</time>
      </trkpt>
      <trkpt lat="51.360573" lon="7.355783">
        <ele>273.965611</ele>
        <time>2026-03-07T12:27:29.787Z</time>
      </trkpt>
      <trkpt lat="51.360513" lon="7.355917">
        <ele>274.128398</ele>
        <time>2026-03-07T12:27:36.755Z</time>
      </trkpt>
      <trkpt lat="51.360453" lon="7.356064">
        <ele>274.301777</ele>
        <time>2026-03-07T12:27:45.787Z</time>
      </trkpt>
      <trkpt lat="51.360356" lon="7.356065">
        <ele>274.455142</ele>
        <time>2026-03-07T12:27:58.742Z</time>
      </trkpt>
      <trkpt lat="51.360328" lon="7.355914">
        <ele>274.845063</ele>
        <time>2026-03-07T12:28:07.788Z</time>
      </trkpt>
      <trkpt lat="51.360278" lon="7.355787">
        <ele>275.381754</ele>
        <time>2026-03-07T12:28:18.819Z</time>
      </trkpt>
      <trkpt lat="51.360239" lon="7.355657">
        <ele>275.897317</ele>
        <time>2026-03-07T12:28:27.781Z</time>
      </trkpt>
      <trkpt lat="51.360177" lon="7.355550">
        <ele>276.419124</ele>
        <time>2026-03-07T12:28:34.747Z</time>
      </trkpt>
      <trkpt lat="51.360117" lon="7.355443">
        <ele>276.933212</ele>
        <time>2026-03-07T12:28:46.743Z</time>
      </trkpt>
      <trkpt lat="51.360049" lon="7.355337">
        <ele>277.476466</ele>
        <time>2026-03-07T12:28:55.816Z</time>
      </trkpt>
      <trkpt lat="51.359996" lon="7.355217">
        <ele>278.001892</ele>
        <time>2026-03-07T12:29:04.803Z</time>
      </trkpt>
      <trkpt lat="51.359918" lon="7.355108">
        <ele>278.594528</ele>
        <time>2026-03-07T12:29:15.777Z</time>
      </trkpt>
      <trkpt lat="51.359821" lon="7.355071">
        <ele>279.165370</ele>
        <time>2026-03-07T12:29:22.751Z</time>
      </trkpt>
      <trkpt lat="51.359729" lon="7.355084">
        <ele>279.694099</ele>
        <time>2026-03-07T12:29:30.753Z</time>
      </trkpt>
      <trkpt lat="51.359643" lon="7.355144">
        <ele>280.231125</ele>
        <time>2026-03-07T12:29:38.734Z</time>
      </trkpt>
      <trkpt lat="51.359557" lon="7.355237">
        <ele>280.825194</ele>
        <time>2026-03-07T12:29:49.777Z</time>
      </trkpt>
      <trkpt lat="51.359516" lon="7.355530">
        <ele>281.898574</ele>
        <time>2026-03-07T12:30:47.736Z</time>
      </trkpt>
      <trkpt lat="51.359589" lon="7.355627">
        <ele>282.441609</ele>
        <time>2026-03-07T12:31:01.770Z</time>
      </trkpt>
      <trkpt lat="51.359627" lon="7.355763">
        <ele>282.974228</ele>
        <time>2026-03-07T12:31:09.773Z</time>
      </trkpt>
      <trkpt lat="51.359688" lon="7.355877">
        <ele>283.510906</ele>
        <time>2026-03-07T12:31:18.788Z</time>
      </trkpt>
      <trkpt lat="51.359726" lon="7.356008">
        <ele>284.027260</ele>
        <time>2026-03-07T12:31:25.765Z</time>
      </trkpt>
      <trkpt lat="51.359744" lon="7.356181">
        <ele>284.654217</ele>
        <time>2026-03-07T12:31:32.669Z</time>
      </trkpt>
      <trkpt lat="51.359787" lon="7.356337">
        <ele>284.784154</ele>
        <time>2026-03-07T12:31:41.688Z</time>
      </trkpt>
      <trkpt lat="51.359860" lon="7.356425">
        <ele>284.744296</ele>
        <time>2026-03-07T12:31:49.734Z</time>
      </trkpt>
      <trkpt lat="51.359960" lon="7.356437">
        <ele>284.700551</ele>
        <time>2026-03-07T12:31:55.700Z</time>
      </trkpt>
      <trkpt lat="51.359956" lon="7.356619">
        <ele>284.650944</ele>
        <time>2026-03-07T12:32:05.797Z</time>
      </trkpt>
      <trkpt lat="51.360016" lon="7.356741">
        <ele>284.608643</ele>
        <time>2026-03-07T12:32:12.708Z</time>
      </trkpt>
      <trkpt lat="51.360063" lon="7.356893">
        <ele>284.562440</ele>
        <time>2026-03-07T12:32:18.750Z</time>
      </trkpt>
      <trkpt lat="51.360114" lon="7.357021">
        <ele>284.521081</ele>
        <time>2026-03-07T12:32:26.786Z</time>
      </trkpt>
      <trkpt lat="51.360168" lon="7.357146">
        <ele>284.479677</ele>
        <time>2026-03-07T12:32:36.770Z</time>
      </trkpt>
      <trkpt lat="51.360207" lon="7.357293">
        <ele>284.436171</ele>
        <time>2026-03-07T12:32:45.736Z</time>
      </trkpt>
      <trkpt lat="51.360268" lon="7.357410">
        <ele>284.394653</ele>
        <time>2026-03-07T12:32:58.754Z</time>
      </trkpt>
      <trkpt lat="51.360307" lon="7.357541">
        <ele>284.355121</ele>
        <time>2026-03-07T12:33:05.754Z</time>
      </trkpt>
      <trkpt lat="51.360331" lon="7.357687">
        <ele>284.313997</ele>
        <time>2026-03-07T12:33:07.712Z</time>
      </trkpt>
      <trkpt lat="51.360375" lon="7.357817">
        <ele>284.273719</ele>
        <time>2026-03-07T12:33:14.740Z</time>
      </trkpt>
      <trkpt lat="51.360437" lon="7.357935">
        <ele>284.231711</ele>
        <time>2026-03-07T12:33:24.739Z</time>
      </trkpt>
      <trkpt lat="51.360522" lon="7.357997">
        <ele>284.190967</ele>
        <time>2026-03-07T12:33:33.806Z</time>
      </trkpt>
      <trkpt lat="51.360558" lon="7.358131">
        <ele>284.151232</ele>
        <time>2026-03-07T12:33:40.734Z</time>
      </trkpt>
      <trkpt lat="51.360609" lon="7.358254">
        <ele>284.111014</ele>
        <time>2026-03-07T12:33:49.751Z</time>
      </trkpt>
      <trkpt lat="51.360664" lon="7.358374">
        <ele>284.070466</ele>
        <time>2026-03-07T12:33:56.747Z</time>
      </trkpt>
      <trkpt lat="51.360729" lon="7.358482">
        <ele>284.045505</ele>
        <time>2026-03-07T12:34:05.754Z</time>
      </trkpt>
      <trkpt lat="51.360776" lon="7.358606">
        <ele>284.167734</ele>
        <time>2026-03-07T12:34:13.750Z</time>
      </trkpt>
      <trkpt lat="51.360814" lon="7.358742">
        <ele>284.293281</ele>
        <time>2026-03-07T12:34:21.768Z</time>
      </trkpt>
      <trkpt lat="51.360822" lon="7.358896">
        <ele>284.423493</ele>
        <time>2026-03-07T12:34:29.752Z</time>
      </trkpt>
      <trkpt lat="51.360769" lon="7.359029">
        <ele>284.556439</ele>
        <time>2026-03-07T12:34:36.767Z</time>
      </trkpt>
      <trkpt lat="51.360722" lon="7.359164">
        <ele>284.686680</ele>
        <time>2026-03-07T12:34:44.800Z</time>
      </trkpt>
      <trkpt lat="51.360637" lon="7.359257">
        <ele>284.825597</ele>
        <time>2026-03-07T12:34:52.743Z</time>
      </trkpt>
      <trkpt lat="51.360547" lon="7.359310">
        <ele>284.955000</ele>
        <time>2026-03-07T12:35:00.809Z</time>
      </trkpt>
      <trkpt lat="51.360451" lon="7.359322">
        <ele>285.084942</ele>
        <time>2026-03-07T12:35:08.773Z</time>
      </trkpt>
      <trkpt lat="51.360361" lon="7.359337">
        <ele>285.207049</ele>
        <time>2026-03-07T12:35:15.750Z</time>
      </trkpt>
      <trkpt lat="51.360267" lon="7.359332">
        <ele>285.333969</ele>
        <time>2026-03-07T12:35:25.793Z</time>
      </trkpt>
      <trkpt lat="51.360170" lon="7.359362">
        <ele>285.467285</ele>
        <time>2026-03-07T12:35:33.756Z</time>
      </trkpt>
      <trkpt lat="51.360081" lon="7.359317">
        <ele>285.593231</ele>
        <time>2026-03-07T12:35:41.796Z</time>
      </trkpt>
      <trkpt lat="51.360003" lon="7.359243">
        <ele>285.715572</ele>
        <time>2026-03-07T12:35:48.715Z</time>
      </trkpt>
      <trkpt lat="51.359918" lon="7.359191">
        <ele>285.838361</ele>
        <time>2026-03-07T12:35:56.758Z</time>
      </trkpt>
      <trkpt lat="51.359844" lon="7.359106">
        <ele>285.961251</ele>
        <time>2026-03-07T12:36:03.792Z</time>
      </trkpt>
      <trkpt lat="51.359756" lon="7.359027">
        <ele>286.097389</ele>
        <time>2026-03-07T12:36:10.758Z</time>
      </trkpt>
      <trkpt lat="51.359658" lon="7.359009">
        <ele>286.230503</ele>
        <time>2026-03-07T12:36:18.734Z</time>
      </trkpt>
      <trkpt lat="51.359572" lon="7.358971">
        <ele>286.350893</ele>
        <time>2026-03-07T12:36:25.732Z</time>
      </trkpt>
      <trkpt lat="51.359488" lon="7.358911">
        <ele>286.490129</ele>
        <time>2026-03-07T12:36:33.761Z</time>
      </trkpt>
      <trkpt lat="51.359398" lon="7.358919">
        <ele>286.740166</ele>
        <time>2026-03-07T12:36:40.716Z</time>
      </trkpt>
      <trkpt lat="51.359306" lon="7.358950">
        <ele>287.000954</ele>
        <time>2026-03-07T12:36:47.736Z</time>
      </trkpt>
      <trkpt lat="51.359214" lon="7.358964">
        <ele>287.257303</ele>
        <time>2026-03-07T12:36:55.742Z</time>
      </trkpt>
      <trkpt lat="51.359124" lon="7.358979">
        <ele>287.508304</ele>
        <time>2026-03-07T12:37:02.748Z</time>
      </trkpt>
      <trkpt lat="51.359026" lon="7.358999">
        <ele>287.782345</ele>
        <time>2026-03-07T12:37:10.780Z</time>
      </trkpt>
      <trkpt lat="51.358927" lon="7.359011">
        <ele>288.057748</ele>
        <time>2026-03-07T12:37:18.782Z</time>
      </trkpt>
      <trkpt lat="51.358830" lon="7.359016">
        <ele>288.326957</ele>
        <time>2026-03-07T12:37:26.774Z</time>
      </trkpt>
      <trkpt lat="51.358734" lon="7.359023">
        <ele>288.593529</ele>
        <time>2026-03-07T12:37:34.735Z</time>
      </trkpt>
      <trkpt lat="51.358647" lon="7.359077">
        <ele>288.852352</ele>
        <time>2026-03-07T12:37:42.761Z</time>
      </trkpt>
      <trkpt lat="51.358546" lon="7.359099">
        <ele>289.135097</ele>
        <time>2026-03-07T12:37:51.736Z</time>
      </trkpt>
      <trkpt lat="51.358452" lon="7.359098">
        <ele>289.395850</ele>
        <time>2026-03-07T12:38:01.771Z</time>
      </trkpt>
      <trkpt lat="51.358372" lon="7.359172">
        <ele>289.652123</ele>
        <time>2026-03-07T12:38:08.753Z</time>
      </trkpt>
      <trkpt lat="51.358279" lon="7.359180">
        <ele>289.910468</ele>
        <time>2026-03-07T12:38:15.751Z</time>
      </trkpt>
      <trkpt lat="51.358177" lon="7.359196">
        <ele>290.194762</ele>
        <time>2026-03-07T12:38:24.722Z</time>
      </trkpt>
      <trkpt lat="51.358088" lon="7.359254">
        <ele>290.461299</ele>
        <time>2026-03-07T12:38:32.761Z</time>
      </trkpt>
      <trkpt lat="51.357993" lon="7.359255">
        <ele>290.724827</ele>
        <time>2026-03-07T12:38:40.739Z</time>
      </trkpt>
      <trkpt lat="51.357906" lon="7.359309">
        <ele>290.983650</ele>
        <time>2026-03-07T12:38:49.746Z</time>
      </trkpt>
      <trkpt lat="51.357805" lon="7.359334">
        <ele>291.267142</ele>
        <time>2026-03-07T12:38:58.737Z</time>
      </trkpt>
      <trkpt lat="51.357706" lon="7.359346">
        <ele>291.256510</ele>
        <time>2026-03-07T12:39:06.766Z</time>
      </trkpt>
      <trkpt lat="51.357618" lon="7.359379">
        <ele>290.732588</ele>
        <time>2026-03-07T12:39:13.737Z</time>
      </trkpt>
      <trkpt lat="51.357524" lon="7.359415">
        <ele>290.172319</ele>
        <time>2026-03-07T12:39:21.762Z</time>
      </trkpt>
      <trkpt lat="51.357424" lon="7.359429">
        <ele>289.590424</ele>
        <time>2026-03-07T12:39:28.749Z</time>
      </trkpt>
      <trkpt lat="51.357323" lon="7.359435">
        <ele>289.004540</ele>
        <time>2026-03-07T12:39:36.749Z</time>
      </trkpt>
      <trkpt lat="51.357229" lon="7.359488">
        <ele>288.426848</ele>
        <time>2026-03-07T12:39:44.712Z</time>
      </trkpt>
      <trkpt lat="51.357131" lon="7.359509">
        <ele>287.853694</ele>
        <time>2026-03-07T12:39:52.748Z</time>
      </trkpt>
      <trkpt lat="51.357037" lon="7.359556">
        <ele>287.282848</ele>
        <time>2026-03-07T12:40:00.767Z</time>
      </trkpt>
      <trkpt lat="51.356945" lon="7.359597">
        <ele>286.729271</ele>
        <time>2026-03-07T12:40:09.774Z</time>
      </trkpt>
      <trkpt lat="51.356851" lon="7.359645">
        <ele>286.157335</ele>
        <time>2026-03-07T12:40:18.784Z</time>
      </trkpt>
      <trkpt lat="51.356757" lon="7.359686">
        <ele>285.592581</ele>
        <time>2026-03-07T12:40:26.776Z</time>
      </trkpt>
      <trkpt lat="51.356654" lon="7.359675">
        <ele>284.994180</ele>
        <time>2026-03-07T12:40:34.804Z</time>
      </trkpt>
      <trkpt lat="51.356559" lon="7.359646">
        <ele>284.433563</ele>
        <time>2026-03-07T12:40:41.796Z</time>
      </trkpt>
      <trkpt lat="51.356461" lon="7.359641">
        <ele>283.865185</ele>
        <time>2026-03-07T12:40:49.741Z</time>
      </trkpt>
      <trkpt lat="51.356365" lon="7.359616">
        <ele>283.301377</ele>
        <time>2026-03-07T12:40:57.764Z</time>
      </trkpt>
      <trkpt lat="51.356271" lon="7.359581">
        <ele>282.741938</ele>
        <time>2026-03-07T12:41:05.783Z</time>
      </trkpt>
      <trkpt lat="51.356183" lon="7.359549">
        <ele>282.218829</ele>
        <time>2026-03-07T12:41:12.755Z</time>
      </trkpt>
      <trkpt lat="51.356090" lon="7.359527">
        <ele>281.673872</ele>
        <time>2026-03-07T12:41:22.746Z</time>
      </trkpt>
      <trkpt lat="51.356001" lon="7.359503">
        <ele>281.150689</ele>
        <time>2026-03-07T12:41:30.744Z</time>
      </trkpt>
      <trkpt lat="51.355911" lon="7.359478">
        <ele>280.305150</ele>
        <time>2026-03-07T12:41:39.751Z</time>
      </trkpt>
      <trkpt lat="51.355811" lon="7.359461">
        <ele>279.264315</ele>
        <time>2026-03-07T12:41:48.788Z</time>
      </trkpt>
      <trkpt lat="51.355717" lon="7.359476">
        <ele>278.286578</ele>
        <time>2026-03-07T12:41:57.751Z</time>
      </trkpt>
      <trkpt lat="51.355631" lon="7.359534">
        <ele>277.320739</ele>
        <time>2026-03-07T12:42:05.761Z</time>
      </trkpt>
      <trkpt lat="51.355534" lon="7.359522">
        <ele>276.313779</ele>
        <time>2026-03-07T12:42:13.743Z</time>
      </trkpt>
      <trkpt lat="51.355350" lon="7.359565">
        <ele>274.389170</ele>
        <time>2026-03-07T12:42:43.749Z</time>
      </trkpt>
      <trkpt lat="51.355255" lon="7.359615">
        <ele>273.354153</ele>
        <time>2026-03-07T12:42:54.776Z</time>
      </trkpt>
      <trkpt lat="51.355157" lon="7.359629">
        <ele>272.335806</ele>
        <time>2026-03-07T12:43:02.783Z</time>
      </trkpt>
      <trkpt lat="51.355057" lon="7.359674">
        <ele>271.260695</ele>
        <time>2026-03-07T12:43:11.726Z</time>
      </trkpt>
      <trkpt lat="51.354960" lon="7.359695">
        <ele>270.247592</ele>
        <time>2026-03-07T12:43:20.767Z</time>
      </trkpt>
      <trkpt lat="51.354867" lon="7.359726">
        <ele>269.264391</ele>
        <time>2026-03-07T12:43:29.797Z</time>
      </trkpt>
      <trkpt lat="51.354771" lon="7.359699">
        <ele>268.255563</ele>
        <time>2026-03-07T12:43:38.754Z</time>
      </trkpt>
      <trkpt lat="51.354675" lon="7.359715">
        <ele>267.256577</ele>
        <time>2026-03-07T12:43:49.791Z</time>
      </trkpt>
      <trkpt lat="51.354584" lon="7.359701">
        <ele>266.310373</ele>
        <time>2026-03-07T12:43:57.764Z</time>
      </trkpt>
      <trkpt lat="51.354500" lon="7.359764">
        <ele>265.350318</ele>
        <time>2026-03-07T12:44:05.781Z</time>
      </trkpt>
      <trkpt lat="51.354413" lon="7.359819">
        <ele>264.382215</ele>
        <time>2026-03-07T12:44:13.767Z</time>
      </trkpt>
      <trkpt lat="51.354331" lon="7.359881">
        <ele>263.443643</ele>
        <time>2026-03-07T12:44:20.705Z</time>
      </trkpt>
      <trkpt lat="51.354256" lon="7.359985">
        <ele>262.416766</ele>
        <time>2026-03-07T12:44:31.759Z</time>
      </trkpt>
      <trkpt lat="51.354175" lon="7.360082">
        <ele>261.813984</ele>
        <time>2026-03-07T12:44:40.751Z</time>
      </trkpt>
      <trkpt lat="51.354103" lon="7.360192">
        <ele>261.224948</ele>
        <time>2026-03-07T12:44:49.772Z</time>
      </trkpt>
      <trkpt lat="51.354038" lon="7.360298">
        <ele>260.675804</ele>
        <time>2026-03-07T12:44:57.725Z</time>
      </trkpt>
      <trkpt lat="51.353964" lon="7.360404">
        <ele>260.088106</ele>
        <time>2026-03-07T12:45:06.779Z</time>
      </trkpt>
      <trkpt lat="51.353917" lon="7.360534">
        <ele>259.532838</ele>
        <time>2026-03-07T12:45:14.800Z</time>
      </trkpt>
      <trkpt lat="51.353853" lon="7.360655">
        <ele>258.946691</ele>
        <time>2026-03-07T12:45:22.750Z</time>
      </trkpt>
      <trkpt lat="51.353775" lon="7.360738">
        <ele>258.392351</ele>
        <time>2026-03-07T12:45:30.710Z</time>
      </trkpt>
      <trkpt lat="51.353710" lon="7.360838">
        <ele>257.858804</ele>
        <time>2026-03-07T12:45:38.780Z</time>
      </trkpt>
      <trkpt lat="51.353646" lon="7.360943">
        <ele>257.316440</ele>
        <time>2026-03-07T12:45:46.762Z</time>
      </trkpt>
      <trkpt lat="51.353581" lon="7.361050">
        <ele>256.764650</ele>
        <time>2026-03-07T12:45:55.807Z</time>
      </trkpt>
      <trkpt lat="51.353498" lon="7.361128">
        <ele>256.195002</ele>
        <time>2026-03-07T12:46:03.764Z</time>
      </trkpt>
      <trkpt lat="51.353431" lon="7.361251">
        <ele>255.591671</ele>
        <time>2026-03-07T12:46:13.757Z</time>
      </trkpt>
      <trkpt lat="51.353349" lon="7.361346">
        <ele>254.992583</ele>
        <time>2026-03-07T12:46:21.773Z</time>
      </trkpt>
      <trkpt lat="51.353252" lon="7.361383">
        <ele>254.402363</ele>
        <time>2026-03-07T12:46:28.794Z</time>
      </trkpt>
      <trkpt lat="51.353155" lon="7.361449">
        <ele>253.778522</ele>
        <time>2026-03-07T12:46:37.753Z</time>
      </trkpt>
      <trkpt lat="51.353078" lon="7.361524">
        <ele>253.245049</ele>
        <time>2026-03-07T12:46:45.797Z</time>
      </trkpt>
      <trkpt lat="51.352982" lon="7.361573">
        <ele>252.648642</ele>
        <time>2026-03-07T12:46:54.775Z</time>
      </trkpt>
      <trkpt lat="51.352892" lon="7.361626">
        <ele>252.081037</ele>
        <time>2026-03-07T12:47:03.758Z</time>
      </trkpt>
      <trkpt lat="51.352797" lon="7.361676">
        <ele>251.553221</ele>
        <time>2026-03-07T12:47:13.830Z</time>
      </trkpt>
      <trkpt lat="51.352709" lon="7.361733">
        <ele>251.123883</ele>
        <time>2026-03-07T12:47:21.748Z</time>
      </trkpt>
      <trkpt lat="51.352619" lon="7.361805">
        <ele>250.668854</ele>
        <time>2026-03-07T12:47:30.767Z</time>
      </trkpt>
      <trkpt lat="51.352528" lon="7.361841">
        <ele>250.244904</ele>
        <time>2026-03-07T12:47:40.742Z</time>
      </trkpt>
      <trkpt lat="51.352439" lon="7.361898">
        <ele>249.811370</ele>
        <time>2026-03-07T12:47:48.761Z</time>
      </trkpt>
      <trkpt lat="51.352350" lon="7.361947">
        <ele>249.385711</ele>
        <time>2026-03-07T12:47:55.776Z</time>
      </trkpt>
      <trkpt lat="51.352256" lon="7.361982">
        <ele>248.949224</ele>
        <time>2026-03-07T12:48:03.782Z</time>
      </trkpt>
      <trkpt lat="51.352163" lon="7.362048">
        <ele>248.489141</ele>
        <time>2026-03-07T12:48:12.817Z</time>
      </trkpt>
      <trkpt lat="51.352075" lon="7.362090">
        <ele>248.073830</ele>
        <time>2026-03-07T12:48:19.760Z</time>
      </trkpt>
      <trkpt lat="51.351988" lon="7.362144">
        <ele>247.651817</ele>
        <time>2026-03-07T12:48:27.764Z</time>
      </trkpt>
      <trkpt lat="51.351898" lon="7.362207">
        <ele>247.207567</ele>
        <time>2026-03-07T12:48:35.794Z</time>
      </trkpt>
      <trkpt lat="51.351812" lon="7.362256">
        <ele>246.794714</ele>
        <time>2026-03-07T12:48:42.765Z</time>
      </trkpt>
      <trkpt lat="51.351716" lon="7.362314">
        <ele>246.330645</ele>
        <time>2026-03-07T12:48:53.753Z</time>
      </trkpt>
      <trkpt lat="51.351617" lon="7.362334">
        <ele>245.879338</ele>
        <time>2026-03-07T12:49:00.792Z</time>
      </trkpt>
      <trkpt lat="51.351527" lon="7.362352">
        <ele>245.469123</ele>
        <time>2026-03-07T12:49:10.751Z</time>
      </trkpt>
      <trkpt lat="51.351142" lon="7.362630">
        <ele>243.609105</ele>
        <time>2026-03-07T12:49:39.739Z</time>
      </trkpt>
      <trkpt lat="51.351050" lon="7.362687">
        <ele>243.496964</ele>
        <time>2026-03-07T12:49:54.735Z</time>
      </trkpt>
      <trkpt lat="51.350957" lon="7.362700">
        <ele>243.390841</ele>
        <time>2026-03-07T12:50:02.742Z</time>
      </trkpt>
      <trkpt lat="51.350887" lon="7.362792">
        <ele>243.287891</ele>
        <time>2026-03-07T12:50:10.765Z</time>
      </trkpt>
      <trkpt lat="51.350796" lon="7.362796">
        <ele>243.184404</ele>
        <time>2026-03-07T12:50:31.742Z</time>
      </trkpt>
      <trkpt lat="51.350747" lon="7.362917">
        <ele>243.082018</ele>
        <time>2026-03-07T12:50:42.761Z</time>
      </trkpt>
      <trkpt lat="51.350649" lon="7.362926">
        <ele>242.970430</ele>
        <time>2026-03-07T12:51:39.686Z</time>
      </trkpt>
      <trkpt lat="51.350416" lon="7.363090">
        <ele>242.681095</ele>
        <time>2026-03-07T12:52:44.729Z</time>
      </trkpt>
      <trkpt lat="51.350318" lon="7.363092">
        <ele>242.569681</ele>
        <time>2026-03-07T12:52:51.774Z</time>
      </trkpt>
      <trkpt lat="51.350231" lon="7.363133">
        <ele>242.466585</ele>
        <time>2026-03-07T12:52:57.733Z</time>
      </trkpt>
      <trkpt lat="51.350146" lon="7.363212">
        <ele>242.354859</ele>
        <time>2026-03-07T12:53:07.808Z</time>
      </trkpt>
      <trkpt lat="51.350065" lon="7.363310">
        <ele>242.239447</ele>
        <time>2026-03-07T12:53:15.735Z</time>
      </trkpt>
      <trkpt lat="51.349973" lon="7.363357">
        <ele>242.129668</ele>
        <time>2026-03-07T12:53:22.751Z</time>
      </trkpt>
      <trkpt lat="51.349904" lon="7.363460">
        <ele>242.022428</ele>
        <time>2026-03-07T12:53:31.718Z</time>
      </trkpt>
      <trkpt lat="51.349784" lon="7.363583">
        <ele>241.860454</ele>
        <time>2026-03-07T12:54:08.765Z</time>
      </trkpt>
      <trkpt lat="51.349701" lon="7.363649">
        <ele>241.755105</ele>
        <time>2026-03-07T12:54:17.761Z</time>
      </trkpt>
      <trkpt lat="51.349609" lon="7.363726">
        <ele>241.637094</ele>
        <time>2026-03-07T12:54:27.763Z</time>
      </trkpt>
      <trkpt lat="51.349526" lon="7.363784">
        <ele>241.507457</ele>
        <time>2026-03-07T12:54:34.710Z</time>
      </trkpt>
      <trkpt lat="51.349438" lon="7.363853">
        <ele>241.332972</ele>
        <time>2026-03-07T12:54:41.742Z</time>
      </trkpt>
      <trkpt lat="51.349350" lon="7.363912">
        <ele>241.163085</ele>
        <time>2026-03-07T12:54:51.701Z</time>
      </trkpt>
      <trkpt lat="51.349256" lon="7.363989">
        <ele>240.975062</ele>
        <time>2026-03-07T12:54:59.793Z</time>
      </trkpt>
      <trkpt lat="51.349162" lon="7.364021">
        <ele>240.803933</ele>
        <time>2026-03-07T12:55:06.766Z</time>
      </trkpt>
      <trkpt lat="51.349076" lon="7.364097">
        <ele>240.629013</ele>
        <time>2026-03-07T12:55:14.743Z</time>
      </trkpt>
      <trkpt lat="51.348980" lon="7.364139">
        <ele>240.451797</ele>
        <time>2026-03-07T12:55:20.742Z</time>
      </trkpt>
      <trkpt lat="51.348917" lon="7.364246">
        <ele>240.288250</ele>
        <time>2026-03-07T12:55:30.760Z</time>
      </trkpt>
      <trkpt lat="51.348855" lon="7.364356">
        <ele>240.123458</ele>
        <time>2026-03-07T12:55:39.719Z</time>
      </trkpt>
      <trkpt lat="51.348756" lon="7.364343">
        <ele>239.946575</ele>
        <time>2026-03-07T12:55:46.736Z</time>
      </trkpt>
      <trkpt lat="51.348671" lon="7.364428">
        <ele>239.768116</ele>
        <time>2026-03-07T12:55:56.783Z</time>
      </trkpt>
      <trkpt lat="51.348574" lon="7.364385">
        <ele>239.588888</ele>
        <time>2026-03-07T12:55:59.788Z</time>
      </trkpt>
      <trkpt lat="51.348484" lon="7.364403">
        <ele>239.427378</ele>
        <time>2026-03-07T12:56:08.800Z</time>
      </trkpt>
      <trkpt lat="51.348382" lon="7.364426">
        <ele>239.243953</ele>
        <time>2026-03-07T12:56:16.822Z</time>
      </trkpt>
      <trkpt lat="51.348290" lon="7.364419">
        <ele>239.079942</ele>
        <time>2026-03-07T12:56:23.769Z</time>
      </trkpt>
      <trkpt lat="51.348197" lon="7.364441">
        <ele>238.912537</ele>
        <time>2026-03-07T12:56:33.771Z</time>
      </trkpt>
      <trkpt lat="51.348098" lon="7.364442">
        <ele>238.736243</ele>
        <time>2026-03-07T12:56:39.754Z</time>
      </trkpt>
      <trkpt lat="51.348009" lon="7.364412">
        <ele>238.574285</ele>
        <time>2026-03-07T12:56:48.809Z</time>
      </trkpt>
      <trkpt lat="51.347916" lon="7.364434">
        <ele>238.406880</ele>
        <time>2026-03-07T12:56:59.772Z</time>
      </trkpt>
      <trkpt lat="51.347829" lon="7.364392">
        <ele>237.880891</ele>
        <time>2026-03-07T12:57:07.778Z</time>
      </trkpt>
      <trkpt lat="51.347744" lon="7.364344">
        <ele>237.281967</ele>
        <time>2026-03-07T12:57:14.834Z</time>
      </trkpt>
      <trkpt lat="51.347650" lon="7.364277">
        <ele>236.598240</ele>
        <time>2026-03-07T12:57:23.756Z</time>
      </trkpt>
      <trkpt lat="51.347560" lon="7.364227">
        <ele>235.965213</ele>
        <time>2026-03-07T12:57:31.731Z</time>
      </trkpt>
      <trkpt lat="51.347466" lon="7.364211">
        <ele>235.337068</ele>
        <time>2026-03-07T12:57:39.756Z</time>
      </trkpt>
      <trkpt lat="51.347366" lon="7.364179">
        <ele>234.659430</ele>
        <time>2026-03-07T12:57:48.761Z</time>
      </trkpt>
      <trkpt lat="51.347266" lon="7.364177">
        <ele>233.994884</ele>
        <time>2026-03-07T12:57:58.775Z</time>
      </trkpt>
      <trkpt lat="51.347170" lon="7.364176">
        <ele>233.356955</ele>
        <time>2026-03-07T12:58:06.731Z</time>
      </trkpt>
      <trkpt lat="51.347015" lon="7.364279">
        <ele>232.241794</ele>
        <time>2026-03-07T12:58:41.717Z</time>
      </trkpt>
      <trkpt lat="51.346942" lon="7.364377">
        <ele>231.608750</ele>
        <time>2026-03-07T12:58:47.786Z</time>
      </trkpt>
      <trkpt lat="51.346909" lon="7.364521">
        <ele>230.972126</ele>
        <time>2026-03-07T12:58:54.775Z</time>
      </trkpt>
      <trkpt lat="51.346863" lon="7.364657">
        <ele>230.330214</ele>
        <time>2026-03-07T12:59:02.803Z</time>
      </trkpt>
      <trkpt lat="51.346837" lon="7.364808">
        <ele>229.680117</ele>
        <time>2026-03-07T12:59:12.788Z</time>
      </trkpt>
      <trkpt lat="51.346764" lon="7.364931">
        <ele>228.975899</ele>
        <time>2026-03-07T12:59:19.751Z</time>
      </trkpt>
      <trkpt lat="51.346711" lon="7.365063">
        <ele>228.324604</ele>
        <time>2026-03-07T12:59:27.735Z</time>
      </trkpt>
      <trkpt lat="51.346657" lon="7.365199">
        <ele>227.655741</ele>
        <time>2026-03-07T12:59:35.778Z</time>
      </trkpt>
      <trkpt lat="51.346620" lon="7.365344">
        <ele>227.005636</ele>
        <time>2026-03-07T12:59:43.753Z</time>
      </trkpt>
      <trkpt lat="51.346566" lon="7.365465">
        <ele>226.413629</ele>
        <time>2026-03-07T12:59:51.790Z</time>
      </trkpt>
      <trkpt lat="51.346500" lon="7.365585">
        <ele>226.189450</ele>
        <time>2026-03-07T13:00:00.775Z</time>
      </trkpt>
      <trkpt lat="51.346441" lon="7.365701">
        <ele>225.979708</ele>
        <time>2026-03-07T13:00:08.740Z</time>
      </trkpt>
      <trkpt lat="51.346381" lon="7.365824">
        <ele>225.760892</ele>
        <time>2026-03-07T13:00:15.772Z</time>
      </trkpt>
      <trkpt lat="51.346310" lon="7.365940">
        <ele>225.533181</ele>
        <time>2026-03-07T13:00:22.764Z</time>
      </trkpt>
      <trkpt lat="51.346247" lon="7.366061">
        <ele>225.312318</ele>
        <time>2026-03-07T13:00:29.854Z</time>
      </trkpt>
      <trkpt lat="51.346197" lon="7.366196">
        <ele>225.092264</ele>
        <time>2026-03-07T13:00:41.765Z</time>
      </trkpt>
      <trkpt lat="51.346138" lon="7.366310">
        <ele>224.884688</ele>
        <time>2026-03-07T13:00:49.780Z</time>
      </trkpt>
      <trkpt lat="51.346104" lon="7.366445">
        <ele>224.680599</ele>
        <time>2026-03-07T13:00:55.771Z</time>
      </trkpt>
      <trkpt lat="51.346039" lon="7.366552">
        <ele>224.471325</ele>
        <time>2026-03-07T13:01:02.749Z</time>
      </trkpt>
      <trkpt lat="51.345973" lon="7.366657">
        <ele>224.262466</ele>
        <time>2026-03-07T13:01:11.773Z</time>
      </trkpt>
      <trkpt lat="51.345921" lon="7.366789">
        <ele>224.043656</ele>
        <time>2026-03-07T13:01:19.799Z</time>
      </trkpt>
      <trkpt lat="51.345849" lon="7.366889">
        <ele>223.829695</ele>
        <time>2026-03-07T13:01:26.763Z</time>
      </trkpt>
      <trkpt lat="51.345795" lon="7.367021">
        <ele>223.608457</ele>
        <time>2026-03-07T13:01:35.772Z</time>
      </trkpt>
      <trkpt lat="51.345741" lon="7.367149">
        <ele>223.391889</ele>
        <time>2026-03-07T13:01:43.802Z</time>
      </trkpt>
      <trkpt lat="51.345707" lon="7.367295">
        <ele>223.173419</ele>
        <time>2026-03-07T13:01:51.739Z</time>
      </trkpt>
      <trkpt lat="51.345649" lon="7.367426">
        <ele>222.948282</ele>
        <time>2026-03-07T13:02:00.766Z</time>
      </trkpt>
      <trkpt lat="51.345600" lon="7.367558">
        <ele>222.732988</ele>
        <time>2026-03-07T13:02:07.760Z</time>
      </trkpt>
      <trkpt lat="51.345546" lon="7.367697">
        <ele>222.503476</ele>
        <time>2026-03-07T13:02:17.719Z</time>
      </trkpt>
      <trkpt lat="51.345477" lon="7.367802">
        <ele>222.367930</ele>
        <time>2026-03-07T13:02:25.792Z</time>
      </trkpt>
      <trkpt lat="51.345409" lon="7.367910">
        <ele>222.322179</ele>
        <time>2026-03-07T13:04:01.778Z</time>
      </trkpt>
      <trkpt lat="51.345362" lon="7.368049">
        <ele>222.275023</ele>
        <time>2026-03-07T13:04:13.752Z</time>
      </trkpt>
      <trkpt lat="51.345341" lon="7.368203">
        <ele>222.227996</ele>
        <time>2026-03-07T13:04:21.813Z</time>
      </trkpt>
      <trkpt lat="51.345289" lon="7.368329">
        <ele>222.182940</ele>
        <time>2026-03-07T13:04:31.799Z</time>
      </trkpt>
      <trkpt lat="51.345225" lon="7.368448">
        <ele>222.136090</ele>
        <time>2026-03-07T13:04:38.727Z</time>
      </trkpt>
      <trkpt lat="51.345183" lon="7.368590">
        <ele>222.089216</ele>
        <time>2026-03-07T13:04:48.810Z</time>
      </trkpt>
      <trkpt lat="51.345122" lon="7.368697">
        <ele>222.045996</ele>
        <time>2026-03-07T13:04:55.790Z</time>
      </trkpt>
      <trkpt lat="51.345086" lon="7.368836">
        <ele>222.001102</ele>
        <time>2026-03-07T13:05:03.762Z</time>
      </trkpt>
      <trkpt lat="51.345032" lon="7.368955">
        <ele>221.957219</ele>
        <time>2026-03-07T13:05:11.783Z</time>
      </trkpt>
      <trkpt lat="51.344989" lon="7.369085">
        <ele>221.913332</ele>
        <time>2026-03-07T13:05:18.778Z</time>
      </trkpt>
      <trkpt lat="51.344944" lon="7.369214">
        <ele>221.869250</ele>
        <time>2026-03-07T13:05:26.741Z</time>
      </trkpt>
      <trkpt lat="51.344908" lon="7.369353">
        <ele>221.824356</ele>
        <time>2026-03-07T13:05:35.777Z</time>
      </trkpt>
      <trkpt lat="51.344876" lon="7.369499">
        <ele>221.778194</ele>
        <time>2026-03-07T13:05:42.768Z</time>
      </trkpt>
      <trkpt lat="51.344825" lon="7.369623">
        <ele>221.733899</ele>
        <time>2026-03-07T13:05:49.759Z</time>
      </trkpt>
      <trkpt lat="51.344790" lon="7.369759">
        <ele>221.690015</ele>
        <time>2026-03-07T13:05:58.811Z</time>
      </trkpt>
      <trkpt lat="51.344747" lon="7.369889">
        <ele>221.646127</ele>
        <time>2026-03-07T13:06:05.804Z</time>
      </trkpt>
      <trkpt lat="51.344704" lon="7.370019">
        <ele>221.602240</ele>
        <time>2026-03-07T13:06:11.762Z</time>
      </trkpt>
      <trkpt lat="51.344658" lon="7.370143">
        <ele>221.559212</ele>
        <time>2026-03-07T13:06:20.762Z</time>
      </trkpt>
      <trkpt lat="51.344617" lon="7.370284">
        <ele>221.438990</ele>
        <time>2026-03-07T13:06:28.774Z</time>
      </trkpt>
      <trkpt lat="51.344567" lon="7.370421">
        <ele>221.187796</ele>
        <time>2026-03-07T13:06:36.811Z</time>
      </trkpt>
      <trkpt lat="51.344536" lon="7.370565">
        <ele>220.946667</ele>
        <time>2026-03-07T13:06:45.802Z</time>
      </trkpt>
      <trkpt lat="51.344504" lon="7.370720">
        <ele>220.688228</ele>
        <time>2026-03-07T13:06:53.769Z</time>
      </trkpt>
      <trkpt lat="51.344448" lon="7.370852">
        <ele>220.435614</ele>
        <time>2026-03-07T13:07:01.796Z</time>
      </trkpt>
      <trkpt lat="51.344384" lon="7.370971">
        <ele>220.187014</ele>
        <time>2026-03-07T13:07:08.741Z</time>
      </trkpt>
      <trkpt lat="51.344321" lon="7.371076">
        <ele>219.956521</ele>
        <time>2026-03-07T13:07:16.773Z</time>
      </trkpt>
      <trkpt lat="51.344280" lon="7.371208">
        <ele>219.723138</ele>
        <time>2026-03-07T13:07:24.752Z</time>
      </trkpt>
      <trkpt lat="51.344211" lon="7.371313">
        <ele>219.481861</ele>
        <time>2026-03-07T13:07:31.778Z</time>
      </trkpt>
      <trkpt lat="51.344155" lon="7.371435">
        <ele>219.242178</ele>
        <time>2026-03-07T13:07:39.809Z</time>
      </trkpt>
      <trkpt lat="51.344110" lon="7.371578">
        <ele>218.988684</ele>
        <time>2026-03-07T13:07:48.799Z</time>
      </trkpt>
      <trkpt lat="51.344071" lon="7.371722">
        <ele>218.740206</ele>
        <time>2026-03-07T13:07:57.803Z</time>
      </trkpt>
      <trkpt lat="51.344028" lon="7.371859">
        <ele>218.497475</ele>
        <time>2026-03-07T13:08:04.762Z</time>
      </trkpt>
      <trkpt lat="51.343970" lon="7.371988">
        <ele>218.245847</ele>
        <time>2026-03-07T13:08:13.758Z</time>
      </trkpt>
      <trkpt lat="51.343919" lon="7.372120">
        <ele>218.000128</ele>
        <time>2026-03-07T13:08:20.750Z</time>
      </trkpt>
      <trkpt lat="51.343868" lon="7.372253">
        <ele>217.753061</ele>
        <time>2026-03-07T13:08:29.736Z</time>
      </trkpt>
      <trkpt lat="51.343825" lon="7.372389">
        <ele>217.511743</ele>
        <time>2026-03-07T13:08:37.787Z</time>
      </trkpt>
      <trkpt lat="51.343770" lon="7.372526">
        <ele>217.253919</ele>
        <time>2026-03-07T13:08:45.703Z</time>
      </trkpt>
      <trkpt lat="51.343727" lon="7.372663">
        <ele>217.011187</ele>
        <time>2026-03-07T13:08:52.762Z</time>
      </trkpt>
      <trkpt lat="51.343657" lon="7.372758">
        <ele>216.653328</ele>
        <time>2026-03-07T13:09:00.796Z</time>
      </trkpt>
      <trkpt lat="51.343597" lon="7.372874">
        <ele>216.259923</ele>
        <time>2026-03-07T13:09:07.784Z</time>
      </trkpt>
      <trkpt lat="51.343545" lon="7.372997">
        <ele>215.871961</ele>
        <time>2026-03-07T13:09:16.808Z</time>
      </trkpt>
      <trkpt lat="51.343490" lon="7.373117">
        <ele>215.483175</ele>
        <time>2026-03-07T13:09:23.760Z</time>
      </trkpt>
      <trkpt lat="51.343434" lon="7.373246">
        <ele>215.072826</ele>
        <time>2026-03-07T13:09:31.748Z</time>
      </trkpt>
      <trkpt lat="51.343354" lon="7.373346">
        <ele>214.648384</ele>
        <time>2026-03-07T13:09:41.774Z</time>
      </trkpt>
      <trkpt lat="51.343297" lon="7.373466">
        <ele>214.254592</ele>
        <time>2026-03-07T13:09:47.775Z</time>
      </trkpt>
      <trkpt lat="51.343298" lon="7.373635">
        <ele>213.813118</ele>
        <time>2026-03-07T13:09:54.797Z</time>
      </trkpt>
      <trkpt lat="51.343219" lon="7.373731">
        <ele>213.398363</ele>
        <time>2026-03-07T13:10:03.783Z</time>
      </trkpt>
      <trkpt lat="51.343159" lon="7.373857">
        <ele>212.984501</ele>
        <time>2026-03-07T13:10:10.781Z</time>
      </trkpt>
      <trkpt lat="51.343092" lon="7.373965">
        <ele>212.586898</ele>
        <time>2026-03-07T13:10:18.815Z</time>
      </trkpt>
      <trkpt lat="51.343056" lon="7.374105">
        <ele>212.191420</ele>
        <time>2026-03-07T13:10:25.775Z</time>
      </trkpt>
      <trkpt lat="51.342981" lon="7.374187">
        <ele>211.811623</ele>
        <time>2026-03-07T13:10:32.827Z</time>
      </trkpt>
      <trkpt lat="51.342909" lon="7.374286">
        <ele>211.414722</ele>
        <time>2026-03-07T13:10:40.807Z</time>
      </trkpt>
      <trkpt lat="51.342841" lon="7.374415">
        <ele>210.973802</ele>
        <time>2026-03-07T13:10:49.900Z</time>
      </trkpt>
      <trkpt lat="51.342772" lon="7.374528">
        <ele>210.561024</ele>
        <time>2026-03-07T13:10:56.780Z</time>
      </trkpt>
      <trkpt lat="51.342692" lon="7.374633">
        <ele>210.128419</ele>
        <time>2026-03-07T13:11:04.686Z</time>
      </trkpt>
      <trkpt lat="51.342615" lon="7.374729">
        <ele>209.720292</ele>
        <time>2026-03-07T13:11:14.690Z</time>
      </trkpt>
      <trkpt lat="51.342768" lon="7.374621">
        <ele>210.090519</ele>
        <time>2026-03-07T13:12:42.786Z</time>
      </trkpt>
      <trkpt lat="51.342820" lon="7.374497">
        <ele>210.673443</ele>
        <time>2026-03-07T13:12:49.796Z</time>
      </trkpt>
      <trkpt lat="51.342898" lon="7.374387">
        <ele>211.322944</ele>
        <time>2026-03-07T13:12:59.760Z</time>
      </trkpt>
      <trkpt lat="51.342977" lon="7.374267">
        <ele>212.003398</ele>
        <time>2026-03-07T13:13:06.754Z</time>
      </trkpt>
      <trkpt lat="51.343056" lon="7.374147">
        <ele>212.683852</ele>
        <time>2026-03-07T13:13:15.793Z</time>
      </trkpt>
      <trkpt lat="51.343126" lon="7.374017">
        <ele>213.353737</ele>
        <time>2026-03-07T13:13:23.810Z</time>
      </trkpt>
      <trkpt lat="51.343192" lon="7.373903">
        <ele>213.960397</ele>
        <time>2026-03-07T13:13:31.776Z</time>
      </trkpt>
      <trkpt lat="51.343268" lon="7.373798">
        <ele>214.587652</ele>
        <time>2026-03-07T13:13:36.778Z</time>
      </trkpt>
      <trkpt lat="51.343273" lon="7.373649">
        <ele>215.170037</ele>
        <time>2026-03-07T13:13:47.746Z</time>
      </trkpt>
      <trkpt lat="51.343339" lon="7.373521">
        <ele>215.817838</ele>
        <time>2026-03-07T13:13:56.743Z</time>
      </trkpt>
      <trkpt lat="51.343409" lon="7.373414">
        <ele>216.422574</ele>
        <time>2026-03-07T13:14:03.786Z</time>
      </trkpt>
      <trkpt lat="51.343439" lon="7.373269">
        <ele>217.018743</ele>
        <time>2026-03-07T13:14:09.770Z</time>
      </trkpt>
      <trkpt lat="51.343514" lon="7.373182">
        <ele>217.597453</ele>
        <time>2026-03-07T13:14:15.775Z</time>
      </trkpt>
      <trkpt lat="51.343555" lon="7.373041">
        <ele>218.204478</ele>
        <time>2026-03-07T13:14:23.779Z</time>
      </trkpt>
      <trkpt lat="51.343529" lon="7.372900">
        <ele>218.778275</ele>
        <time>2026-03-07T13:14:31.764Z</time>
      </trkpt>
      <trkpt lat="51.343447" lon="7.372810">
        <ele>219.399483</ele>
        <time>2026-03-07T13:14:42.740Z</time>
      </trkpt>
      <trkpt lat="51.343372" lon="7.372705">
        <ele>220.022020</ele>
        <time>2026-03-07T13:14:53.798Z</time>
      </trkpt>
      <trkpt lat="51.343293" lon="7.372629">
        <ele>220.597903</ele>
        <time>2026-03-07T13:15:03.763Z</time>
      </trkpt>
      <trkpt lat="51.343216" lon="7.372549">
        <ele>221.470641</ele>
        <time>2026-03-07T13:15:13.831Z</time>
      </trkpt>
      <trkpt lat="51.343139" lon="7.372432">
        <ele>222.544660</ele>
        <time>2026-03-07T13:15:25.792Z</time>
      </trkpt>
      <trkpt lat="51.343054" lon="7.372348">
        <ele>223.555237</ele>
        <time>2026-03-07T13:15:41.785Z</time>
      </trkpt>
      <trkpt lat="51.342970" lon="7.372290">
        <ele>224.480723</ele>
        <time>2026-03-07T13:15:49.767Z</time>
      </trkpt>
      <trkpt lat="51.342893" lon="7.372198">
        <ele>225.452759</ele>
        <time>2026-03-07T13:15:59.739Z</time>
      </trkpt>
      <trkpt lat="51.342819" lon="7.372097">
        <ele>226.436558</ele>
        <time>2026-03-07T13:16:14.810Z</time>
      </trkpt>
      <trkpt lat="51.342736" lon="7.372026">
        <ele>227.388612</ele>
        <time>2026-03-07T13:16:22.768Z</time>
      </trkpt>
      <trkpt lat="51.342661" lon="7.371931">
        <ele>228.356159</ele>
        <time>2026-03-07T13:16:31.777Z</time>
      </trkpt>
      <trkpt lat="51.342594" lon="7.371824">
        <ele>229.313597</ele>
        <time>2026-03-07T13:16:42.805Z</time>
      </trkpt>
      <trkpt lat="51.342527" lon="7.371721">
        <ele>230.253353</ele>
        <time>2026-03-07T13:16:51.766Z</time>
      </trkpt>
      <trkpt lat="51.342486" lon="7.371582">
        <ele>231.224783</ele>
        <time>2026-03-07T13:17:02.795Z</time>
      </trkpt>
      <trkpt lat="51.342453" lon="7.371447">
        <ele>232.140925</ele>
        <time>2026-03-07T13:17:09.763Z</time>
      </trkpt>
      <trkpt lat="51.342410" lon="7.371317">
        <ele>233.070542</ele>
        <time>2026-03-07T13:17:19.772Z</time>
      </trkpt>
      <trkpt lat="51.342289" lon="7.370878">
        <ele>236.102918</ele>
        <time>2026-03-07T13:18:11.750Z</time>
      </trkpt>
      <trkpt lat="51.342253" lon="7.370741">
        <ele>237.042192</ele>
        <time>2026-03-07T13:18:22.742Z</time>
      </trkpt>
      <trkpt lat="51.342194" lon="7.370620">
        <ele>238.012247</ele>
        <time>2026-03-07T13:18:30.735Z</time>
      </trkpt>
      <trkpt lat="51.342147" lon="7.370487">
        <ele>238.907989</ele>
        <time>2026-03-07T13:18:37.786Z</time>
      </trkpt>
      <trkpt lat="51.342091" lon="7.370356">
        <ele>239.158211</ele>
        <time>2026-03-07T13:18:51.782Z</time>
      </trkpt>
      <trkpt lat="51.342043" lon="7.370226">
        <ele>239.396255</ele>
        <time>2026-03-07T13:19:03.792Z</time>
      </trkpt>
      <trkpt lat="51.341957" lon="7.369923">
        <ele>239.920874</ele>
        <time>2026-03-07T13:32:15.726Z</time>
      </trkpt>
      <trkpt lat="51.341912" lon="7.369795">
        <ele>240.152404</ele>
        <time>2026-03-07T13:32:25.726Z</time>
      </trkpt>
      <trkpt lat="51.341867" lon="7.369660">
        <ele>240.393611</ele>
        <time>2026-03-07T13:32:36.764Z</time>
      </trkpt>
      <trkpt lat="51.341841" lon="7.369507">
        <ele>240.643555</ele>
        <time>2026-03-07T13:32:57.747Z</time>
      </trkpt>
      <trkpt lat="51.341841" lon="7.369362">
        <ele>240.872124</ele>
        <time>2026-03-07T13:33:09.744Z</time>
      </trkpt>
      <trkpt lat="51.341765" lon="7.369286">
        <ele>241.098250</ele>
        <time>2026-03-07T13:33:16.795Z</time>
      </trkpt>
      <trkpt lat="51.341698" lon="7.369158">
        <ele>241.361493</ele>
        <time>2026-03-07T13:33:24.772Z</time>
      </trkpt>
      <trkpt lat="51.341634" lon="7.369040">
        <ele>241.607829</ele>
        <time>2026-03-07T13:33:34.790Z</time>
      </trkpt>
      <trkpt lat="51.341565" lon="7.368936">
        <ele>241.846981</ele>
        <time>2026-03-07T13:33:43.700Z</time>
      </trkpt>
      <trkpt lat="51.341502" lon="7.368803">
        <ele>242.110095</ele>
        <time>2026-03-07T13:33:53.790Z</time>
      </trkpt>
      <trkpt lat="51.341443" lon="7.368690">
        <ele>242.342249</ele>
        <time>2026-03-07T13:34:01.759Z</time>
      </trkpt>
      <trkpt lat="51.341380" lon="7.368577">
        <ele>242.581003</ele>
        <time>2026-03-07T13:34:10.836Z</time>
      </trkpt>
      <trkpt lat="51.341330" lon="7.368445">
        <ele>242.824347</ele>
        <time>2026-03-07T13:34:20.702Z</time>
      </trkpt>
      <trkpt lat="51.341257" lon="7.368357">
        <ele>243.054949</ele>
        <time>2026-03-07T13:34:26.765Z</time>
      </trkpt>
      <trkpt lat="51.341229" lon="7.368212">
        <ele>243.294192</ele>
        <time>2026-03-07T13:34:33.740Z</time>
      </trkpt>
      <trkpt lat="51.341189" lon="7.368067">
        <ele>242.960443</ele>
        <time>2026-03-07T13:34:45.762Z</time>
      </trkpt>
      <trkpt lat="51.341170" lon="7.367767">
        <ele>241.133877</ele>
        <time>2026-03-07T13:35:17.714Z</time>
      </trkpt>
      <trkpt lat="51.341008" lon="7.367658">
        <ele>239.429853</ele>
        <time>2026-03-07T13:36:01.779Z</time>
      </trkpt>
      <trkpt lat="51.340943" lon="7.367557">
        <ele>238.551451</ele>
        <time>2026-03-07T13:36:08.821Z</time>
      </trkpt>
      <trkpt lat="51.340860" lon="7.367466">
        <ele>237.575931</ele>
        <time>2026-03-07T13:36:17.765Z</time>
      </trkpt>
      <trkpt lat="51.340814" lon="7.367325">
        <ele>236.612354</ele>
        <time>2026-03-07T13:36:27.790Z</time>
      </trkpt>
      <trkpt lat="51.340754" lon="7.367216">
        <ele>235.732314</ele>
        <time>2026-03-07T13:36:33.766Z</time>
      </trkpt>
      <trkpt lat="51.340724" lon="7.367065">
        <ele>234.772476</ele>
        <time>2026-03-07T13:36:44.768Z</time>
      </trkpt>
      <trkpt lat="51.340647" lon="7.366969">
        <ele>233.826072</ele>
        <time>2026-03-07T13:36:54.792Z</time>
      </trkpt>
      <trkpt lat="51.340640" lon="7.366821">
        <ele>232.926986</ele>
        <time>2026-03-07T13:37:03.772Z</time>
      </trkpt>
      <trkpt lat="51.340645" lon="7.366677">
        <ele>232.053349</ele>
        <time>2026-03-07T13:37:15.794Z</time>
      </trkpt>
      <trkpt lat="51.340612" lon="7.366532">
        <ele>231.118525</ele>
        <time>2026-03-07T13:37:25.747Z</time>
      </trkpt>
      <trkpt lat="51.340594" lon="7.366388">
        <ele>230.228942</ele>
        <time>2026-03-07T13:37:36.795Z</time>
      </trkpt>
      <trkpt lat="51.340563" lon="7.366242">
        <ele>229.294845</ele>
        <time>2026-03-07T13:37:45.767Z</time>
      </trkpt>
      <trkpt lat="51.340522" lon="7.366102">
        <ele>228.358215</ele>
        <time>2026-03-07T13:38:00.798Z</time>
      </trkpt>
      <trkpt lat="51.340469" lon="7.365966">
        <ele>227.387220</ele>
        <time>2026-03-07T13:38:09.815Z</time>
      </trkpt>
      <trkpt lat="51.340408" lon="7.365855">
        <ele>226.491675</ele>
        <time>2026-03-07T13:38:20.790Z</time>
      </trkpt>
      <trkpt lat="51.340374" lon="7.365713">
        <ele>225.511913</ele>
        <time>2026-03-07T13:38:29.751Z</time>
      </trkpt>
      <trkpt lat="51.340313" lon="7.365600">
        <ele>224.478561</ele>
        <time>2026-03-07T13:38:37.790Z</time>
      </trkpt>
      <trkpt lat="51.340250" lon="7.365477">
        <ele>223.378001</ele>
        <time>2026-03-07T13:38:48.813Z</time>
      </trkpt>
      <trkpt lat="51.340171" lon="7.365381">
        <ele>222.279422</ele>
        <time>2026-03-07T13:38:58.747Z</time>
      </trkpt>
      <trkpt lat="51.340102" lon="7.365271">
        <ele>221.200820</ele>
        <time>2026-03-07T13:39:13.787Z</time>
      </trkpt>
      <trkpt lat="51.340068" lon="7.365133">
        <ele>220.174385</ele>
        <time>2026-03-07T13:39:27.785Z</time>
      </trkpt>
      <trkpt lat="51.340028" lon="7.364993">
        <ele>219.109181</ele>
        <time>2026-03-07T13:39:38.791Z</time>
      </trkpt>
      <trkpt lat="51.339897" lon="7.364961">
        <ele>217.641407</ele>
        <time>2026-03-07T13:40:33.718Z</time>
      </trkpt>
      <trkpt lat="51.339701" lon="7.364860">
        <ele>215.360768</ele>
        <time>2026-03-07T13:41:21.701Z</time>
      </trkpt>
      <trkpt lat="51.339603" lon="7.364840">
        <ele>214.266518</ele>
        <time>2026-03-07T13:41:33.713Z</time>
      </trkpt>
      <trkpt lat="51.339508" lon="7.364901">
        <ele>213.132785</ele>
        <time>2026-03-07T13:41:44.748Z</time>
      </trkpt>
      <trkpt lat="51.339434" lon="7.364997">
        <ele>212.077779</ele>
        <time>2026-03-07T13:41:53.705Z</time>
      </trkpt>
      <trkpt lat="51.339347" lon="7.365054">
        <ele>211.036564</ele>
        <time>2026-03-07T13:42:01.721Z</time>
      </trkpt>
      <trkpt lat="51.339295" lon="7.365185">
        <ele>209.962620</ele>
        <time>2026-03-07T13:42:10.695Z</time>
      </trkpt>
      <trkpt lat="51.339477" lon="7.364983">
        <ele>207.509604</ele>
        <time>2026-03-07T13:44:32.702Z</time>
      </trkpt>
      <trkpt lat="51.339566" lon="7.364909">
        <ele>206.398778</ele>
        <time>2026-03-07T13:44:43.720Z</time>
      </trkpt>
      <trkpt lat="51.339656" lon="7.364888">
        <ele>205.857064</ele>
        <time>2026-03-07T13:44:55.722Z</time>
      </trkpt>
      <trkpt lat="51.339745" lon="7.364917">
        <ele>205.551578</ele>
        <time>2026-03-07T13:45:05.722Z</time>
      </trkpt>
      <trkpt lat="51.339841" lon="7.364922">
        <ele>205.228516</ele>
        <time>2026-03-07T13:45:17.706Z</time>
      </trkpt>
      <trkpt lat="51.339718" lon="7.365074">
        <ele>204.705877</ele>
        <time>2026-03-07T13:50:55.734Z</time>
      </trkpt>
      <trkpt lat="51.339637" lon="7.365146">
        <ele>204.394253</ele>
        <time>2026-03-07T13:51:06.756Z</time>
      </trkpt>
      <trkpt lat="51.339555" lon="7.365237">
        <ele>204.058654</ele>
        <time>2026-03-07T13:51:15.790Z</time>
      </trkpt>
      <trkpt lat="51.339473" lon="7.365323">
        <ele>203.728927</ele>
        <time>2026-03-07T13:51:26.733Z</time>
      </trkpt>
      <trkpt lat="51.339385" lon="7.365417">
        <ele>203.373096</ele>
        <time>2026-03-07T13:51:35.773Z</time>
      </trkpt>
      <trkpt lat="51.339292" lon="7.365453">
        <ele>203.051279</ele>
        <time>2026-03-07T13:51:47.723Z</time>
      </trkpt>
      <trkpt lat="51.339220" lon="7.365565">
        <ele>202.713601</ele>
        <time>2026-03-07T13:51:51.702Z</time>
      </trkpt>
      <trkpt lat="51.339175" lon="7.365696">
        <ele>202.399478</ele>
        <time>2026-03-07T13:52:06.809Z</time>
      </trkpt>
      <trkpt lat="51.339084" lon="7.365713">
        <ele>202.091327</ele>
        <time>2026-03-07T13:52:19.724Z</time>
      </trkpt>
      <trkpt lat="51.338997" lon="7.365780">
        <ele>201.766603</ele>
        <time>2026-03-07T13:52:40.743Z</time>
      </trkpt>
      <trkpt lat="51.338939" lon="7.365897">
        <ele>201.452767</ele>
        <time>2026-03-07T13:52:54.769Z</time>
      </trkpt>
      <trkpt lat="51.338847" lon="7.365934">
        <ele>201.133713</ele>
        <time>2026-03-07T13:53:02.716Z</time>
      </trkpt>
      <trkpt lat="51.338782" lon="7.366047">
        <ele>200.810957</ele>
        <time>2026-03-07T13:53:09.752Z</time>
      </trkpt>
      <trkpt lat="51.338703" lon="7.366145">
        <ele>200.474794</ele>
        <time>2026-03-07T13:53:20.710Z</time>
      </trkpt>
      <trkpt lat="51.338641" lon="7.366254">
        <ele>200.165050</ele>
        <time>2026-03-07T13:53:30.727Z</time>
      </trkpt>
      <trkpt lat="51.338573" lon="7.366369">
        <ele>199.952794</ele>
        <time>2026-03-07T13:53:40.773Z</time>
      </trkpt>
      <trkpt lat="51.338524" lon="7.366496">
        <ele>199.851213</ele>
        <time>2026-03-07T13:53:49.723Z</time>
      </trkpt>
      <trkpt lat="51.338517" lon="7.366659">
        <ele>199.740026</ele>
        <time>2026-03-07T13:53:57.805Z</time>
      </trkpt>
      <trkpt lat="51.338478" lon="7.366792">
        <ele>199.640041</ele>
        <time>2026-03-07T13:54:04.784Z</time>
      </trkpt>
      <trkpt lat="51.338382" lon="7.367063">
        <ele>199.428032</ele>
        <time>2026-03-07T13:55:31.741Z</time>
      </trkpt>
      <trkpt lat="51.338290" lon="7.367032">
        <ele>199.325617</ele>
        <time>2026-03-07T13:55:59.748Z</time>
      </trkpt>
      <trkpt lat="51.338172" lon="7.366611">
        <ele>199.011600</ele>
        <time>2026-03-07T13:57:30.779Z</time>
      </trkpt>
      <trkpt lat="51.338139" lon="7.366470">
        <ele>198.909132</ele>
        <time>2026-03-07T13:57:36.786Z</time>
      </trkpt>
      <trkpt lat="51.338142" lon="7.366325">
        <ele>198.810401</ele>
        <time>2026-03-07T13:57:43.819Z</time>
      </trkpt>
      <trkpt lat="51.338034" lon="7.366284">
        <ele>198.689490</ele>
        <time>2026-03-07T13:57:49.710Z</time>
      </trkpt>
      <trkpt lat="51.337993" lon="7.366418">
        <ele>198.587949</ele>
        <time>2026-03-07T13:58:00.718Z</time>
      </trkpt>
      <trkpt lat="51.337920" lon="7.366518">
        <ele>198.483283</ele>
        <time>2026-03-07T13:58:09.699Z</time>
      </trkpt>
      <trkpt lat="51.337847" lon="7.366615">
        <ele>198.379933</ele>
        <time>2026-03-07T13:58:17.736Z</time>
      </trkpt>
      <trkpt lat="51.337768" lon="7.366703">
        <ele>198.275089</ele>
        <time>2026-03-07T13:58:23.745Z</time>
      </trkpt>
      <trkpt lat="51.337729" lon="7.366836">
        <ele>198.175103</ele>
        <time>2026-03-07T13:58:33.788Z</time>
      </trkpt>
      <trkpt lat="51.337704" lon="7.366996">
        <ele>198.062863</ele>
        <time>2026-03-07T13:58:39.773Z</time>
      </trkpt>
      <trkpt lat="51.337652" lon="7.367136">
        <ele>198.271335</ele>
        <time>2026-03-07T13:58:47.735Z</time>
      </trkpt>
      <trkpt lat="51.337631" lon="7.367286">
        <ele>198.503612</ele>
        <time>2026-03-07T13:58:56.736Z</time>
      </trkpt>
      <trkpt lat="51.337572" lon="7.367413">
        <ele>198.742758</ele>
        <time>2026-03-07T13:59:02.722Z</time>
      </trkpt>
      <trkpt lat="51.337496" lon="7.367505">
        <ele>198.973226</ele>
        <time>2026-03-07T13:59:09.759Z</time>
      </trkpt>
      <trkpt lat="51.337420" lon="7.367607">
        <ele>199.213112</ele>
        <time>2026-03-07T13:59:18.714Z</time>
      </trkpt>
      <trkpt lat="51.337332" lon="7.367669">
        <ele>199.445664</ele>
        <time>2026-03-07T13:59:25.784Z</time>
      </trkpt>
      <trkpt lat="51.337240" lon="7.367735">
        <ele>199.689511</ele>
        <time>2026-03-07T13:59:33.800Z</time>
      </trkpt>
      <trkpt lat="51.337149" lon="7.367792">
        <ele>199.925865</ele>
        <time>2026-03-07T13:59:43.759Z</time>
      </trkpt>
      <trkpt lat="51.337048" lon="7.367829">
        <ele>200.176470</ele>
        <time>2026-03-07T13:59:51.766Z</time>
      </trkpt>
      <trkpt lat="51.336944" lon="7.367862">
        <ele>200.432910</ele>
        <time>2026-03-07T14:00:00.741Z</time>
      </trkpt>
      <trkpt lat="51.336852" lon="7.367879">
        <ele>200.656909</ele>
        <time>2026-03-07T14:00:08.808Z</time>
      </trkpt>
      <trkpt lat="51.336748" lon="7.367902">
        <ele>200.910844</ele>
        <time>2026-03-07T14:00:17.826Z</time>
      </trkpt>
      <trkpt lat="51.336645" lon="7.367909">
        <ele>201.160195</ele>
        <time>2026-03-07T14:00:28.727Z</time>
      </trkpt>
      <trkpt lat="51.336550" lon="7.367924">
        <ele>201.391087</ele>
        <time>2026-03-07T14:00:36.743Z</time>
      </trkpt>
      <trkpt lat="51.336457" lon="7.367977">
        <ele>201.629858</ele>
        <time>2026-03-07T14:00:46.828Z</time>
      </trkpt>
      <trkpt lat="51.336360" lon="7.367999">
        <ele>201.866816</ele>
        <time>2026-03-07T14:00:54.826Z</time>
      </trkpt>
      <trkpt lat="51.336251" lon="7.368042">
        <ele>202.138344</ele>
        <time>2026-03-07T14:01:01.784Z</time>
      </trkpt>
      <trkpt lat="51.336159" lon="7.368037">
        <ele>202.360993</ele>
        <time>2026-03-07T14:01:11.755Z</time>
      </trkpt>
      <trkpt lat="51.336069" lon="7.368047">
        <ele>202.170702</ele>
        <time>2026-03-07T14:01:19.739Z</time>
      </trkpt>
      <trkpt lat="51.335973" lon="7.368079">
        <ele>201.862463</ele>
        <time>2026-03-07T14:01:29.742Z</time>
      </trkpt>
      <trkpt lat="51.335910" lon="7.368191">
        <ele>201.566500</ele>
        <time>2026-03-07T14:01:36.745Z</time>
      </trkpt>
      <trkpt lat="51.335869" lon="7.368320">
        <ele>201.282267</ele>
        <time>2026-03-07T14:01:44.743Z</time>
      </trkpt>
      <trkpt lat="51.335855" lon="7.368463">
        <ele>200.998011</ele>
        <time>2026-03-07T14:01:53.724Z</time>
      </trkpt>
      <trkpt lat="51.335765" lon="7.368472">
        <ele>200.714556</ele>
        <time>2026-03-07T14:02:01.728Z</time>
      </trkpt>
      <trkpt lat="51.335672" lon="7.368459">
        <ele>200.421109</ele>
        <time>2026-03-07T14:02:10.731Z</time>
      </trkpt>
      <trkpt lat="51.335583" lon="7.368514">
        <ele>200.121222</ele>
        <time>2026-03-07T14:02:20.733Z</time>
      </trkpt>
      <trkpt lat="51.335482" lon="7.368539">
        <ele>199.799967</ele>
        <time>2026-03-07T14:02:29.728Z</time>
      </trkpt>
      <trkpt lat="51.335396" lon="7.368584">
        <ele>199.515558</ele>
        <time>2026-03-07T14:02:39.721Z</time>
      </trkpt>
      <trkpt lat="51.335295" lon="7.368604">
        <ele>199.195657</ele>
        <time>2026-03-07T14:02:44.725Z</time>
      </trkpt>
      <trkpt lat="51.335203" lon="7.368659">
        <ele>198.886954</ele>
        <time>2026-03-07T14:02:54.799Z</time>
      </trkpt>
      <trkpt lat="51.335136" lon="7.368537">
        <ele>198.567956</ele>
        <time>2026-03-07T14:03:03.765Z</time>
      </trkpt>
      <trkpt lat="51.335077" lon="7.368411">
        <ele>198.258723</ele>
        <time>2026-03-07T14:03:11.797Z</time>
      </trkpt>
      <trkpt lat="51.335025" lon="7.368277">
        <ele>197.948932</ele>
        <time>2026-03-07T14:03:21.777Z</time>
      </trkpt>
      <trkpt lat="51.334989" lon="7.368123">
        <ele>197.626018</ele>
        <time>2026-03-07T14:03:29.808Z</time>
      </trkpt>
      <trkpt lat="51.334936" lon="7.368004">
        <ele>197.339014</ele>
        <time>2026-03-07T14:03:37.722Z</time>
      </trkpt>
      <trkpt lat="51.334874" lon="7.367900">
        <ele>197.056707</ele>
        <time>2026-03-07T14:03:45.727Z</time>
      </trkpt>
      <trkpt lat="51.334770" lon="7.367841">
        <ele>196.701580</ele>
        <time>2026-03-07T14:03:52.713Z</time>
      </trkpt>
      <trkpt lat="51.334701" lon="7.367736">
        <ele>196.336818</ele>
        <time>2026-03-07T14:04:00.745Z</time>
      </trkpt>
      <trkpt lat="51.334649" lon="7.367602">
        <ele>195.959234</ele>
        <time>2026-03-07T14:04:10.716Z</time>
      </trkpt>
      <trkpt lat="51.334575" lon="7.367505">
        <ele>195.592781</ele>
        <time>2026-03-07T14:04:17.769Z</time>
      </trkpt>
      <trkpt lat="51.334497" lon="7.367428">
        <ele>195.241678</ele>
        <time>2026-03-07T14:04:25.763Z</time>
      </trkpt>
      <trkpt lat="51.334408" lon="7.367352">
        <ele>194.855205</ele>
        <time>2026-03-07T14:04:33.761Z</time>
      </trkpt>
      <trkpt lat="51.334334" lon="7.367269">
        <ele>194.509012</ele>
        <time>2026-03-07T14:04:41.809Z</time>
      </trkpt>
      <trkpt lat="51.334290" lon="7.367144">
        <ele>194.165584</ele>
        <time>2026-03-07T14:05:12.767Z</time>
      </trkpt>
      <trkpt lat="51.334203" lon="7.367202">
        <ele>193.804509</ele>
        <time>2026-03-07T14:05:20.790Z</time>
      </trkpt>
      <trkpt lat="51.334112" lon="7.367214">
        <ele>193.454686</ele>
        <time>2026-03-07T14:05:38.732Z</time>
      </trkpt>
      <trkpt lat="51.334026" lon="7.367293">
        <ele>193.074791</ele>
        <time>2026-03-07T14:07:05.763Z</time>
      </trkpt>
      <trkpt lat="51.334162" lon="7.367055">
        <ele>192.302754</ele>
        <time>2026-03-07T14:08:48.772Z</time>
      </trkpt>
      <trkpt lat="51.334125" lon="7.366909">
        <ele>191.925623</ele>
        <time>2026-03-07T14:08:58.709Z</time>
      </trkpt>
      <trkpt lat="51.334064" lon="7.366791">
        <ele>191.559019</ele>
        <time>2026-03-07T14:09:06.798Z</time>
      </trkpt>
      <trkpt lat="51.334018" lon="7.366648">
        <ele>191.174019</ele>
        <time>2026-03-07T14:09:15.739Z</time>
      </trkpt>
      <trkpt lat="51.333973" lon="7.366515">
        <ele>190.811974</ele>
        <time>2026-03-07T14:09:28.733Z</time>
      </trkpt>
      <trkpt lat="51.333893" lon="7.366449">
        <ele>190.467156</ele>
        <time>2026-03-07T14:09:39.723Z</time>
      </trkpt>
      <trkpt lat="51.333856" lon="7.366213">
        <ele>189.884732</ele>
        <time>2026-03-07T14:10:20.748Z</time>
      </trkpt>
      <trkpt lat="51.333807" lon="7.366070">
        <ele>189.810003</ele>
        <time>2026-03-07T14:10:26.733Z</time>
      </trkpt>
      <trkpt lat="51.333769" lon="7.365922">
        <ele>189.760620</ele>
        <time>2026-03-07T14:10:35.728Z</time>
      </trkpt>
      <trkpt lat="51.333741" lon="7.365770">
        <ele>189.711712</ele>
        <time>2026-03-07T14:10:42.745Z</time>
      </trkpt>
      <trkpt lat="51.333701" lon="7.365632">
        <ele>189.664761</ele>
        <time>2026-03-07T14:10:49.720Z</time>
      </trkpt>
      <trkpt lat="51.333652" lon="7.365480">
        <ele>189.611973</ele>
        <time>2026-03-07T14:10:55.797Z</time>
      </trkpt>
      <trkpt lat="51.333613" lon="7.365342">
        <ele>189.565228</ele>
        <time>2026-03-07T14:11:03.741Z</time>
      </trkpt>
      <trkpt lat="51.333563" lon="7.365204">
        <ele>189.515994</ele>
        <time>2026-03-07T14:11:10.723Z</time>
      </trkpt>
      <trkpt lat="51.333510" lon="7.365062">
        <ele>189.464944</ele>
        <time>2026-03-07T14:11:18.718Z</time>
      </trkpt>
      <trkpt lat="51.333432" lon="7.364973">
        <ele>189.417625</ele>
        <time>2026-03-07T14:11:24.767Z</time>
      </trkpt>
      <trkpt lat="51.333390" lon="7.364824">
        <ele>189.367175</ele>
        <time>2026-03-07T14:11:33.728Z</time>
      </trkpt>
      <trkpt lat="51.333352" lon="7.364684">
        <ele>189.320066</ele>
        <time>2026-03-07T14:11:39.724Z</time>
      </trkpt>
      <trkpt lat="51.333313" lon="7.364543">
        <ele>189.272475</ele>
        <time>2026-03-07T14:11:47.768Z</time>
      </trkpt>
      <trkpt lat="51.333283" lon="7.364393">
        <ele>189.223867</ele>
        <time>2026-03-07T14:11:53.711Z</time>
      </trkpt>
      <trkpt lat="51.333254" lon="7.364249">
        <ele>189.177172</ele>
        <time>2026-03-07T14:12:01.753Z</time>
      </trkpt>
      <trkpt lat="51.333184" lon="7.364131">
        <ele>189.126953</ele>
        <time>2026-03-07T14:12:08.741Z</time>
      </trkpt>
      <trkpt lat="51.333204" lon="7.363984">
        <ele>189.080521</ele>
        <time>2026-03-07T14:12:15.733Z</time>
      </trkpt>
      <trkpt lat="51.333168" lon="7.363844">
        <ele>189.033796</ele>
        <time>2026-03-07T14:12:22.711Z</time>
      </trkpt>
      <trkpt lat="51.333124" lon="7.363699">
        <ele>188.984045</ele>
        <time>2026-03-07T14:12:28.735Z</time>
      </trkpt>
      <trkpt lat="51.333130" lon="7.363551">
        <ele>189.068588</ele>
        <time>2026-03-07T14:12:36.751Z</time>
      </trkpt>
      <trkpt lat="51.333083" lon="7.363395">
        <ele>189.247563</ele>
        <time>2026-03-07T14:12:42.709Z</time>
      </trkpt>
      <trkpt lat="51.333075" lon="7.363224">
        <ele>189.424770</ele>
        <time>2026-03-07T14:12:50.781Z</time>
      </trkpt>
      <trkpt lat="51.333071" lon="7.363058">
        <ele>189.596442</ele>
        <time>2026-03-07T14:12:57.710Z</time>
      </trkpt>
      <trkpt lat="51.333059" lon="7.362896">
        <ele>189.765026</ele>
        <time>2026-03-07T14:13:05.711Z</time>
      </trkpt>
      <trkpt lat="51.333062" lon="7.362749">
        <ele>189.917018</ele>
        <time>2026-03-07T14:13:15.758Z</time>
      </trkpt>
      <trkpt lat="51.333053" lon="7.362591">
        <ele>190.080973</ele>
        <time>2026-03-07T14:13:21.736Z</time>
      </trkpt>
      <trkpt lat="51.332979" lon="7.362414">
        <ele>190.301058</ele>
        <time>2026-03-07T14:13:36.679Z</time>
      </trkpt>
      <trkpt lat="51.332926" lon="7.362249">
        <ele>190.492785</ele>
        <time>2026-03-07T14:13:42.731Z</time>
      </trkpt>
      <trkpt lat="51.332848" lon="7.362145">
        <ele>190.660698</ele>
        <time>2026-03-07T14:13:48.743Z</time>
      </trkpt>
      <trkpt lat="51.332877" lon="7.361992">
        <ele>190.825925</ele>
        <time>2026-03-07T14:13:55.750Z</time>
      </trkpt>
      <trkpt lat="51.332947" lon="7.361874">
        <ele>190.994076</ele>
        <time>2026-03-07T14:14:04.713Z</time>
      </trkpt>
      <trkpt lat="51.333007" lon="7.361764">
        <ele>191.144975</ele>
        <time>2026-03-07T14:14:10.710Z</time>
      </trkpt>
      <trkpt lat="51.333063" lon="7.361648">
        <ele>191.296465</ele>
        <time>2026-03-07T14:14:19.801Z</time>
      </trkpt>
      <trkpt lat="51.333044" lon="7.361499">
        <ele>191.453616</ele>
        <time>2026-03-07T14:14:27.785Z</time>
      </trkpt>
      <trkpt lat="51.333081" lon="7.361347">
        <ele>191.622194</ele>
        <time>2026-03-07T14:14:35.774Z</time>
      </trkpt>
      <trkpt lat="51.333066" lon="7.361199">
        <ele>191.777137</ele>
        <time>2026-03-07T14:14:42.755Z</time>
      </trkpt>
      <trkpt lat="51.333016" lon="7.361062">
        <ele>191.941098</ele>
        <time>2026-03-07T14:14:49.781Z</time>
      </trkpt>
      <trkpt lat="51.332917" lon="7.360999">
        <ele>192.158101</ele>
        <time>2026-03-07T14:14:59.768Z</time>
      </trkpt>
      <trkpt lat="51.332836" lon="7.360928">
        <ele>192.346633</ele>
        <time>2026-03-07T14:15:07.784Z</time>
      </trkpt>
      <trkpt lat="51.332772" lon="7.360799">
        <ele>192.556736</ele>
        <time>2026-03-07T14:15:14.745Z</time>
      </trkpt>
      <trkpt lat="51.332692" lon="7.360700">
        <ele>192.763176</ele>
        <time>2026-03-07T14:15:22.812Z</time>
      </trkpt>
      <trkpt lat="51.332628" lon="7.360597">
        <ele>192.948460</ele>
        <time>2026-03-07T14:15:29.830Z</time>
      </trkpt>
      <trkpt lat="51.332551" lon="7.360523">
        <ele>193.131813</ele>
        <time>2026-03-07T14:15:37.777Z</time>
      </trkpt>
      <trkpt lat="51.332481" lon="7.360407">
        <ele>193.337514</ele>
        <time>2026-03-07T14:15:45.813Z</time>
      </trkpt>
      <trkpt lat="51.332400" lon="7.360306">
        <ele>193.547131</ele>
        <time>2026-03-07T14:15:55.801Z</time>
      </trkpt>
      <trkpt lat="51.332337" lon="7.360187">
        <ele>193.746078</ele>
        <time>2026-03-07T14:16:03.754Z</time>
      </trkpt>
      <trkpt lat="51.332273" lon="7.360074">
        <ele>193.940614</ele>
        <time>2026-03-07T14:16:10.775Z</time>
      </trkpt>
      <trkpt lat="51.332196" lon="7.359998">
        <ele>194.125294</ele>
        <time>2026-03-07T14:16:17.795Z</time>
      </trkpt>
      <trkpt lat="51.332116" lon="7.359926">
        <ele>194.312661</ele>
        <time>2026-03-07T14:16:24.814Z</time>
      </trkpt>
      <trkpt lat="51.332034" lon="7.359832">
        <ele>194.518569</ele>
        <time>2026-03-07T14:16:31.843Z</time>
      </trkpt>
      <trkpt lat="51.331944" lon="7.359754">
        <ele>194.727508</ele>
        <time>2026-03-07T14:16:39.786Z</time>
      </trkpt>
      <trkpt lat="51.331917" lon="7.359616">
        <ele>194.911958</ele>
        <time>2026-03-07T14:16:45.812Z</time>
      </trkpt>
      <trkpt lat="51.331850" lon="7.359515">
        <ele>195.099853</ele>
        <time>2026-03-07T14:16:52.806Z</time>
      </trkpt>
      <trkpt lat="51.331762" lon="7.359426">
        <ele>195.312364</ele>
        <time>2026-03-07T14:17:02.774Z</time>
      </trkpt>
      <trkpt lat="51.331687" lon="7.359334">
        <ele>195.505271</ele>
        <time>2026-03-07T14:17:09.787Z</time>
      </trkpt>
      <trkpt lat="51.331659" lon="7.359191">
        <ele>195.633045</ele>
        <time>2026-03-07T14:17:17.786Z</time>
      </trkpt>
      <trkpt lat="51.331614" lon="7.359062">
        <ele>195.674727</ele>
        <time>2026-03-07T14:17:24.788Z</time>
      </trkpt>
      <trkpt lat="51.331540" lon="7.358940">
        <ele>195.722699</ele>
        <time>2026-03-07T14:17:31.808Z</time>
      </trkpt>
      <trkpt lat="51.331514" lon="7.358795">
        <ele>195.765259</ele>
        <time>2026-03-07T14:17:39.805Z</time>
      </trkpt>
      <trkpt lat="51.331477" lon="7.358640">
        <ele>195.812072</ele>
        <time>2026-03-07T14:17:47.734Z</time>
      </trkpt>
      <trkpt lat="51.331442" lon="7.358502">
        <ele>195.854091</ele>
        <time>2026-03-07T14:17:55.730Z</time>
      </trkpt>
      <trkpt lat="51.331409" lon="7.358343">
        <ele>195.901360</ele>
        <time>2026-03-07T14:18:03.703Z</time>
      </trkpt>
      <trkpt lat="51.331371" lon="7.358199">
        <ele>195.945461</ele>
        <time>2026-03-07T14:18:12.729Z</time>
      </trkpt>
      <trkpt lat="51.331322" lon="7.358065">
        <ele>195.989265</ele>
        <time>2026-03-07T14:18:18.723Z</time>
      </trkpt>
      <trkpt lat="51.331275" lon="7.357915">
        <ele>196.036608</ele>
        <time>2026-03-07T14:18:27.701Z</time>
      </trkpt>
      <trkpt lat="51.331247" lon="7.357773">
        <ele>196.078619</ele>
        <time>2026-03-07T14:18:32.770Z</time>
      </trkpt>
      <trkpt lat="51.331207" lon="7.357643">
        <ele>196.119502</ele>
        <time>2026-03-07T14:18:40.741Z</time>
      </trkpt>
      <trkpt lat="51.331195" lon="7.357483">
        <ele>196.164967</ele>
        <time>2026-03-07T14:18:49.722Z</time>
      </trkpt>
      <trkpt lat="51.331141" lon="7.357352">
        <ele>196.209245</ele>
        <time>2026-03-07T14:18:56.803Z</time>
      </trkpt>
      <trkpt lat="51.331134" lon="7.357206">
        <ele>196.250557</ele>
        <time>2026-03-07T14:19:03.737Z</time>
      </trkpt>
      <trkpt lat="51.331106" lon="7.357066">
        <ele>196.292030</ele>
        <time>2026-03-07T14:19:11.786Z</time>
      </trkpt>
      <trkpt lat="51.331018" lon="7.356988">
        <ele>196.337453</ele>
        <time>2026-03-07T14:19:17.726Z</time>
      </trkpt>
      <trkpt lat="51.331029" lon="7.356841">
        <ele>196.379223</ele>
        <time>2026-03-07T14:19:24.751Z</time>
      </trkpt>
      <trkpt lat="51.330991" lon="7.356681">
        <ele>196.427300</ele>
        <time>2026-03-07T14:19:32.790Z</time>
      </trkpt>
      <trkpt lat="51.330967" lon="7.356532">
        <ele>196.440068</ele>
        <time>2026-03-07T14:19:40.756Z</time>
      </trkpt>
      <trkpt lat="51.330934" lon="7.356391">
        <ele>196.452562</ele>
        <time>2026-03-07T14:19:47.834Z</time>
      </trkpt>
      <trkpt lat="51.330872" lon="7.356258">
        <ele>196.466331</ele>
        <time>2026-03-07T14:19:55.782Z</time>
      </trkpt>
      <trkpt lat="51.330809" lon="7.356129">
        <ele>196.479917</ele>
        <time>2026-03-07T14:20:05.786Z</time>
      </trkpt>
      <trkpt lat="51.330752" lon="7.355998">
        <ele>196.493164</ele>
        <time>2026-03-07T14:20:12.739Z</time>
      </trkpt>
      <trkpt lat="51.330713" lon="7.355858">
        <ele>196.505883</ele>
        <time>2026-03-07T14:20:20.790Z</time>
      </trkpt>
      <trkpt lat="51.330664" lon="7.355737">
        <ele>196.517848</ele>
        <time>2026-03-07T14:20:27.749Z</time>
      </trkpt>
      <trkpt lat="51.330625" lon="7.355596">
        <ele>196.530643</ele>
        <time>2026-03-07T14:20:34.759Z</time>
      </trkpt>
      <trkpt lat="51.330577" lon="7.355449">
        <ele>196.544406</ele>
        <time>2026-03-07T14:20:42.819Z</time>
      </trkpt>
      <trkpt lat="51.330510" lon="7.355335">
        <ele>196.557393</ele>
        <time>2026-03-07T14:20:51.806Z</time>
      </trkpt>
      <trkpt lat="51.330480" lon="7.355183">
        <ele>196.570620</ele>
        <time>2026-03-07T14:21:00.789Z</time>
      </trkpt>
      <trkpt lat="51.330437" lon="7.355050">
        <ele>196.583046</ele>
        <time>2026-03-07T14:21:08.751Z</time>
      </trkpt>
      <trkpt lat="51.330425" lon="7.354902">
        <ele>196.595430</ele>
        <time>2026-03-07T14:21:13.830Z</time>
      </trkpt>
      <trkpt lat="51.330372" lon="7.354780">
        <ele>196.607760</ele>
        <time>2026-03-07T14:21:20.816Z</time>
      </trkpt>
      <trkpt lat="51.330334" lon="7.354648">
        <ele>196.619820</ele>
        <time>2026-03-07T14:21:27.837Z</time>
      </trkpt>
      <trkpt lat="51.330303" lon="7.354498">
        <ele>196.632930</ele>
        <time>2026-03-07T14:21:38.803Z</time>
      </trkpt>
      <trkpt lat="51.330252" lon="7.354371">
        <ele>196.645457</ele>
        <time>2026-03-07T14:21:45.809Z</time>
      </trkpt>
      <trkpt lat="51.330192" lon="7.354242">
        <ele>196.658802</ele>
        <time>2026-03-07T14:21:52.730Z</time>
      </trkpt>
      <trkpt lat="51.330168" lon="7.354100">
        <ele>196.676149</ele>
        <time>2026-03-07T14:22:00.723Z</time>
      </trkpt>
      <trkpt lat="51.330100" lon="7.353966">
        <ele>196.705405</ele>
        <time>2026-03-07T14:22:08.786Z</time>
      </trkpt>
      <trkpt lat="51.330044" lon="7.353843">
        <ele>196.731197</ele>
        <time>2026-03-07T14:22:16.703Z</time>
      </trkpt>
      <trkpt lat="51.330000" lon="7.353699">
        <ele>196.758364</ele>
        <time>2026-03-07T14:22:23.784Z</time>
      </trkpt>
      <trkpt lat="51.329937" lon="7.353586">
        <ele>196.784030</ele>
        <time>2026-03-07T14:22:30.759Z</time>
      </trkpt>
      <trkpt lat="51.329906" lon="7.353433">
        <ele>196.811289</ele>
        <time>2026-03-07T14:22:37.755Z</time>
      </trkpt>
      <trkpt lat="51.329850" lon="7.353314">
        <ele>196.836537</ele>
        <time>2026-03-07T14:22:47.786Z</time>
      </trkpt>
      <trkpt lat="51.329802" lon="7.353175">
        <ele>196.863452</ele>
        <time>2026-03-07T14:22:55.759Z</time>
      </trkpt>
      <trkpt lat="51.329751" lon="7.353055">
        <ele>196.888048</ele>
        <time>2026-03-07T14:23:02.746Z</time>
      </trkpt>
      <trkpt lat="51.329694" lon="7.352941">
        <ele>196.912793</ele>
        <time>2026-03-07T14:23:10.769Z</time>
      </trkpt>
      <trkpt lat="51.329651" lon="7.352784">
        <ele>196.941845</ele>
        <time>2026-03-07T14:23:17.747Z</time>
      </trkpt>
      <trkpt lat="51.329609" lon="7.352649">
        <ele>196.967404</ele>
        <time>2026-03-07T14:23:24.780Z</time>
      </trkpt>
      <trkpt lat="51.329529" lon="7.352553">
        <ele>196.994525</ele>
        <time>2026-03-07T14:23:33.775Z</time>
      </trkpt>
      <trkpt lat="51.329498" lon="7.352402">
        <ele>197.021462</ele>
        <time>2026-03-07T14:23:40.721Z</time>
      </trkpt>
      <trkpt lat="51.329443" lon="7.352271">
        <ele>197.048210</ele>
        <time>2026-03-07T14:23:48.795Z</time>
      </trkpt>
      <trkpt lat="51.329396" lon="7.352134">
        <ele>197.074698</ele>
        <time>2026-03-07T14:23:57.795Z</time>
      </trkpt>
      <trkpt lat="51.329386" lon="7.351982">
        <ele>197.100601</ele>
        <time>2026-03-07T14:24:05.822Z</time>
      </trkpt>
      <trkpt lat="51.329344" lon="7.351839">
        <ele>197.127380</ele>
        <time>2026-03-07T14:24:11.825Z</time>
      </trkpt>
      <trkpt lat="51.329289" lon="7.351719">
        <ele>197.152603</ele>
        <time>2026-03-07T14:24:22.796Z</time>
      </trkpt>
      <trkpt lat="51.329228" lon="7.351599">
        <ele>197.334276</ele>
        <time>2026-03-07T14:24:28.799Z</time>
      </trkpt>
      <trkpt lat="51.329193" lon="7.351458">
        <ele>197.520595</ele>
        <time>2026-03-07T14:24:35.804Z</time>
      </trkpt>
      <trkpt lat="51.329141" lon="7.351319">
        <ele>197.719550</ele>
        <time>2026-03-07T14:24:43.769Z</time>
      </trkpt>
      <trkpt lat="51.329098" lon="7.351178">
        <ele>197.912229</ele>
        <time>2026-03-07T14:24:50.804Z</time>
      </trkpt>
      <trkpt lat="51.329070" lon="7.351036">
        <ele>198.095090</ele>
        <time>2026-03-07T14:24:59.806Z</time>
      </trkpt>
      <trkpt lat="51.329001" lon="7.350924">
        <ele>198.288244</ele>
        <time>2026-03-07T14:25:08.790Z</time>
      </trkpt>
      <trkpt lat="51.328936" lon="7.350823">
        <ele>198.466301</ele>
        <time>2026-03-07T14:25:15.764Z</time>
      </trkpt>
      <trkpt lat="51.328887" lon="7.350685">
        <ele>198.661225</ele>
        <time>2026-03-07T14:25:22.802Z</time>
      </trkpt>
      <trkpt lat="51.328871" lon="7.350537">
        <ele>198.845679</ele>
        <time>2026-03-07T14:25:29.798Z</time>
      </trkpt>
      <trkpt lat="51.328808" lon="7.350423">
        <ele>199.032577</ele>
        <time>2026-03-07T14:25:37.803Z</time>
      </trkpt>
      <trkpt lat="51.328764" lon="7.350285">
        <ele>199.222838</ele>
        <time>2026-03-07T14:25:46.788Z</time>
      </trkpt>
      <trkpt lat="51.328712" lon="7.350166">
        <ele>199.401168</ele>
        <time>2026-03-07T14:26:12.714Z</time>
      </trkpt>
      <trkpt lat="51.328648" lon="7.350057">
        <ele>199.584853</ele>
        <time>2026-03-07T14:26:20.721Z</time>
      </trkpt>
      <trkpt lat="51.328575" lon="7.349941">
        <ele>199.787036</ele>
        <time>2026-03-07T14:26:28.774Z</time>
      </trkpt>
      <trkpt lat="51.328483" lon="7.349931">
        <ele>199.968268</ele>
        <time>2026-03-07T14:26:33.837Z</time>
      </trkpt>
      <trkpt lat="51.328387" lon="7.349947">
        <ele>200.157964</ele>
        <time>2026-03-07T14:26:42.812Z</time>
      </trkpt>
      <trkpt lat="51.328340" lon="7.349803">
        <ele>200.357479</ele>
        <time>2026-03-07T14:26:51.740Z</time>
      </trkpt>
      <trkpt lat="51.328297" lon="7.349666">
        <ele>200.545758</ele>
        <time>2026-03-07T14:26:59.727Z</time>
      </trkpt>
      <trkpt lat="51.328278" lon="7.349520">
        <ele>200.725491</ele>
        <time>2026-03-07T14:27:08.707Z</time>
      </trkpt>
      <trkpt lat="51.328229" lon="7.349398">
        <ele>200.888381</ele>
        <time>2026-03-07T14:27:15.777Z</time>
      </trkpt>
      <trkpt lat="51.328189" lon="7.349258">
        <ele>201.061281</ele>
        <time>2026-03-07T14:27:22.797Z</time>
      </trkpt>
      <trkpt lat="51.328171" lon="7.349100">
        <ele>201.241665</ele>
        <time>2026-03-07T14:27:31.772Z</time>
      </trkpt>
      <trkpt lat="51.328125" lon="7.348959">
        <ele>201.420316</ele>
        <time>2026-03-07T14:27:39.817Z</time>
      </trkpt>
      <trkpt lat="51.328105" lon="7.348816">
        <ele>201.584902</ele>
        <time>2026-03-07T14:27:47.766Z</time>
      </trkpt>
      <trkpt lat="51.328067" lon="7.348673">
        <ele>201.759434</ele>
        <time>2026-03-07T14:27:55.846Z</time>
      </trkpt>
      <trkpt lat="51.328013" lon="7.348550">
        <ele>201.928272</ele>
        <time>2026-03-07T14:28:03.801Z</time>
      </trkpt>
      <trkpt lat="51.327938" lon="7.348453">
        <ele>202.101601</ele>
        <time>2026-03-07T14:28:11.778Z</time>
      </trkpt>
      <trkpt lat="51.327862" lon="7.348368">
        <ele>202.268262</ele>
        <time>2026-03-07T14:28:17.804Z</time>
      </trkpt>
      <trkpt lat="51.327794" lon="7.348248">
        <ele>202.450210</ele>
        <time>2026-03-07T14:28:27.807Z</time>
      </trkpt>
      <trkpt lat="51.327725" lon="7.348130">
        <ele>202.631724</ele>
        <time>2026-03-07T14:28:36.800Z</time>
      </trkpt>
      <trkpt lat="51.327656" lon="7.348006">
        <ele>202.818215</ele>
        <time>2026-03-07T14:28:45.820Z</time>
      </trkpt>
      <trkpt lat="51.327580" lon="7.347903">
        <ele>202.997226</ele>
        <time>2026-03-07T14:28:53.791Z</time>
      </trkpt>
      <trkpt lat="51.327509" lon="7.347804">
        <ele>203.166492</ele>
        <time>2026-03-07T14:29:01.818Z</time>
      </trkpt>
      <trkpt lat="51.327435" lon="7.347717">
        <ele>203.331539</ele>
        <time>2026-03-07T14:29:07.751Z</time>
      </trkpt>
      <trkpt lat="51.327375" lon="7.347599">
        <ele>203.502409</ele>
        <time>2026-03-07T14:29:16.782Z</time>
      </trkpt>
      <trkpt lat="51.327287" lon="7.347519">
        <ele>203.684326</ele>
        <time>2026-03-07T14:29:28.723Z</time>
      </trkpt>
      <trkpt lat="51.327199" lon="7.347410">
        <ele>203.884346</ele>
        <time>2026-03-07T14:29:36.814Z</time>
      </trkpt>
      <trkpt lat="51.327103" lon="7.347411">
        <ele>203.793798</ele>
        <time>2026-03-07T14:29:46.733Z</time>
      </trkpt>
      <trkpt lat="51.327003" lon="7.347439">
        <ele>203.620575</ele>
        <time>2026-03-07T14:29:55.827Z</time>
      </trkpt>
      <trkpt lat="51.326893" lon="7.347425">
        <ele>203.432290</ele>
        <time>2026-03-07T14:30:05.763Z</time>
      </trkpt>
      <trkpt lat="51.326821" lon="7.347335">
        <ele>203.276400</ele>
        <time>2026-03-07T14:30:12.832Z</time>
      </trkpt>
      <trkpt lat="51.326751" lon="7.347242">
        <ele>203.121163</ele>
        <time>2026-03-07T14:30:20.789Z</time>
      </trkpt>
      <trkpt lat="51.326667" lon="7.347176">
        <ele>202.961490</ele>
        <time>2026-03-07T14:30:27.786Z</time>
      </trkpt>
      <trkpt lat="51.326573" lon="7.347117">
        <ele>202.789202</ele>
        <time>2026-03-07T14:30:36.778Z</time>
      </trkpt>
      <trkpt lat="51.326496" lon="7.347028">
        <ele>202.627131</ele>
        <time>2026-03-07T14:30:45.774Z</time>
      </trkpt>
      <trkpt lat="51.326414" lon="7.346927">
        <ele>202.450570</ele>
        <time>2026-03-07T14:30:51.834Z</time>
      </trkpt>
      <trkpt lat="51.326334" lon="7.346848">
        <ele>202.290169</ele>
        <time>2026-03-07T14:30:59.770Z</time>
      </trkpt>
      <trkpt lat="51.326252" lon="7.346782">
        <ele>202.133552</ele>
        <time>2026-03-07T14:31:08.817Z</time>
      </trkpt>
      <trkpt lat="51.326158" lon="7.346716">
        <ele>201.958400</ele>
        <time>2026-03-07T14:31:15.822Z</time>
      </trkpt>
      <trkpt lat="51.326072" lon="7.346661">
        <ele>201.800374</ele>
        <time>2026-03-07T14:31:22.815Z</time>
      </trkpt>
      <trkpt lat="51.325971" lon="7.346622">
        <ele>201.623092</ele>
        <time>2026-03-07T14:31:32.841Z</time>
      </trkpt>
      <trkpt lat="51.325872" lon="7.346639">
        <ele>201.453198</ele>
        <time>2026-03-07T14:31:38.807Z</time>
      </trkpt>
      <trkpt lat="51.325777" lon="7.346663">
        <ele>201.289092</ele>
        <time>2026-03-07T14:31:44.747Z</time>
      </trkpt>
      <trkpt lat="51.325688" lon="7.346717">
        <ele>201.126683</ele>
        <time>2026-03-07T14:31:54.803Z</time>
      </trkpt>
      <trkpt lat="51.325588" lon="7.346766">
        <ele>200.948233</ele>
        <time>2026-03-07T14:32:04.769Z</time>
      </trkpt>
      <trkpt lat="51.325500" lon="7.346859">
        <ele>200.809411</ele>
        <time>2026-03-07T14:32:13.767Z</time>
      </trkpt>
      <trkpt lat="51.325415" lon="7.346932">
        <ele>200.724806</ele>
        <time>2026-03-07T14:32:21.755Z</time>
      </trkpt>
      <trkpt lat="51.325312" lon="7.346960">
        <ele>200.633176</ele>
        <time>2026-03-07T14:32:26.813Z</time>
      </trkpt>
      <trkpt lat="51.325231" lon="7.347033">
        <ele>200.551645</ele>
        <time>2026-03-07T14:32:32.837Z</time>
      </trkpt>
      <trkpt lat="51.325143" lon="7.347109">
        <ele>200.463943</ele>
        <time>2026-03-07T14:32:41.788Z</time>
      </trkpt>
      <trkpt lat="51.325062" lon="7.347171">
        <ele>200.385194</ele>
        <time>2026-03-07T14:32:51.799Z</time>
      </trkpt>
      <trkpt lat="51.324968" lon="7.347186">
        <ele>200.302344</ele>
        <time>2026-03-07T14:32:58.749Z</time>
      </trkpt>
      <trkpt lat="51.324876" lon="7.347151">
        <ele>200.219407</ele>
        <time>2026-03-07T14:33:05.790Z</time>
      </trkpt>
      <trkpt lat="51.324790" lon="7.347068">
        <ele>200.131326</ele>
        <time>2026-03-07T14:33:12.798Z</time>
      </trkpt>
      <trkpt lat="51.324738" lon="7.346946">
        <ele>200.050390</ele>
        <time>2026-03-07T14:33:25.784Z</time>
      </trkpt>
      <trkpt lat="51.324659" lon="7.346848">
        <ele>199.962723</ele>
        <time>2026-03-07T14:33:29.722Z</time>
      </trkpt>
      <trkpt lat="51.324581" lon="7.346765">
        <ele>199.880570</ele>
        <time>2026-03-07T14:33:37.740Z</time>
      </trkpt>
      <trkpt lat="51.324512" lon="7.346668">
        <ele>199.800019</ele>
        <time>2026-03-07T14:33:44.744Z</time>
      </trkpt>
      <trkpt lat="51.324447" lon="7.346560">
        <ele>199.717840</ele>
        <time>2026-03-07T14:33:51.731Z</time>
      </trkpt>
      <trkpt lat="51.324388" lon="7.346445">
        <ele>199.636291</ele>
        <time>2026-03-07T14:33:58.801Z</time>
      </trkpt>
      <trkpt lat="51.324315" lon="7.346358">
        <ele>199.556462</ele>
        <time>2026-03-07T14:34:06.788Z</time>
      </trkpt>
      <trkpt lat="51.324254" lon="7.346250">
        <ele>199.476676</ele>
        <time>2026-03-07T14:34:12.774Z</time>
      </trkpt>
      <trkpt lat="51.324201" lon="7.346121">
        <ele>199.392063</ele>
        <time>2026-03-07T14:34:21.771Z</time>
      </trkpt>
      <trkpt lat="51.324148" lon="7.345994">
        <ele>199.308364</ele>
        <time>2026-03-07T14:34:29.790Z</time>
      </trkpt>
      <trkpt lat="51.324093" lon="7.345856">
        <ele>199.310198</ele>
        <time>2026-03-07T14:34:37.758Z</time>
      </trkpt>
      <trkpt lat="51.324028" lon="7.345745">
        <ele>199.361278</ele>
        <time>2026-03-07T14:34:44.802Z</time>
      </trkpt>
      <trkpt lat="51.323951" lon="7.345658">
        <ele>199.411928</ele>
        <time>2026-03-07T14:34:52.734Z</time>
      </trkpt>
      <trkpt lat="51.323876" lon="7.345577">
        <ele>199.460548</ele>
        <time>2026-03-07T14:34:58.799Z</time>
      </trkpt>
      <trkpt lat="51.323878" lon="7.345421">
        <ele>199.512942</ele>
        <time>2026-03-07T14:35:05.789Z</time>
      </trkpt>
      <trkpt lat="51.323846" lon="7.345282">
        <ele>199.562684</ele>
        <time>2026-03-07T14:35:12.806Z</time>
      </trkpt>
      <trkpt lat="51.323835" lon="7.345139">
        <ele>199.611065</ele>
        <time>2026-03-07T14:35:19.806Z</time>
      </trkpt>
      <trkpt lat="51.323836" lon="7.344988">
        <ele>199.661773</ele>
        <time>2026-03-07T14:35:27.774Z</time>
      </trkpt>
      <trkpt lat="51.323841" lon="7.344827">
        <ele>199.715902</ele>
        <time>2026-03-07T14:35:35.749Z</time>
      </trkpt>
      <trkpt lat="51.323848" lon="7.344668">
        <ele>199.769426</ele>
        <time>2026-03-07T14:35:42.817Z</time>
      </trkpt>
      <trkpt lat="51.323866" lon="7.344503">
        <ele>199.825669</ele>
        <time>2026-03-07T14:35:51.803Z</time>
      </trkpt>
      <trkpt lat="51.323887" lon="7.344359">
        <ele>199.875323</ele>
        <time>2026-03-07T14:35:58.800Z</time>
      </trkpt>
      <trkpt lat="51.323891" lon="7.344210">
        <ele>199.925402</ele>
        <time>2026-03-07T14:36:06.838Z</time>
      </trkpt>
      <trkpt lat="51.323894" lon="7.344046">
        <ele>199.980496</ele>
        <time>2026-03-07T14:36:14.789Z</time>
      </trkpt>
      <trkpt lat="51.323900" lon="7.343902">
        <ele>200.028957</ele>
        <time>2026-03-07T14:36:22.720Z</time>
      </trkpt>
      <trkpt lat="51.323877" lon="7.343744">
        <ele>200.083433</ele>
        <time>2026-03-07T14:36:30.744Z</time>
      </trkpt>
      <trkpt lat="51.323835" lon="7.343616">
        <ele>200.131979</ele>
        <time>2026-03-07T14:36:41.768Z</time>
      </trkpt>
      <trkpt lat="51.323806" lon="7.343473">
        <ele>200.182463</ele>
        <time>2026-03-07T14:36:50.733Z</time>
      </trkpt>
      <trkpt lat="51.323796" lon="7.343315">
        <ele>200.235790</ele>
        <time>2026-03-07T14:36:56.766Z</time>
      </trkpt>
      <trkpt lat="51.323780" lon="7.343158">
        <ele>200.680490</ele>
        <time>2026-03-07T14:37:06.721Z</time>
      </trkpt>
      <trkpt lat="51.323735" lon="7.343020">
        <ele>201.165123</ele>
        <time>2026-03-07T14:37:13.732Z</time>
      </trkpt>
      <trkpt lat="51.323731" lon="7.342869">
        <ele>201.635677</ele>
        <time>2026-03-07T14:37:20.755Z</time>
      </trkpt>
      <trkpt lat="51.323680" lon="7.342749">
        <ele>202.087508</ele>
        <time>2026-03-07T14:37:28.758Z</time>
      </trkpt>
      <trkpt lat="51.323591" lon="7.342689">
        <ele>202.568665</ele>
        <time>2026-03-07T14:37:38.719Z</time>
      </trkpt>
      <trkpt lat="51.323513" lon="7.342599">
        <ele>203.047765</ele>
        <time>2026-03-07T14:37:46.745Z</time>
      </trkpt>
      <trkpt lat="51.323440" lon="7.342513">
        <ele>203.499397</ele>
        <time>2026-03-07T14:37:53.751Z</time>
      </trkpt>
      <trkpt lat="51.323348" lon="7.342452">
        <ele>203.995547</ele>
        <time>2026-03-07T14:38:03.771Z</time>
      </trkpt>
      <trkpt lat="51.323204" lon="7.342251">
        <ele>204.947571</ele>
        <time>2026-03-07T14:38:35.741Z</time>
      </trkpt>
      <trkpt lat="51.323139" lon="7.342150">
        <ele>205.398969</ele>
        <time>2026-03-07T14:38:42.772Z</time>
      </trkpt>
      <trkpt lat="51.323049" lon="7.342070">
        <ele>205.911901</ele>
        <time>2026-03-07T14:38:52.778Z</time>
      </trkpt>
      <trkpt lat="51.322971" lon="7.341970">
        <ele>206.409854</ele>
        <time>2026-03-07T14:39:00.825Z</time>
      </trkpt>
      <trkpt lat="51.322889" lon="7.341900">
        <ele>206.872891</ele>
        <time>2026-03-07T14:39:11.776Z</time>
      </trkpt>
      <trkpt lat="51.322817" lon="7.341993">
        <ele>207.333891</ele>
        <time>2026-03-07T14:39:27.748Z</time>
      </trkpt>
      <trkpt lat="51.322846" lon="7.341854">
        <ele>207.790151</ele>
        <time>2026-03-07T14:40:08.731Z</time>
      </trkpt>
      <trkpt lat="51.323080" lon="7.341801">
        <ele>208.967601</ele>
        <time>2026-03-07T14:41:00.771Z</time>
      </trkpt>
      <trkpt lat="51.323129" lon="7.341667">
        <ele>209.203058</ele>
        <time>2026-03-07T14:41:08.778Z</time>
      </trkpt>
      <trkpt lat="51.323201" lon="7.341529">
        <ele>209.203058</ele>
        <time>2026-03-07T14:41:18.807Z</time>
      </trkpt>
      <trkpt lat="51.323272" lon="7.341399">
        <ele>209.203058</ele>
        <time>2026-03-07T14:41:27.764Z</time>
      </trkpt>
      <trkpt lat="51.323362" lon="7.341394">
        <ele>209.203058</ele>
        <time>2026-03-07T14:41:36.730Z</time>
      </trkpt>
      <trkpt lat="51.323407" lon="7.341264">
        <ele>209.203058</ele>
        <time>2026-03-07T14:41:44.762Z</time>
      </trkpt>
      <trkpt lat="51.323492" lon="7.341212">
        <ele>209.203058</ele>
        <time>2026-03-07T14:41:53.793Z</time>
      </trkpt>
      <trkpt lat="51.323566" lon="7.341094">
        <ele>209.203058</ele>
        <time>2026-03-07T14:42:04.805Z</time>
      </trkpt>
      <trkpt lat="51.323650" lon="7.341008">
        <ele>209.203058</ele>
        <time>2026-03-07T14:42:12.812Z</time>
      </trkpt>
      <trkpt lat="51.323717" lon="7.340894">
        <ele>209.203058</ele>
        <time>2026-03-07T14:42:23.728Z</time>
      </trkpt>
      <trkpt lat="51.323803" lon="7.340818">
        <ele>209.203058</ele>
        <time>2026-03-07T14:42:34.745Z</time>
      </trkpt>
      <trkpt lat="51.323853" lon="7.340696">
        <ele>209.203058</ele>
        <time>2026-03-07T14:42:43.736Z</time>
      </trkpt>
      <trkpt lat="51.323939" lon="7.340624">
        <ele>209.203058</ele>
        <time>2026-03-07T14:42:51.729Z</time>
      </trkpt>
      <trkpt lat="51.324021" lon="7.340559">
        <ele>209.203058</ele>
        <time>2026-03-07T14:42:58.735Z</time>
      </trkpt>
      <trkpt lat="51.324107" lon="7.340488">
        <ele>209.203058</ele>
        <time>2026-03-07T14:43:06.744Z</time>
      </trkpt>
      <trkpt lat="51.324184" lon="7.340402">
        <ele>209.203058</ele>
        <time>2026-03-07T14:43:15.750Z</time>
      </trkpt>
      <trkpt lat="51.324274" lon="7.340403">
        <ele>209.203058</ele>
        <time>2026-03-07T14:43:25.820Z</time>
      </trkpt>
    </trkseg>
  </trk>
</gpx>